model_type,feature_set,features,n_features_before_encoding,validation_size,architecture,hidden_layers,hidden_nodes,learning_rate,epochs,train_rows,validation_rows,test_rows,train_seconds,validation_r2,validation_mae,validation_rmse,test_r2,test_mae,test_rmse
NeuralNetwork_MLP,lr_basis,"Overall Qual, Gr Liv Area, Neighborhood",3,0.15,1x32,1,"(32,)",0.01,300,1992,352,586,0.20071312499931082,0.8268417235398605,18926.37694890154,27770.537962718197,0.8814531870193799,20901.747981031822,30829.446234541418
NeuralNetwork_MLP,lr_basis,"Overall Qual, Gr Liv Area, Neighborhood",3,0.15,1x32,1,"(32,)",0.01,800,1992,352,586,0.20606633300485555,0.8268417235398605,18926.37694890154,27770.537962718197,0.8814531870193799,20901.747981031822,30829.446234541418
NeuralNetwork_MLP,lr_basis,"Overall Qual, Gr Liv Area, Neighborhood",3,0.15,1x32,1,"(32,)",0.001,300,1992,352,586,0.665774875000352,0.8298604779211637,19209.23056070344,27527.40483621401,0.8803305112314492,21234.25423000832,30975.084536915852
NeuralNetwork_MLP,lr_basis,"Overall Qual, Gr Liv Area, Neighborhood",3,0.15,1x32,1,"(32,)",0.001,800,1992,352,586,0.6601580840069801,0.8298604779211637,19209.23056070344,27527.40483621401,0.8803305112314492,21234.25423000832,30975.084536915852
NeuralNetwork_MLP,lr_basis,"Overall Qual, Gr Liv Area, Neighborhood",3,0.15,1x32,1,"(32,)",0.0003,300,1992,352,586,0.9546500830037985,0.833381330781541,18870.021821506587,27241.090961799,0.8787726822428682,21272.85601444042,31176.045782831246
NeuralNetwork_MLP,lr_basis,"Overall Qual, Gr Liv Area, Neighborhood",3,0.15,1x32,1,"(32,)",0.0003,800,1992,352,586,1.023231749990373,0.833410956157798,18761.860106232485,27238.669073995414,0.878992577403469,21191.057065285404,31147.75771485481
NeuralNetwork_MLP,lr_basis,"Overall Qual, Gr Liv Area, Neighborhood",3,0.15,1x64,1,"(64,)",0.01,300,1992,352,586,0.2854673330002697,0.8188820156518507,19504.254051508484,28401.642322262032,0.8687257134193894,22295.32031783305,32442.22379485979
NeuralNetwork_MLP,lr_basis,"Overall Qual, Gr Liv Area, Neighborhood",3,0.15,1x64,1,"(64,)",0.01,800,1992,352,586,0.28721395900356583,0.8188820156518507,19504.254051508484,28401.642322262032,0.8687257134193894,22295.32031783305,32442.22379485979
NeuralNetwork_MLP,lr_basis,"Overall Qual, Gr Liv Area, Neighborhood",3,0.15,1x64,1,"(64,)",0.001,300,1992,352,586,0.752169875006075,0.8298243871754097,19370.998237893305,27530.324298656004,0.8793279143417699,21265.1929274364,31104.569289534724
NeuralNetwork_MLP,lr_basis,"Overall Qual, Gr Liv Area, Neighborhood",3,0.15,1x64,1,"(64,)",0.001,800,1992,352,586,0.7531332090002252,0.8298243871754097,19370.998237893305,27530.324298656004,0.8793279143417699,21265.1929274364,31104.569289534724
NeuralNetwork_MLP,lr_basis,"Overall Qual, Gr Liv Area, Neighborhood",3,0.15,1x64,1,"(64,)",0.0003,300,1992,352,586,1.092949249999947,0.8401135833356199,18647.00638932657,26685.076386904348,0.8829670701734136,20806.87649298257,30631.96246372768
NeuralNetwork_MLP,lr_basis,"Overall Qual, Gr Liv Area, Neighborhood",3,0.15,1x64,1,"(64,)",0.0003,800,1992,352,586,1.23432791599771,0.8376697308198987,18897.30428083497,26888.242733296545,0.8832807246597383,20834.678668022098,30590.88727875294
NeuralNetwork_MLP,lr_basis,"Overall Qual, Gr Liv Area, Neighborhood",3,0.15,2x64_32,2,"(64, 32)",0.01,300,1992,352,586,0.3199728749896167,0.7991069261672274,20998.37629768209,29911.979024756965,0.8641720789730976,22796.56483282337,33000.10404815028
NeuralNetwork_MLP,lr_basis,"Overall Qual, Gr Liv Area, Neighborhood",3,0.15,2x64_32,2,"(64, 32)",0.01,800,1992,352,586,0.31810283300001174,0.7991069261672274,20998.37629768209,29911.979024756965,0.8641720789730976,22796.56483282337,33000.10404815028
NeuralNetwork_MLP,lr_basis,"Overall Qual, Gr Liv Area, Neighborhood",3,0.15,2x64_32,2,"(64, 32)",0.001,300,1992,352,586,0.4547872920084046,0.815334526281783,19929.690949644977,28678.439620154855,0.8686524223717279,21609.28410629272,32451.27885374164
NeuralNetwork_MLP,lr_basis,"Overall Qual, Gr Liv Area, Neighborhood",3,0.15,2x64_32,2,"(64, 32)",0.001,800,1992,352,586,0.4637280409951927,0.815334526281783,19929.690949644977,28678.439620154855,0.8686524223717279,21609.28410629272,32451.27885374164
NeuralNetwork_MLP,lr_basis,"Overall Qual, Gr Liv Area, Neighborhood",3,0.15,2x64_32,2,"(64, 32)",0.0003,300,1992,352,586,1.3028485830000136,0.8140741835150913,19864.745007615107,28776.13845062223,0.8748491932810333,21511.260779570548,31676.53060960257
NeuralNetwork_MLP,lr_basis,"Overall Qual, Gr Liv Area, Neighborhood",3,0.15,2x64_32,2,"(64, 32)",0.0003,800,1992,352,586,1.3018771250062855,0.8140741835150913,19864.745007615107,28776.13845062223,0.8748491932810333,21511.260779570548,31676.53060960257
NeuralNetwork_MLP,lr_basis,"Overall Qual, Gr Liv Area, Neighborhood",3,0.15,2x128_64,2,"(128, 64)",0.01,300,1992,352,586,0.6334827499958919,0.803197926573464,20900.91098078625,29605.84768697528,0.8535844524439128,22722.661064849828,34262.131725288695
NeuralNetwork_MLP,lr_basis,"Overall Qual, Gr Liv Area, Neighborhood",3,0.15,2x128_64,2,"(128, 64)",0.01,800,1992,352,586,0.6539842919883085,0.803197926573464,20900.91098078625,29605.84768697528,0.8535844524439128,22722.661064849828,34262.131725288695
NeuralNetwork_MLP,lr_basis,"Overall Qual, Gr Liv Area, Neighborhood",3,0.15,2x128_64,2,"(128, 64)",0.001,300,1992,352,586,0.9722394999989774,0.8030183587114172,20421.009115374964,29619.351220136377,0.8649613481178717,21678.490655750767,32904.085825169655
NeuralNetwork_MLP,lr_basis,"Overall Qual, Gr Liv Area, Neighborhood",3,0.15,2x128_64,2,"(128, 64)",0.001,800,1992,352,586,0.9505103749979753,0.8030183587114172,20421.009115374964,29619.351220136377,0.8649613481178717,21678.490655750767,32904.085825169655
NeuralNetwork_MLP,lr_basis,"Overall Qual, Gr Liv Area, Neighborhood",3,0.15,2x128_64,2,"(128, 64)",0.0003,300,1992,352,586,1.3364145419909619,0.8155811838586117,19912.43692220582,28659.280331840626,0.8738494504729859,21510.775791267766,31802.799834970327
NeuralNetwork_MLP,lr_basis,"Overall Qual, Gr Liv Area, Neighborhood",3,0.15,2x128_64,2,"(128, 64)",0.0003,800,1992,352,586,1.3361679579975316,0.8155811838586117,19912.43692220582,28659.280331840626,0.8738494504729859,21510.775791267766,31802.799834970327
NeuralNetwork_MLP,lr_basis,"Overall Qual, Gr Liv Area, Neighborhood",3,0.15,3x128_64_32,3,"(128, 64, 32)",0.01,300,1992,352,586,0.28525762500066776,0.8068469546439648,20242.387518925334,29330.093374502096,0.8643661621694196,22419.055128778957,32976.5188559928
NeuralNetwork_MLP,lr_basis,"Overall Qual, Gr Liv Area, Neighborhood",3,0.15,3x128_64_32,3,"(128, 64, 32)",0.01,800,1992,352,586,0.28554816701216623,0.8068469546439648,20242.387518925334,29330.093374502096,0.8643661621694196,22419.055128778957,32976.5188559928
NeuralNetwork_MLP,lr_basis,"Overall Qual, Gr Liv Area, Neighborhood",3,0.15,3x128_64_32,3,"(128, 64, 32)",0.001,300,1992,352,586,0.820635416006553,0.8043774516924214,20628.320570558033,29516.993636932675,0.8694743880108023,21702.96809854396,32349.580373390636
NeuralNetwork_MLP,lr_basis,"Overall Qual, Gr Liv Area, Neighborhood",3,0.15,3x128_64_32,3,"(128, 64, 32)",0.001,800,1992,352,586,0.8191661250020843,0.8043774516924214,20628.320570558033,29516.993636932675,0.8694743880108023,21702.96809854396,32349.580373390636
NeuralNetwork_MLP,lr_basis,"Overall Qual, Gr Liv Area, Neighborhood",3,0.15,3x128_64_32,3,"(128, 64, 32)",0.0003,300,1992,352,586,1.955638416999136,0.7890019561459307,20721.277708767422,30655.039507034053,0.868399618974605,21677.89614493663,32482.49317088866
NeuralNetwork_MLP,lr_basis,"Overall Qual, Gr Liv Area, Neighborhood",3,0.15,3x128_64_32,3,"(128, 64, 32)",0.0003,800,1992,352,586,1.923742291997769,0.7890019561459307,20721.277708767422,30655.039507034053,0.868399618974605,21677.89614493663,32482.49317088866
NeuralNetwork_MLP,lr_basis,"Overall Qual, Gr Liv Area, Neighborhood",3,0.2,1x32,1,"(32,)",0.01,300,1875,469,586,0.2466368750028778,0.8429271050147801,19301.554853716116,27617.915474820278,0.8707793293626871,21493.264189893143,32187.465269864002
NeuralNetwork_MLP,lr_basis,"Overall Qual, Gr Liv Area, Neighborhood",3,0.2,1x32,1,"(32,)",0.01,800,1875,469,586,0.24773962498875335,0.8429271050147801,19301.554853716116,27617.915474820278,0.8707793293626871,21493.264189893143,32187.465269864002
NeuralNetwork_MLP,lr_basis,"Overall Qual, Gr Liv Area, Neighborhood",3,0.2,1x32,1,"(32,)",0.001,300,1875,469,586,0.5367068749910686,0.848358198002194,19016.57483025399,27136.244292727595,0.8807189535904324,20926.301510452904,30924.77173460689
NeuralNetwork_MLP,lr_basis,"Overall Qual, Gr Liv Area, Neighborhood",3,0.2,1x32,1,"(32,)",0.001,800,1875,469,586,0.5387990000017453,0.848358198002194,19016.57483025399,27136.244292727595,0.8807189535904324,20926.301510452904,30924.77173460689
NeuralNetwork_MLP,lr_basis,"Overall Qual, Gr Liv Area, Neighborhood",3,0.2,1x32,1,"(32,)",0.0003,300,1875,469,586,0.9138142079900717,0.8489572985991951,18938.57063840493,27082.58682836782,0.8806410776001603,21046.429727484727,30934.865141490674
NeuralNetwork_MLP,lr_basis,"Overall Qual, Gr Liv Area, Neighborhood",3,0.2,1x32,1,"(32,)",0.0003,800,1875,469,586,0.9004147500090767,0.8492896192133197,18903.77065394033,27052.777186093972,0.8803873728052732,21051.49958041838,30967.72467708151
NeuralNetwork_MLP,lr_basis,"Overall Qual, Gr Liv Area, Neighborhood",3,0.2,1x64,1,"(64,)",0.01,300,1875,469,586,0.2661147920007352,0.8379049618999879,19472.928818380893,28055.959917999142,0.8583707293632814,22032.246774758278,33697.46972325071
NeuralNetwork_MLP,lr_basis,"Overall Qual, Gr Liv Area, Neighborhood",3,0.2,1x64,1,"(64,)",0.01,800,1875,469,586,0.26630858299904503,0.8379049618999879,19472.928818380893,28055.959917999142,0.8583707293632814,22032.246774758278,33697.46972325071
NeuralNetwork_MLP,lr_basis,"Overall Qual, Gr Liv Area, Neighborhood",3,0.2,1x64,1,"(64,)",0.001,300,1875,469,586,0.6571325410041027,0.8430476919929755,19428.749398243413,27607.31211639965,0.8823317803167583,21266.26232908928,30714.989683458694
NeuralNetwork_MLP,lr_basis,"Overall Qual, Gr Liv Area, Neighborhood",3,0.2,1x64,1,"(64,)",0.001,800,1875,469,586,0.6461534999980358,0.8430476919929755,19428.749398243413,27607.31211639965,0.8823317803167583,21266.26232908928,30714.989683458694
NeuralNetwork_MLP,lr_basis,"Overall Qual, Gr Liv Area, Neighborhood",3,0.2,1x64,1,"(64,)",0.0003,300,1875,469,586,0.7081711249920772,0.8518557214980985,18816.495689317122,26821.47846870305,0.8809213810063368,20940.908205319676,30898.5199536806
NeuralNetwork_MLP,lr_basis,"Overall Qual, Gr Liv Area, Neighborhood",3,0.2,1x64,1,"(64,)",0.0003,800,1875,469,586,0.7091302500048187,0.8518557214980985,18816.495689317122,26821.47846870305,0.8809213810063368,20940.908205319676,30898.5199536806
NeuralNetwork_MLP,lr_basis,"Overall Qual, Gr Liv Area, Neighborhood",3,0.2,2x64_32,2,"(64, 32)",0.01,300,1875,469,586,0.3845285830029752,0.7949744912220652,20939.35359052053,31553.258916029758,0.7699083470016949,25330.476725669712,42950.795759982226
NeuralNetwork_MLP,lr_basis,"Overall Qual, Gr Liv Area, Neighborhood",3,0.2,2x64_32,2,"(64, 32)",0.01,800,1875,469,586,0.38325041699863505,0.7949744912220652,20939.35359052053,31553.258916029758,0.7699083470016949,25330.476725669712,42950.795759982226
NeuralNetwork_MLP,lr_basis,"Overall Qual, Gr Liv Area, Neighborhood",3,0.2,2x64_32,2,"(64, 32)",0.001,300,1875,469,586,0.6586493340000743,0.8348661390725156,19842.719766148803,28317.723672141296,0.8686534777781941,21726.378595084294,32451.148476924045
NeuralNetwork_MLP,lr_basis,"Overall Qual, Gr Liv Area, Neighborhood",3,0.2,2x64_32,2,"(64, 32)",0.001,800,1875,469,586,0.6562956249981653,0.8348661390725156,19842.719766148803,28317.723672141296,0.8686534777781941,21726.378595084294,32451.148476924045
NeuralNetwork_MLP,lr_basis,"Overall Qual, Gr Liv Area, Neighborhood",3,0.2,2x64_32,2,"(64, 32)",0.0003,300,1875,469,586,1.1030299169942737,0.8402032589046154,19264.006907373172,27856.35131733624,0.8695114856947483,21503.859579035707,32344.982885685655
NeuralNetwork_MLP,lr_basis,"Overall Qual, Gr Liv Area, Neighborhood",3,0.2,2x64_32,2,"(64, 32)",0.0003,800,1875,469,586,1.1039456250000512,0.8402032589046154,19264.006907373172,27856.35131733624,0.8695114856947483,21503.859579035707,32344.982885685655
NeuralNetwork_MLP,lr_basis,"Overall Qual, Gr Liv Area, Neighborhood",3,0.2,2x128_64,2,"(128, 64)",0.01,300,1875,469,586,0.5426569999981439,0.833024865337769,19723.623320687548,28475.16001085006,0.8397615147252947,22619.781062960836,35842.98726481942
NeuralNetwork_MLP,lr_basis,"Overall Qual, Gr Liv Area, Neighborhood",3,0.2,2x128_64,2,"(128, 64)",0.01,800,1875,469,586,0.5418501669919351,0.833024865337769,19723.623320687548,28475.16001085006,0.8397615147252947,22619.781062960836,35842.98726481942
NeuralNetwork_MLP,lr_basis,"Overall Qual, Gr Liv Area, Neighborhood",3,0.2,2x128_64,2,"(128, 64)",0.001,300,1875,469,586,1.0190293329942506,0.8258210572509096,20044.49170431968,29082.925919026668,0.8664362901645578,21617.868917812273,32723.897161486042
NeuralNetwork_MLP,lr_basis,"Overall Qual, Gr Liv Area, Neighborhood",3,0.2,2x128_64,2,"(128, 64)",0.001,800,1875,469,586,1.0181952499988256,0.8258210572509096,20044.49170431968,29082.925919026668,0.8664362901645578,21617.868917812273,32723.897161486042
NeuralNetwork_MLP,lr_basis,"Overall Qual, Gr Liv Area, Neighborhood",3,0.2,2x128_64,2,"(128, 64)",0.0003,300,1875,469,586,1.4365533749951283,0.8313575517300908,19830.31366770986,28616.974810569627,0.8755296605101142,21667.91618897946,31590.29776429023
NeuralNetwork_MLP,lr_basis,"Overall Qual, Gr Liv Area, Neighborhood",3,0.2,2x128_64,2,"(128, 64)",0.0003,800,1875,469,586,1.4357628330035368,0.8313575517300908,19830.31366770986,28616.974810569627,0.8755296605101142,21667.91618897946,31590.29776429023
NeuralNetwork_MLP,lr_basis,"Overall Qual, Gr Liv Area, Neighborhood",3,0.2,3x128_64_32,3,"(128, 64, 32)",0.01,300,1875,469,586,0.3433319589967141,0.8300164520935114,20017.488305127936,28730.53523908568,0.860123301203022,21963.301014105073,33488.32837007423
NeuralNetwork_MLP,lr_basis,"Overall Qual, Gr Liv Area, Neighborhood",3,0.2,3x128_64_32,3,"(128, 64, 32)",0.01,800,1875,469,586,0.34193833399331197,0.8300164520935114,20017.488305127936,28730.53523908568,0.860123301203022,21963.301014105073,33488.32837007423
NeuralNetwork_MLP,lr_basis,"Overall Qual, Gr Liv Area, Neighborhood",3,0.2,3x128_64_32,3,"(128, 64, 32)",0.001,300,1875,469,586,1.1084278339985758,0.8224090549090082,20506.25649359712,29366.398052382134,0.8666643808737489,22006.916802909214,32695.943437099046
NeuralNetwork_MLP,lr_basis,"Overall Qual, Gr Liv Area, Neighborhood",3,0.2,3x128_64_32,3,"(128, 64, 32)",0.001,800,1875,469,586,1.0981094169983407,0.8224090549090082,20506.25649359712,29366.398052382134,0.8666643808737489,22006.916802909214,32695.943437099046
NeuralNetwork_MLP,lr_basis,"Overall Qual, Gr Liv Area, Neighborhood",3,0.2,3x128_64_32,3,"(128, 64, 32)",0.0003,300,1875,469,586,1.6883479579992127,0.8213963349377371,20363.485524472475,29450.010592197752,0.8657086032550737,22063.11855198722,32812.91986567177
NeuralNetwork_MLP,lr_basis,"Overall Qual, Gr Liv Area, Neighborhood",3,0.2,3x128_64_32,3,"(128, 64, 32)",0.0003,800,1875,469,586,1.6895535000076052,0.8213963349377371,20363.485524472475,29450.010592197752,0.8657086032550737,22063.11855198722,32812.91986567177
NeuralNetwork_MLP,lr_basis,"Overall Qual, Gr Liv Area, Neighborhood",3,0.3,1x32,1,"(32,)",0.01,300,1640,704,586,0.15657691599335521,0.8349522026526474,20322.804828490876,29763.896101183494,0.877481163568336,21549.674281455824,31341.67582516789
NeuralNetwork_MLP,lr_basis,"Overall Qual, Gr Liv Area, Neighborhood",3,0.3,1x32,1,"(32,)",0.01,800,1640,704,586,0.15609866598970257,0.8349522026526474,20322.804828490876,29763.896101183494,0.877481163568336,21549.674281455824,31341.67582516789
NeuralNetwork_MLP,lr_basis,"Overall Qual, Gr Liv Area, Neighborhood",3,0.3,1x32,1,"(32,)",0.001,300,1640,704,586,0.5896115000068676,0.8398372636712972,20131.946530928668,29320.11392393367,0.8784306575074368,21265.290135669333,31219.994080125434
NeuralNetwork_MLP,lr_basis,"Overall Qual, Gr Liv Area, Neighborhood",3,0.3,1x32,1,"(32,)",0.001,800,1640,704,586,0.5856035420001717,0.8398372636712972,20131.946530928668,29320.11392393367,0.8784306575074368,21265.290135669333,31219.994080125434
NeuralNetwork_MLP,lr_basis,"Overall Qual, Gr Liv Area, Neighborhood",3,0.3,1x32,1,"(32,)",0.0003,300,1640,704,586,0.8044150420028018,0.8366788951729399,20136.984515374956,29607.795198693002,0.8816099228565203,20993.972171085017,30809.059025580704
NeuralNetwork_MLP,lr_basis,"Overall Qual, Gr Liv Area, Neighborhood",3,0.3,1x32,1,"(32,)",0.0003,800,1640,704,586,0.8564159999950789,0.8374881772355156,20073.995411843178,29534.34843235132,0.8814965412109819,20984.124726301714,30823.808343864737
NeuralNetwork_MLP,lr_basis,"Overall Qual, Gr Liv Area, Neighborhood",3,0.3,1x64,1,"(64,)",0.01,300,1640,704,586,0.13577187500777654,0.8396004847232862,19969.43682447487,29341.77883157634,0.8743873106728359,21415.840481559062,31734.929610931293
NeuralNetwork_MLP,lr_basis,"Overall Qual, Gr Liv Area, Neighborhood",3,0.3,1x64,1,"(64,)",0.01,800,1640,704,586,0.1359951250051381,0.8396004847232862,19969.43682447487,29341.77883157634,0.8743873106728359,21415.840481559062,31734.929610931293
NeuralNetwork_MLP,lr_basis,"Overall Qual, Gr Liv Area, Neighborhood",3,0.3,1x64,1,"(64,)",0.001,300,1640,704,586,0.6898140419943957,0.8342232405843665,20675.08229360787,29829.552376239513,0.8770914410560302,21614.159529941495,31391.483916057226
NeuralNetwork_MLP,lr_basis,"Overall Qual, Gr Liv Area, Neighborhood",3,0.3,1x64,1,"(64,)",0.001,800,1640,704,586,0.6903504580113804,0.8342232405843665,20675.08229360787,29829.552376239513,0.8770914410560302,21614.159529941495,31391.483916057226
NeuralNetwork_MLP,lr_basis,"Overall Qual, Gr Liv Area, Neighborhood",3,0.3,1x64,1,"(64,)",0.0003,300,1640,704,586,0.9158178749930812,0.839438698450679,20130.701884387854,29356.57283076412,0.8810276758656976,21137.31439410646,30884.72617975208
NeuralNetwork_MLP,lr_basis,"Overall Qual, Gr Liv Area, Neighborhood",3,0.3,1x64,1,"(64,)",0.0003,800,1640,704,586,1.002265457995236,0.840285463619124,20099.092539277786,29279.060429329053,0.8827308603201235,20964.542146647713,30662.859426343904
NeuralNetwork_MLP,lr_basis,"Overall Qual, Gr Liv Area, Neighborhood",3,0.3,2x64_32,2,"(64, 32)",0.01,300,1640,704,586,0.27762429098947905,0.8120858736786635,21798.413672876733,31758.839757517628,0.8384988457924947,23115.566706861395,35983.93036836859
NeuralNetwork_MLP,lr_basis,"Overall Qual, Gr Liv Area, Neighborhood",3,0.3,2x64_32,2,"(64, 32)",0.01,800,1640,704,586,0.27245574998960365,0.8120858736786635,21798.413672876733,31758.839757517628,0.8384988457924947,23115.566706861395,35983.93036836859
NeuralNetwork_MLP,lr_basis,"Overall Qual, Gr Liv Area, Neighborhood",3,0.3,2x64_32,2,"(64, 32)",0.001,300,1640,704,586,0.5847937499929685,0.8289979284252044,20339.629103573046,30296.021425451432,0.8664370917095017,21635.433870480894,32723.798969717867
NeuralNetwork_MLP,lr_basis,"Overall Qual, Gr Liv Area, Neighborhood",3,0.3,2x64_32,2,"(64, 32)",0.001,800,1640,704,586,0.5831031659909058,0.8289979284252044,20339.629103573046,30296.021425451432,0.8664370917095017,21635.433870480894,32723.798969717867
NeuralNetwork_MLP,lr_basis,"Overall Qual, Gr Liv Area, Neighborhood",3,0.3,2x64_32,2,"(64, 32)",0.0003,300,1640,704,586,0.978929082994,0.8265805790484748,20549.544222454453,30509.40790116782,0.8774290451495922,21526.654647283758,31348.341350863768
NeuralNetwork_MLP,lr_basis,"Overall Qual, Gr Liv Area, Neighborhood",3,0.3,2x64_32,2,"(64, 32)",0.0003,800,1640,704,586,0.9828132500115316,0.8265805790484748,20549.544222454453,30509.40790116782,0.8774290451495922,21526.654647283758,31348.341350863768
NeuralNetwork_MLP,lr_basis,"Overall Qual, Gr Liv Area, Neighborhood",3,0.3,2x128_64,2,"(128, 64)",0.01,300,1640,704,586,0.2781645000068238,0.8106022905319681,21806.121494290852,31883.961398548494,0.8457935415827046,23568.055911255033,35161.87810137849
NeuralNetwork_MLP,lr_basis,"Overall Qual, Gr Liv Area, Neighborhood",3,0.3,2x128_64,2,"(128, 64)",0.01,800,1640,704,586,0.2772316670016153,0.8106022905319681,21806.121494290852,31883.961398548494,0.8457935415827046,23568.055911255033,35161.87810137849
NeuralNetwork_MLP,lr_basis,"Overall Qual, Gr Liv Area, Neighborhood",3,0.3,2x128_64,2,"(128, 64)",0.001,300,1640,704,586,0.7092799170059152,0.8156128028104045,21230.995656073872,31459.38981718028,0.8580859474790222,22448.034035044708,33731.3314020704
NeuralNetwork_MLP,lr_basis,"Overall Qual, Gr Liv Area, Neighborhood",3,0.3,2x128_64,2,"(128, 64)",0.001,800,1640,704,586,0.7063787499937462,0.8156128028104045,21230.995656073872,31459.38981718028,0.8580859474790222,22448.034035044708,33731.3314020704
NeuralNetwork_MLP,lr_basis,"Overall Qual, Gr Liv Area, Neighborhood",3,0.3,2x128_64,2,"(128, 64)",0.0003,300,1640,704,586,1.0529171249945648,0.8203124855824737,20761.075458832016,31055.88172468651,0.8822366269721166,21160.331199756354,30727.406134531193
NeuralNetwork_MLP,lr_basis,"Overall Qual, Gr Liv Area, Neighborhood",3,0.3,2x128_64,2,"(128, 64)",0.0003,800,1640,704,586,1.0879727080027806,0.8203124855824737,20761.075458832016,31055.88172468651,0.8822366269721166,21160.331199756354,30727.406134531193
NeuralNetwork_MLP,lr_basis,"Overall Qual, Gr Liv Area, Neighborhood",3,0.3,3x128_64_32,3,"(128, 64, 32)",0.01,300,1640,704,586,0.29415449999214616,0.8282572649972616,20359.541664969965,30361.561303434566,0.8686182433514278,21541.94059927713,32455.50078456326
NeuralNetwork_MLP,lr_basis,"Overall Qual, Gr Liv Area, Neighborhood",3,0.3,3x128_64_32,3,"(128, 64, 32)",0.01,800,1640,704,586,0.28956595799536444,0.8282572649972616,20359.541664969965,30361.561303434566,0.8686182433514278,21541.94059927713,32455.50078456326
NeuralNetwork_MLP,lr_basis,"Overall Qual, Gr Liv Area, Neighborhood",3,0.3,3x128_64_32,3,"(128, 64, 32)",0.001,300,1640,704,586,0.7890787499927683,0.8119595641541469,20967.750384438,31769.511573853848,0.8671880454755094,21694.63810574807,32631.674967700405
NeuralNetwork_MLP,lr_basis,"Overall Qual, Gr Liv Area, Neighborhood",3,0.3,3x128_64_32,3,"(128, 64, 32)",0.001,800,1640,704,586,0.7904710419970797,0.8119595641541469,20967.750384438,31769.511573853848,0.8671880454755094,21694.63810574807,32631.674967700405
NeuralNetwork_MLP,lr_basis,"Overall Qual, Gr Liv Area, Neighborhood",3,0.3,3x128_64_32,3,"(128, 64, 32)",0.0003,300,1640,704,586,0.9129046250018291,0.8100658938858193,21334.08826415866,31929.079045657876,0.8709676277555376,21669.643512326653,32164.005178284453
NeuralNetwork_MLP,lr_basis,"Overall Qual, Gr Liv Area, Neighborhood",3,0.3,3x128_64_32,3,"(128, 64, 32)",0.0003,800,1640,704,586,0.9177178339887178,0.8100658938858193,21334.08826415866,31929.079045657876,0.8709676277555376,21669.643512326653,32164.005178284453
NeuralNetwork_MLP,lr_uitgebreid,"Overall Qual, Gr Liv Area, Total Bsmt SF, Year Built, Neighborhood",5,0.15,1x32,1,"(32,)",0.01,300,1992,352,586,0.2162122079898836,0.8622940235281523,17705.31306865781,24765.041508483282,0.8667868317765874,18594.834720295883,32680.926566719132
NeuralNetwork_MLP,lr_uitgebreid,"Overall Qual, Gr Liv Area, Total Bsmt SF, Year Built, Neighborhood",5,0.15,1x32,1,"(32,)",0.01,800,1992,352,586,0.21421158300654497,0.8622940235281523,17705.31306865781,24765.041508483282,0.8667868317765874,18594.834720295883,32680.926566719132
NeuralNetwork_MLP,lr_uitgebreid,"Overall Qual, Gr Liv Area, Total Bsmt SF, Year Built, Neighborhood",5,0.15,1x32,1,"(32,)",0.001,300,1992,352,586,0.4459716249984922,0.8613031139440763,17386.267761698306,24853.984375850512,0.898682636094264,18469.889563019497,28501.17228023195
NeuralNetwork_MLP,lr_uitgebreid,"Overall Qual, Gr Liv Area, Total Bsmt SF, Year Built, Neighborhood",5,0.15,1x32,1,"(32,)",0.001,800,1992,352,586,0.442149790993426,0.8613031139440763,17386.267761698306,24853.984375850512,0.898682636094264,18469.889563019497,28501.17228023195
NeuralNetwork_MLP,lr_uitgebreid,"Overall Qual, Gr Liv Area, Total Bsmt SF, Year Built, Neighborhood",5,0.15,1x32,1,"(32,)",0.0003,300,1992,352,586,0.8021772500069346,0.8621089655103941,17428.350887244098,24781.676337708395,0.9006404642969154,18458.891979008287,28224.454642954963
NeuralNetwork_MLP,lr_uitgebreid,"Overall Qual, Gr Liv Area, Total Bsmt SF, Year Built, Neighborhood",5,0.15,1x32,1,"(32,)",0.0003,800,1992,352,586,0.803378166994662,0.8621089655103941,17428.350887244098,24781.676337708395,0.9006404642969154,18458.891979008287,28224.454642954963
NeuralNetwork_MLP,lr_uitgebreid,"Overall Qual, Gr Liv Area, Total Bsmt SF, Year Built, Neighborhood",5,0.15,1x64,1,"(64,)",0.01,300,1992,352,586,0.25076408400491346,0.8640122158399265,17082.1445866444,24610.05670025116,0.892498350624358,19516.862859101653,29358.12709490934
NeuralNetwork_MLP,lr_uitgebreid,"Overall Qual, Gr Liv Area, Total Bsmt SF, Year Built, Neighborhood",5,0.15,1x64,1,"(64,)",0.01,800,1992,352,586,0.252017541002715,0.8640122158399265,17082.1445866444,24610.05670025116,0.892498350624358,19516.862859101653,29358.12709490934
NeuralNetwork_MLP,lr_uitgebreid,"Overall Qual, Gr Liv Area, Total Bsmt SF, Year Built, Neighborhood",5,0.15,1x64,1,"(64,)",0.001,300,1992,352,586,0.5576092499977676,0.8576935185221031,17620.27401307396,25175.320381433787,0.8962064646377328,18834.429897478996,28847.35073945868
NeuralNetwork_MLP,lr_uitgebreid,"Overall Qual, Gr Liv Area, Total Bsmt SF, Year Built, Neighborhood",5,0.15,1x64,1,"(64,)",0.001,800,1992,352,586,0.55771654099226,0.8576935185221031,17620.27401307396,25175.320381433787,0.8962064646377328,18834.429897478996,28847.35073945868
NeuralNetwork_MLP,lr_uitgebreid,"Overall Qual, Gr Liv Area, Total Bsmt SF, Year Built, Neighborhood",5,0.15,1x64,1,"(64,)",0.0003,300,1992,352,586,0.719311959008337,0.8656944167130111,17083.255544475007,24457.366934040143,0.90250996754039,17960.634642618017,27957.664566817377
NeuralNetwork_MLP,lr_uitgebreid,"Overall Qual, Gr Liv Area, Total Bsmt SF, Year Built, Neighborhood",5,0.15,1x64,1,"(64,)",0.0003,800,1992,352,586,0.7167475830065086,0.8656944167130111,17083.255544475007,24457.366934040143,0.90250996754039,17960.634642618017,27957.664566817377
NeuralNetwork_MLP,lr_uitgebreid,"Overall Qual, Gr Liv Area, Total Bsmt SF, Year Built, Neighborhood",5,0.15,2x64_32,2,"(64, 32)",0.01,300,1992,352,586,0.34389791698777117,0.83781220997961,18968.46578340324,26876.44008166962,0.8289592308933095,21073.401485940434,37031.440215743954
NeuralNetwork_MLP,lr_uitgebreid,"Overall Qual, Gr Liv Area, Total Bsmt SF, Year Built, Neighborhood",5,0.15,2x64_32,2,"(64, 32)",0.01,800,1992,352,586,0.34536845800175797,0.83781220997961,18968.46578340324,26876.44008166962,0.8289592308933095,21073.401485940434,37031.440215743954
NeuralNetwork_MLP,lr_uitgebreid,"Overall Qual, Gr Liv Area, Total Bsmt SF, Year Built, Neighborhood",5,0.15,2x64_32,2,"(64, 32)",0.001,300,1992,352,586,0.7861171660042601,0.8378414001706783,19007.066387416504,26874.0213924338,0.8688225758644441,19615.928882801967,32430.252627135596
NeuralNetwork_MLP,lr_uitgebreid,"Overall Qual, Gr Liv Area, Total Bsmt SF, Year Built, Neighborhood",5,0.15,2x64_32,2,"(64, 32)",0.001,800,1992,352,586,0.7804757079866249,0.8378414001706783,19007.066387416504,26874.0213924338,0.8688225758644441,19615.928882801967,32430.252627135596
NeuralNetwork_MLP,lr_uitgebreid,"Overall Qual, Gr Liv Area, Total Bsmt SF, Year Built, Neighborhood",5,0.15,2x64_32,2,"(64, 32)",0.0003,300,1992,352,586,1.1971867910033325,0.8579535133639087,17909.342539710753,25152.31213278498,0.8836246692394035,18698.21359500363,30545.78190762722
NeuralNetwork_MLP,lr_uitgebreid,"Overall Qual, Gr Liv Area, Total Bsmt SF, Year Built, Neighborhood",5,0.15,2x64_32,2,"(64, 32)",0.0003,800,1992,352,586,1.196096708998084,0.8579535133639087,17909.342539710753,25152.31213278498,0.8836246692394035,18698.21359500363,30545.78190762722
NeuralNetwork_MLP,lr_uitgebreid,"Overall Qual, Gr Liv Area, Total Bsmt SF, Year Built, Neighborhood",5,0.15,2x128_64,2,"(128, 64)",0.01,300,1992,352,586,0.48049866600194946,0.8495512507130629,18160.0969927254,25885.523743502185,0.8590297732958351,19529.102263255358,33618.976031871876
NeuralNetwork_MLP,lr_uitgebreid,"Overall Qual, Gr Liv Area, Total Bsmt SF, Year Built, Neighborhood",5,0.15,2x128_64,2,"(128, 64)",0.01,800,1992,352,586,0.47995320800691843,0.8495512507130629,18160.0969927254,25885.523743502185,0.8590297732958351,19529.102263255358,33618.976031871876
NeuralNetwork_MLP,lr_uitgebreid,"Overall Qual, Gr Liv Area, Total Bsmt SF, Year Built, Neighborhood",5,0.15,2x128_64,2,"(128, 64)",0.001,300,1992,352,586,0.9318310420057969,0.8551370835212297,18007.361376689143,25400.44222998693,0.8638606840999734,19053.75046215788,33037.90989922723
NeuralNetwork_MLP,lr_uitgebreid,"Overall Qual, Gr Liv Area, Total Bsmt SF, Year Built, Neighborhood",5,0.15,2x128_64,2,"(128, 64)",0.001,800,1992,352,586,0.9314812499942491,0.8551370835212297,18007.361376689143,25400.44222998693,0.8638606840999734,19053.75046215788,33037.90989922723
NeuralNetwork_MLP,lr_uitgebreid,"Overall Qual, Gr Liv Area, Total Bsmt SF, Year Built, Neighborhood",5,0.15,2x128_64,2,"(128, 64)",0.0003,300,1992,352,586,1.5388557090045651,0.8542873151008257,18157.82900488051,25474.833015917335,0.8579164708989323,19698.09342733788,33751.46670532019
NeuralNetwork_MLP,lr_uitgebreid,"Overall Qual, Gr Liv Area, Total Bsmt SF, Year Built, Neighborhood",5,0.15,2x128_64,2,"(128, 64)",0.0003,800,1992,352,586,1.5572890829935204,0.8542873151008257,18157.82900488051,25474.833015917335,0.8579164708989323,19698.09342733788,33751.46670532019
NeuralNetwork_MLP,lr_uitgebreid,"Overall Qual, Gr Liv Area, Total Bsmt SF, Year Built, Neighborhood",5,0.15,3x128_64_32,3,"(128, 64, 32)",0.01,300,1992,352,586,1.0172460000030696,0.8299778974648135,18924.514564779376,27517.904359366166,0.820224139276299,20418.31770696552,37965.26807718432
NeuralNetwork_MLP,lr_uitgebreid,"Overall Qual, Gr Liv Area, Total Bsmt SF, Year Built, Neighborhood",5,0.15,3x128_64_32,3,"(128, 64, 32)",0.01,800,1992,352,586,1.0217698330088751,0.8299778974648135,18924.514564779376,27517.904359366166,0.820224139276299,20418.31770696552,37965.26807718432
NeuralNetwork_MLP,lr_uitgebreid,"Overall Qual, Gr Liv Area, Total Bsmt SF, Year Built, Neighborhood",5,0.15,3x128_64_32,3,"(128, 64, 32)",0.001,300,1992,352,586,1.1686159589880845,0.8414012277629864,18662.042262081613,26577.40510400328,0.8643313497418512,20227.829517858412,32980.75053976591
NeuralNetwork_MLP,lr_uitgebreid,"Overall Qual, Gr Liv Area, Total Bsmt SF, Year Built, Neighborhood",5,0.15,3x128_64_32,3,"(128, 64, 32)",0.001,800,1992,352,586,1.1482457920064917,0.8414012277629864,18662.042262081613,26577.40510400328,0.8643313497418512,20227.829517858412,32980.75053976591
NeuralNetwork_MLP,lr_uitgebreid,"Overall Qual, Gr Liv Area, Total Bsmt SF, Year Built, Neighborhood",5,0.15,3x128_64_32,3,"(128, 64, 32)",0.0003,300,1992,352,586,1.7858642089995556,0.8516988490011654,18183.5781780673,25700.106706015744,0.8335160076555016,20455.13393180633,36534.824323525856
NeuralNetwork_MLP,lr_uitgebreid,"Overall Qual, Gr Liv Area, Total Bsmt SF, Year Built, Neighborhood",5,0.15,3x128_64_32,3,"(128, 64, 32)",0.0003,800,1992,352,586,1.7790346249967115,0.8516988490011654,18183.5781780673,25700.106706015744,0.8335160076555016,20455.13393180633,36534.824323525856
NeuralNetwork_MLP,lr_uitgebreid,"Overall Qual, Gr Liv Area, Total Bsmt SF, Year Built, Neighborhood",5,0.2,1x32,1,"(32,)",0.01,300,1875,469,586,0.19938412499323022,0.8756457760984107,17475.17760146359,24573.699472378335,0.9024232450529408,18198.146666018627,27970.096705776483
NeuralNetwork_MLP,lr_uitgebreid,"Overall Qual, Gr Liv Area, Total Bsmt SF, Year Built, Neighborhood",5,0.2,1x32,1,"(32,)",0.01,800,1875,469,586,0.19893129100091755,0.8756457760984107,17475.17760146359,24573.699472378335,0.9024232450529408,18198.146666018627,27970.096705776483
NeuralNetwork_MLP,lr_uitgebreid,"Overall Qual, Gr Liv Area, Total Bsmt SF, Year Built, Neighborhood",5,0.2,1x32,1,"(32,)",0.001,300,1875,469,586,0.5387355830025626,0.8753401083517292,17667.3029077819,24603.88251301045,0.8928271298969789,18905.762884926513,29313.19878389125
NeuralNetwork_MLP,lr_uitgebreid,"Overall Qual, Gr Liv Area, Total Bsmt SF, Year Built, Neighborhood",5,0.2,1x32,1,"(32,)",0.001,800,1875,469,586,0.537153708995902,0.8753401083517292,17667.3029077819,24603.88251301045,0.8928271298969789,18905.762884926513,29313.19878389125
NeuralNetwork_MLP,lr_uitgebreid,"Overall Qual, Gr Liv Area, Total Bsmt SF, Year Built, Neighborhood",5,0.2,1x32,1,"(32,)",0.0003,300,1875,469,586,0.8605304170050658,0.8711427987571,17879.273078128816,25014.660854728067,0.9003769363891037,18348.18354929599,28261.85923686258
NeuralNetwork_MLP,lr_uitgebreid,"Overall Qual, Gr Liv Area, Total Bsmt SF, Year Built, Neighborhood",5,0.2,1x32,1,"(32,)",0.0003,800,1875,469,586,0.8189072499953909,0.8711427987571,17879.273078128816,25014.660854728067,0.9003769363891037,18348.18354929599,28261.85923686258
NeuralNetwork_MLP,lr_uitgebreid,"Overall Qual, Gr Liv Area, Total Bsmt SF, Year Built, Neighborhood",5,0.2,1x64,1,"(64,)",0.01,300,1875,469,586,0.12911141700169537,0.8753262609880084,17030.19748931457,24605.248988806376,0.8962917269540448,19018.23110299436,28835.499821879537
NeuralNetwork_MLP,lr_uitgebreid,"Overall Qual, Gr Liv Area, Total Bsmt SF, Year Built, Neighborhood",5,0.2,1x64,1,"(64,)",0.01,800,1875,469,586,0.1288242090085987,0.8753262609880084,17030.19748931457,24605.248988806376,0.8962917269540448,19018.23110299436,28835.499821879537
NeuralNetwork_MLP,lr_uitgebreid,"Overall Qual, Gr Liv Area, Total Bsmt SF, Year Built, Neighborhood",5,0.2,1x64,1,"(64,)",0.001,300,1875,469,586,0.3809140410012333,0.880983648054145,17165.587495957203,24040.50515637755,0.8975909692664408,18719.144122956764,28654.30704910026
NeuralNetwork_MLP,lr_uitgebreid,"Overall Qual, Gr Liv Area, Total Bsmt SF, Year Built, Neighborhood",5,0.2,1x64,1,"(64,)",0.001,800,1875,469,586,0.38442424999084324,0.880983648054145,17165.587495957203,24040.50515637755,0.8975909692664408,18719.144122956764,28654.30704910026
NeuralNetwork_MLP,lr_uitgebreid,"Overall Qual, Gr Liv Area, Total Bsmt SF, Year Built, Neighborhood",5,0.2,1x64,1,"(64,)",0.0003,300,1875,469,586,0.8501154169935035,0.8807823888269226,17045.584699016923,24060.82307777988,0.8994528939096198,18254.693020484585,28392.62654975215
NeuralNetwork_MLP,lr_uitgebreid,"Overall Qual, Gr Liv Area, Total Bsmt SF, Year Built, Neighborhood",5,0.2,1x64,1,"(64,)",0.0003,800,1875,469,586,0.830889249991742,0.8807823888269226,17045.584699016923,24060.82307777988,0.8994528939096198,18254.693020484585,28392.62654975215
NeuralNetwork_MLP,lr_uitgebreid,"Overall Qual, Gr Liv Area, Total Bsmt SF, Year Built, Neighborhood",5,0.2,2x64_32,2,"(64, 32)",0.01,300,1875,469,586,0.3738414169929456,0.8686149533695555,18109.19939890612,25258.83068590583,0.8659406858991532,19875.013710880296,32784.55392998595
NeuralNetwork_MLP,lr_uitgebreid,"Overall Qual, Gr Liv Area, Total Bsmt SF, Year Built, Neighborhood",5,0.2,2x64_32,2,"(64, 32)",0.01,800,1875,469,586,0.3745884170057252,0.8686149533695555,18109.19939890612,25258.83068590583,0.8659406858991532,19875.013710880296,32784.55392998595
NeuralNetwork_MLP,lr_uitgebreid,"Overall Qual, Gr Liv Area, Total Bsmt SF, Year Built, Neighborhood",5,0.2,2x64_32,2,"(64, 32)",0.001,300,1875,469,586,0.6349210420012241,0.8591374976188348,19231.539962958297,26153.9911004002,0.8709205890764112,20621.216311986875,32169.86732912045
NeuralNetwork_MLP,lr_uitgebreid,"Overall Qual, Gr Liv Area, Total Bsmt SF, Year Built, Neighborhood",5,0.2,2x64_32,2,"(64, 32)",0.001,800,1875,469,586,0.6357541250035865,0.8591374976188348,19231.539962958297,26153.9911004002,0.8709205890764112,20621.216311986875,32169.86732912045
NeuralNetwork_MLP,lr_uitgebreid,"Overall Qual, Gr Liv Area, Total Bsmt SF, Year Built, Neighborhood",5,0.2,2x64_32,2,"(64, 32)",0.0003,300,1875,469,586,0.9098809999995865,0.8788103977155972,17517.807683145016,24259.003218597143,0.8881798777288689,18382.734608956398,29941.997093526683
NeuralNetwork_MLP,lr_uitgebreid,"Overall Qual, Gr Liv Area, Total Bsmt SF, Year Built, Neighborhood",5,0.2,2x64_32,2,"(64, 32)",0.0003,800,1875,469,586,0.908530291999341,0.8788103977155972,17517.807683145016,24259.003218597143,0.8881798777288689,18382.734608956398,29941.997093526683
NeuralNetwork_MLP,lr_uitgebreid,"Overall Qual, Gr Liv Area, Total Bsmt SF, Year Built, Neighborhood",5,0.2,2x128_64,2,"(128, 64)",0.01,300,1875,469,586,0.5575845410057809,0.8658129729802851,18359.605675235045,25526.750730347772,0.8682586617601973,19931.11965488301,32499.884520095606
NeuralNetwork_MLP,lr_uitgebreid,"Overall Qual, Gr Liv Area, Total Bsmt SF, Year Built, Neighborhood",5,0.2,2x128_64,2,"(128, 64)",0.01,800,1875,469,586,0.557648916990729,0.8658129729802851,18359.605675235045,25526.750730347772,0.8682586617601973,19931.11965488301,32499.884520095606
NeuralNetwork_MLP,lr_uitgebreid,"Overall Qual, Gr Liv Area, Total Bsmt SF, Year Built, Neighborhood",5,0.2,2x128_64,2,"(128, 64)",0.001,300,1875,469,586,1.0791518329933751,0.8657159653798249,18430.470324786944,25535.97606869739,0.8749976994514539,19515.1325384294,31657.731064018244
NeuralNetwork_MLP,lr_uitgebreid,"Overall Qual, Gr Liv Area, Total Bsmt SF, Year Built, Neighborhood",5,0.2,2x128_64,2,"(128, 64)",0.001,800,1875,469,586,1.078848207995179,0.8657159653798249,18430.470324786944,25535.97606869739,0.8749976994514539,19515.1325384294,31657.731064018244
NeuralNetwork_MLP,lr_uitgebreid,"Overall Qual, Gr Liv Area, Total Bsmt SF, Year Built, Neighborhood",5,0.2,2x128_64,2,"(128, 64)",0.0003,300,1875,469,586,1.7386475410021376,0.8656923461923289,18590.137555502053,25538.221728388813,0.8587140168740206,20397.040433799066,33656.60621152948
NeuralNetwork_MLP,lr_uitgebreid,"Overall Qual, Gr Liv Area, Total Bsmt SF, Year Built, Neighborhood",5,0.2,2x128_64,2,"(128, 64)",0.0003,800,1875,469,586,1.7332777910050936,0.8656923461923289,18590.137555502053,25538.221728388813,0.8587140168740206,20397.040433799066,33656.60621152948
NeuralNetwork_MLP,lr_uitgebreid,"Overall Qual, Gr Liv Area, Total Bsmt SF, Year Built, Neighborhood",5,0.2,3x128_64_32,3,"(128, 64, 32)",0.01,300,1875,469,586,0.5967418329964858,0.8401309909264281,20391.373722042597,27862.649614218633,0.8394205082101451,21119.222759297136,35881.10606079432
NeuralNetwork_MLP,lr_uitgebreid,"Overall Qual, Gr Liv Area, Total Bsmt SF, Year Built, Neighborhood",5,0.2,3x128_64_32,3,"(128, 64, 32)",0.01,800,1875,469,586,0.5967593750101514,0.8401309909264281,20391.373722042597,27862.649614218633,0.8394205082101451,21119.222759297136,35881.10606079432
NeuralNetwork_MLP,lr_uitgebreid,"Overall Qual, Gr Liv Area, Total Bsmt SF, Year Built, Neighborhood",5,0.2,3x128_64_32,3,"(128, 64, 32)",0.001,300,1875,469,586,0.8014050830097403,0.846318178986447,19606.074006846782,27318.1648215516,0.8332605117575277,20763.02711925074,36562.84779607645
NeuralNetwork_MLP,lr_uitgebreid,"Overall Qual, Gr Liv Area, Total Bsmt SF, Year Built, Neighborhood",5,0.2,3x128_64_32,3,"(128, 64, 32)",0.001,800,1875,469,586,0.8011661659984384,0.846318178986447,19606.074006846782,27318.1648215516,0.8332605117575277,20763.02711925074,36562.84779607645
NeuralNetwork_MLP,lr_uitgebreid,"Overall Qual, Gr Liv Area, Total Bsmt SF, Year Built, Neighborhood",5,0.2,3x128_64_32,3,"(128, 64, 32)",0.0003,300,1875,469,586,1.5823750830022618,0.8572209601845014,18813.09360953383,26331.312087456838,0.8262078323769886,20574.206051735488,37328.09979002212
NeuralNetwork_MLP,lr_uitgebreid,"Overall Qual, Gr Liv Area, Total Bsmt SF, Year Built, Neighborhood",5,0.2,3x128_64_32,3,"(128, 64, 32)",0.0003,800,1875,469,586,1.5811160000012023,0.8572209601845014,18813.09360953383,26331.312087456838,0.8262078323769886,20574.206051735488,37328.09979002212
NeuralNetwork_MLP,lr_uitgebreid,"Overall Qual, Gr Liv Area, Total Bsmt SF, Year Built, Neighborhood",5,0.3,1x32,1,"(32,)",0.01,300,1640,704,586,0.10455037500651088,0.8607018232380337,18929.68696369132,27343.721968805763,0.8861120914770989,19078.413260454905,30217.573783035557
NeuralNetwork_MLP,lr_uitgebreid,"Overall Qual, Gr Liv Area, Total Bsmt SF, Year Built, Neighborhood",5,0.3,1x32,1,"(32,)",0.01,800,1640,704,586,0.10416579099546652,0.8607018232380337,18929.68696369132,27343.721968805763,0.8861120914770989,19078.413260454905,30217.573783035557
NeuralNetwork_MLP,lr_uitgebreid,"Overall Qual, Gr Liv Area, Total Bsmt SF, Year Built, Neighborhood",5,0.3,1x32,1,"(32,)",0.001,300,1640,704,586,0.4658751249953639,0.8565924503650904,18711.35643856016,27744.11787996189,0.8956341897409925,18738.823681552498,28926.767640018425
NeuralNetwork_MLP,lr_uitgebreid,"Overall Qual, Gr Liv Area, Total Bsmt SF, Year Built, Neighborhood",5,0.3,1x32,1,"(32,)",0.001,800,1640,704,586,0.46768729099130724,0.8565924503650904,18711.35643856016,27744.11787996189,0.8956341897409925,18738.823681552498,28926.767640018425
NeuralNetwork_MLP,lr_uitgebreid,"Overall Qual, Gr Liv Area, Total Bsmt SF, Year Built, Neighborhood",5,0.3,1x32,1,"(32,)",0.0003,300,1640,704,586,0.8040101250080625,0.8572039603526938,18868.277424382184,27684.90227369243,0.9001864967163403,18564.963247266824,28288.85905667743
NeuralNetwork_MLP,lr_uitgebreid,"Overall Qual, Gr Liv Area, Total Bsmt SF, Year Built, Neighborhood",5,0.3,1x32,1,"(32,)",0.0003,800,1640,704,586,0.8054048329940997,0.8572039603526938,18868.277424382184,27684.90227369243,0.9001864967163403,18564.963247266824,28288.85905667743
NeuralNetwork_MLP,lr_uitgebreid,"Overall Qual, Gr Liv Area, Total Bsmt SF, Year Built, Neighborhood",5,0.3,1x64,1,"(64,)",0.01,300,1640,704,586,0.2463297079957556,0.8667562757657387,18588.545402186985,26742.88734874458,0.8882991768613987,19976.220612086043,29926.020507838763
NeuralNetwork_MLP,lr_uitgebreid,"Overall Qual, Gr Liv Area, Total Bsmt SF, Year Built, Neighborhood",5,0.3,1x64,1,"(64,)",0.01,800,1640,704,586,0.24657883300096728,0.8667562757657387,18588.545402186985,26742.88734874458,0.8882991768613987,19976.220612086043,29926.020507838763
NeuralNetwork_MLP,lr_uitgebreid,"Overall Qual, Gr Liv Area, Total Bsmt SF, Year Built, Neighborhood",5,0.3,1x64,1,"(64,)",0.001,300,1640,704,586,0.6460591250070138,0.8662568802264312,18295.08519061761,26792.956454345644,0.8981707097345495,18468.695880280313,28573.085508456526
NeuralNetwork_MLP,lr_uitgebreid,"Overall Qual, Gr Liv Area, Total Bsmt SF, Year Built, Neighborhood",5,0.3,1x64,1,"(64,)",0.001,800,1640,704,586,0.6487722089950694,0.8662568802264312,18295.08519061761,26792.956454345644,0.8981707097345495,18468.695880280313,28573.085508456526
NeuralNetwork_MLP,lr_uitgebreid,"Overall Qual, Gr Liv Area, Total Bsmt SF, Year Built, Neighborhood",5,0.3,1x64,1,"(64,)",0.0003,300,1640,704,586,0.6359571249922737,0.8658906671008588,18332.5896617913,26829.613385957527,0.8982569653594841,18457.875538716227,28560.981370855327
NeuralNetwork_MLP,lr_uitgebreid,"Overall Qual, Gr Liv Area, Total Bsmt SF, Year Built, Neighborhood",5,0.3,1x64,1,"(64,)",0.0003,800,1640,704,586,0.6368860419897828,0.8658906671008588,18332.5896617913,26829.613385957527,0.8982569653594841,18457.875538716227,28560.981370855327
NeuralNetwork_MLP,lr_uitgebreid,"Overall Qual, Gr Liv Area, Total Bsmt SF, Year Built, Neighborhood",5,0.3,2x64_32,2,"(64, 32)",0.01,300,1640,704,586,0.2433357080008136,0.8571385370992324,18583.619831639473,27691.24358740128,0.8664152875072089,19246.750003568377,32726.469947849328
NeuralNetwork_MLP,lr_uitgebreid,"Overall Qual, Gr Liv Area, Total Bsmt SF, Year Built, Neighborhood",5,0.3,2x64_32,2,"(64, 32)",0.01,800,1640,704,586,0.24313979200087488,0.8571385370992324,18583.619831639473,27691.24358740128,0.8664152875072089,19246.750003568377,32726.469947849328
NeuralNetwork_MLP,lr_uitgebreid,"Overall Qual, Gr Liv Area, Total Bsmt SF, Year Built, Neighborhood",5,0.3,2x64_32,2,"(64, 32)",0.001,300,1640,704,586,0.6873824170033913,0.8457135380137498,19563.436164725277,28777.219109213333,0.8648381303655572,19510.168697315436,32919.09428014767
NeuralNetwork_MLP,lr_uitgebreid,"Overall Qual, Gr Liv Area, Total Bsmt SF, Year Built, Neighborhood",5,0.3,2x64_32,2,"(64, 32)",0.001,800,1640,704,586,0.6871909579931526,0.8457135380137498,19563.436164725277,28777.219109213333,0.8648381303655572,19510.168697315436,32919.09428014767
NeuralNetwork_MLP,lr_uitgebreid,"Overall Qual, Gr Liv Area, Total Bsmt SF, Year Built, Neighborhood",5,0.3,2x64_32,2,"(64, 32)",0.0003,300,1640,704,586,1.3109858329989947,0.8511705904775598,19295.849111306903,28263.718097695546,0.8853800468931573,19134.618510610046,30314.533937906926
NeuralNetwork_MLP,lr_uitgebreid,"Overall Qual, Gr Liv Area, Total Bsmt SF, Year Built, Neighborhood",5,0.3,2x64_32,2,"(64, 32)",0.0003,800,1640,704,586,1.437202166998759,0.8491274803580631,19483.17014656295,28457.0570870933,0.8846735213010375,19494.119504870778,30407.820880025996
NeuralNetwork_MLP,lr_uitgebreid,"Overall Qual, Gr Liv Area, Total Bsmt SF, Year Built, Neighborhood",5,0.3,2x128_64,2,"(128, 64)",0.01,300,1640,704,586,0.4669173750007758,0.8410872521173913,19499.67589232933,29205.47554689588,0.868696738189127,19627.355731842683,32445.80396681834
NeuralNetwork_MLP,lr_uitgebreid,"Overall Qual, Gr Liv Area, Total Bsmt SF, Year Built, Neighborhood",5,0.3,2x128_64,2,"(128, 64)",0.01,800,1640,704,586,0.466351291994215,0.8410872521173913,19499.67589232933,29205.47554689588,0.868696738189127,19627.355731842683,32445.80396681834
NeuralNetwork_MLP,lr_uitgebreid,"Overall Qual, Gr Liv Area, Total Bsmt SF, Year Built, Neighborhood",5,0.3,2x128_64,2,"(128, 64)",0.001,300,1640,704,586,0.9247839169984218,0.8353143683106977,19801.899438936405,29731.22259371651,0.8620835742857833,20073.340702690497,33252.8427901016
NeuralNetwork_MLP,lr_uitgebreid,"Overall Qual, Gr Liv Area, Total Bsmt SF, Year Built, Neighborhood",5,0.3,2x128_64,2,"(128, 64)",0.001,800,1640,704,586,0.9236458340019453,0.8353143683106977,19801.899438936405,29731.22259371651,0.8620835742857833,20073.340702690497,33252.8427901016
NeuralNetwork_MLP,lr_uitgebreid,"Overall Qual, Gr Liv Area, Total Bsmt SF, Year Built, Neighborhood",5,0.3,2x128_64,2,"(128, 64)",0.0003,300,1640,704,586,1.4288519159890711,0.8558573536278463,19046.19464597934,27815.13416197845,0.872557009884706,19882.69300117628,31965.298085698712
NeuralNetwork_MLP,lr_uitgebreid,"Overall Qual, Gr Liv Area, Total Bsmt SF, Year Built, Neighborhood",5,0.3,2x128_64,2,"(128, 64)",0.0003,800,1640,704,586,1.4210503750073258,0.8558573536278463,19046.19464597934,27815.13416197845,0.872557009884706,19882.69300117628,31965.298085698712
NeuralNetwork_MLP,lr_uitgebreid,"Overall Qual, Gr Liv Area, Total Bsmt SF, Year Built, Neighborhood",5,0.3,3x128_64_32,3,"(128, 64, 32)",0.01,300,1640,704,586,0.5316309159970842,0.8342844912117509,19671.037101797243,29824.041206878483,0.8653162891445355,19706.264893837793,32860.814160580514
NeuralNetwork_MLP,lr_uitgebreid,"Overall Qual, Gr Liv Area, Total Bsmt SF, Year Built, Neighborhood",5,0.3,3x128_64_32,3,"(128, 64, 32)",0.01,800,1640,704,586,0.5363114579959074,0.8342844912117509,19671.037101797243,29824.041206878483,0.8653162891445355,19706.264893837793,32860.814160580514
NeuralNetwork_MLP,lr_uitgebreid,"Overall Qual, Gr Liv Area, Total Bsmt SF, Year Built, Neighborhood",5,0.3,3x128_64_32,3,"(128, 64, 32)",0.001,300,1640,704,586,0.9747400420019403,0.841110136521801,20035.739216325208,29203.372587927366,0.8275264593100893,20915.268140865286,37186.218943241984
NeuralNetwork_MLP,lr_uitgebreid,"Overall Qual, Gr Liv Area, Total Bsmt SF, Year Built, Neighborhood",5,0.3,3x128_64_32,3,"(128, 64, 32)",0.001,800,1640,704,586,0.9660745829896769,0.841110136521801,20035.739216325208,29203.372587927366,0.8275264593100893,20915.268140865286,37186.218943241984
NeuralNetwork_MLP,lr_uitgebreid,"Overall Qual, Gr Liv Area, Total Bsmt SF, Year Built, Neighborhood",5,0.3,3x128_64_32,3,"(128, 64, 32)",0.0003,300,1640,704,586,1.9217394580045948,0.8364039170779005,19846.645525920598,29632.709526587343,0.8429041840721901,21141.8908909481,35489.762382217756
NeuralNetwork_MLP,lr_uitgebreid,"Overall Qual, Gr Liv Area, Total Bsmt SF, Year Built, Neighborhood",5,0.3,3x128_64_32,3,"(128, 64, 32)",0.0003,800,1640,704,586,1.9302066670061322,0.8364039170779005,19846.645525920598,29632.709526587343,0.8429041840721901,21141.8908909481,35489.762382217756
NeuralNetwork_MLP,lr_met_housestyle,"Overall Qual, Gr Liv Area, Neighborhood, House Style",4,0.15,1x32,1,"(32,)",0.01,300,1992,352,586,0.14317362499423325,0.8430370560948615,18508.313565467506,26439.986764079844,0.9041093946617349,19453.37756527559,27727.378607133065
NeuralNetwork_MLP,lr_met_housestyle,"Overall Qual, Gr Liv Area, Neighborhood, House Style",4,0.15,1x32,1,"(32,)",0.01,800,1992,352,586,0.142788750003092,0.8430370560948615,18508.313565467506,26439.986764079844,0.9041093946617349,19453.37756527559,27727.378607133065
NeuralNetwork_MLP,lr_met_housestyle,"Overall Qual, Gr Liv Area, Neighborhood, House Style",4,0.15,1x32,1,"(32,)",0.001,300,1992,352,586,0.4924801250017481,0.8582294649684448,17920.770381069397,25127.868743542873,0.9001487987005335,19311.41676252307,28294.20068454297
NeuralNetwork_MLP,lr_met_housestyle,"Overall Qual, Gr Liv Area, Neighborhood, House Style",4,0.15,1x32,1,"(32,)",0.001,800,1992,352,586,0.4930968330008909,0.8582294649684448,17920.770381069397,25127.868743542873,0.9001487987005335,19311.41676252307,28294.20068454297
NeuralNetwork_MLP,lr_met_housestyle,"Overall Qual, Gr Liv Area, Neighborhood, House Style",4,0.15,1x32,1,"(32,)",0.0003,300,1992,352,586,1.0102236659877235,0.8577639580105156,18120.789881648478,25169.08891478625,0.8989594491055958,19126.00826770797,28462.211083491224
NeuralNetwork_MLP,lr_met_housestyle,"Overall Qual, Gr Liv Area, Neighborhood, House Style",4,0.15,1x32,1,"(32,)",0.0003,800,1992,352,586,1.0583407920057653,0.8579942383848329,18088.55245832814,25148.706264410637,0.8998835792609553,19103.204173166167,28331.752539266225
NeuralNetwork_MLP,lr_met_housestyle,"Overall Qual, Gr Liv Area, Neighborhood, House Style",4,0.15,1x64,1,"(64,)",0.01,300,1992,352,586,0.2731759169982979,0.8402710951455787,19022.3452686252,26671.928771003535,0.8955101636892024,19439.44028285355,28943.95050635841
NeuralNetwork_MLP,lr_met_housestyle,"Overall Qual, Gr Liv Area, Neighborhood, House Style",4,0.15,1x64,1,"(64,)",0.01,800,1992,352,586,0.2733862080058316,0.8402710951455787,19022.3452686252,26671.928771003535,0.8955101636892024,19439.44028285355,28943.95050635841
NeuralNetwork_MLP,lr_met_housestyle,"Overall Qual, Gr Liv Area, Neighborhood, House Style",4,0.15,1x64,1,"(64,)",0.001,300,1992,352,586,0.6661115839960985,0.8523675180247803,18471.84689947433,25642.102166027347,0.9041872598142595,19308.271919273775,27716.118718730915
NeuralNetwork_MLP,lr_met_housestyle,"Overall Qual, Gr Liv Area, Neighborhood, House Style",4,0.15,1x64,1,"(64,)",0.001,800,1992,352,586,0.665174667010433,0.8523675180247803,18471.84689947433,25642.102166027347,0.9041872598142595,19308.271919273775,27716.118718730915
NeuralNetwork_MLP,lr_met_housestyle,"Overall Qual, Gr Liv Area, Neighborhood, House Style",4,0.15,1x64,1,"(64,)",0.0003,300,1992,352,586,1.0202392500068527,0.8564050354203484,17833.472612351874,25289.035791468545,0.907011663242743,18908.40633382322,27304.549931590158
NeuralNetwork_MLP,lr_met_housestyle,"Overall Qual, Gr Liv Area, Neighborhood, House Style",4,0.15,1x64,1,"(64,)",0.0003,800,1992,352,586,1.0150594169972464,0.8564050354203484,17833.472612351874,25289.035791468545,0.907011663242743,18908.40633382322,27304.549931590158
NeuralNetwork_MLP,lr_met_housestyle,"Overall Qual, Gr Liv Area, Neighborhood, House Style",4,0.15,2x64_32,2,"(64, 32)",0.01,300,1992,352,586,0.2534181660012109,0.8444942306444705,18340.082366220573,26316.97202313463,0.9007560779692724,19197.874593227265,28208.029029562334
NeuralNetwork_MLP,lr_met_housestyle,"Overall Qual, Gr Liv Area, Neighborhood, House Style",4,0.15,2x64_32,2,"(64, 32)",0.01,800,1992,352,586,0.2540597500046715,0.8444942306444705,18340.082366220573,26316.97202313463,0.9007560779692724,19197.874593227265,28208.029029562334
NeuralNetwork_MLP,lr_met_housestyle,"Overall Qual, Gr Liv Area, Neighborhood, House Style",4,0.15,2x64_32,2,"(64, 32)",0.001,300,1992,352,586,0.6642373749928083,0.83982606760951,18804.2965017398,26709.058827557546,0.8918539091804688,19688.497198884786,29445.992370539916
NeuralNetwork_MLP,lr_met_housestyle,"Overall Qual, Gr Liv Area, Neighborhood, House Style",4,0.15,2x64_32,2,"(64, 32)",0.001,800,1992,352,586,0.6661341250000987,0.83982606760951,18804.2965017398,26709.058827557546,0.8918539091804688,19688.497198884786,29445.992370539916
NeuralNetwork_MLP,lr_met_housestyle,"Overall Qual, Gr Liv Area, Neighborhood, House Style",4,0.15,2x64_32,2,"(64, 32)",0.0003,300,1992,352,586,0.9676963749952847,0.8474664298628162,18385.51613134961,26064.25904492352,0.9048777301284581,18889.673374555205,27616.07064721248
NeuralNetwork_MLP,lr_met_housestyle,"Overall Qual, Gr Liv Area, Neighborhood, House Style",4,0.15,2x64_32,2,"(64, 32)",0.0003,800,1992,352,586,0.9668116249958985,0.8474664298628162,18385.51613134961,26064.25904492352,0.9048777301284581,18889.673374555205,27616.07064721248
NeuralNetwork_MLP,lr_met_housestyle,"Overall Qual, Gr Liv Area, Neighborhood, House Style",4,0.15,2x128_64,2,"(128, 64)",0.01,300,1992,352,586,0.34985708400199655,0.8408362922663672,18597.722991862236,26624.697944018953,0.8962739982020633,19548.960850572403,28837.964406254152
NeuralNetwork_MLP,lr_met_housestyle,"Overall Qual, Gr Liv Area, Neighborhood, House Style",4,0.15,2x128_64,2,"(128, 64)",0.01,800,1992,352,586,0.348986540993792,0.8408362922663672,18597.722991862236,26624.697944018953,0.8962739982020633,19548.960850572403,28837.964406254152
NeuralNetwork_MLP,lr_met_housestyle,"Overall Qual, Gr Liv Area, Neighborhood, House Style",4,0.15,2x128_64,2,"(128, 64)",0.001,300,1992,352,586,0.8052571669977624,0.8425129200395647,19225.66403357147,26484.094629263152,0.9021125902805536,19678.413336149082,28014.585473607633
NeuralNetwork_MLP,lr_met_housestyle,"Overall Qual, Gr Liv Area, Neighborhood, House Style",4,0.15,2x128_64,2,"(128, 64)",0.001,800,1992,352,586,0.8036822919966653,0.8425129200395647,19225.66403357147,26484.094629263152,0.9021125902805536,19678.413336149082,28014.585473607633
NeuralNetwork_MLP,lr_met_housestyle,"Overall Qual, Gr Liv Area, Neighborhood, House Style",4,0.15,2x128_64,2,"(128, 64)",0.0003,300,1992,352,586,1.2622868750040652,0.8509253466000822,18842.68845270827,25767.042263737385,0.9034197143732878,19341.84487821561,27826.912678069883
NeuralNetwork_MLP,lr_met_housestyle,"Overall Qual, Gr Liv Area, Neighborhood, House Style",4,0.15,2x128_64,2,"(128, 64)",0.0003,800,1992,352,586,1.259581790989614,0.8509253466000822,18842.68845270827,25767.042263737385,0.9034197143732878,19341.84487821561,27826.912678069883
NeuralNetwork_MLP,lr_met_housestyle,"Overall Qual, Gr Liv Area, Neighborhood, House Style",4,0.15,3x128_64_32,3,"(128, 64, 32)",0.01,300,1992,352,586,0.5835150000057183,0.8348762184345108,18855.07308997719,27118.613324275724,0.8976556431950868,19600.269572259047,28645.257655348763
NeuralNetwork_MLP,lr_met_housestyle,"Overall Qual, Gr Liv Area, Neighborhood, House Style",4,0.15,3x128_64_32,3,"(128, 64, 32)",0.01,800,1992,352,586,0.5833343749982305,0.8348762184345108,18855.07308997719,27118.613324275724,0.8976556431950868,19600.269572259047,28645.257655348763
NeuralNetwork_MLP,lr_met_housestyle,"Overall Qual, Gr Liv Area, Neighborhood, House Style",4,0.15,3x128_64_32,3,"(128, 64, 32)",0.001,300,1992,352,586,0.8882678750087507,0.8279613322638661,19284.584033275594,27680.612839520523,0.8947726228115126,19809.696673420396,29045.9212326345
NeuralNetwork_MLP,lr_met_housestyle,"Overall Qual, Gr Liv Area, Neighborhood, House Style",4,0.15,3x128_64_32,3,"(128, 64, 32)",0.001,800,1992,352,586,0.8893417499930365,0.8279613322638661,19284.584033275594,27680.612839520523,0.8947726228115126,19809.696673420396,29045.9212326345
NeuralNetwork_MLP,lr_met_housestyle,"Overall Qual, Gr Liv Area, Neighborhood, House Style",4,0.15,3x128_64_32,3,"(128, 64, 32)",0.0003,300,1992,352,586,1.839939792000223,0.8346825558496892,19432.722826939265,27134.511463590105,0.8947953131415824,20303.75722258728,29042.789456997823
NeuralNetwork_MLP,lr_met_housestyle,"Overall Qual, Gr Liv Area, Neighborhood, House Style",4,0.15,3x128_64_32,3,"(128, 64, 32)",0.0003,800,1992,352,586,1.841323790999013,0.8346825558496892,19432.722826939265,27134.511463590105,0.8947953131415824,20303.75722258728,29042.789456997823
NeuralNetwork_MLP,lr_met_housestyle,"Overall Qual, Gr Liv Area, Neighborhood, House Style",4,0.2,1x32,1,"(32,)",0.01,300,1875,469,586,0.26367520799976774,0.8564011617788718,18574.53745187626,26406.797503840535,0.8916639717019357,19424.37071356285,29471.83909300386
NeuralNetwork_MLP,lr_met_housestyle,"Overall Qual, Gr Liv Area, Neighborhood, House Style",4,0.2,1x32,1,"(32,)",0.01,800,1875,469,586,0.25940212499699555,0.8564011617788718,18574.53745187626,26406.797503840535,0.8916639717019357,19424.37071356285,29471.83909300386
NeuralNetwork_MLP,lr_met_housestyle,"Overall Qual, Gr Liv Area, Neighborhood, House Style",4,0.2,1x32,1,"(32,)",0.001,300,1875,469,586,0.5349945839989232,0.8772911900215462,17675.21760821225,24410.582570240993,0.9001378152465915,19041.306741856224,28295.756797541537
NeuralNetwork_MLP,lr_met_housestyle,"Overall Qual, Gr Liv Area, Neighborhood, House Style",4,0.2,1x32,1,"(32,)",0.001,800,1875,469,586,0.5481783330033068,0.8772911900215462,17675.21760821225,24410.582570240993,0.9001378152465915,19041.306741856224,28295.756797541537
NeuralNetwork_MLP,lr_met_housestyle,"Overall Qual, Gr Liv Area, Neighborhood, House Style",4,0.2,1x32,1,"(32,)",0.0003,300,1875,469,586,0.8442554579960415,0.8727532296081156,18079.605694929676,24857.855335184133,0.8992204715486065,19257.264739896877,28425.423476411568
NeuralNetwork_MLP,lr_met_housestyle,"Overall Qual, Gr Liv Area, Neighborhood, House Style",4,0.2,1x32,1,"(32,)",0.0003,800,1875,469,586,0.8362439170014113,0.8727532296081156,18079.605694929676,24857.855335184133,0.8992204715486065,19257.264739896877,28425.423476411568
NeuralNetwork_MLP,lr_met_housestyle,"Overall Qual, Gr Liv Area, Neighborhood, House Style",4,0.2,1x64,1,"(64,)",0.01,300,1875,469,586,0.23427508398890495,0.8712654287963075,18038.321680299166,25002.755121149217,0.8942702276968817,19811.401937379618,29115.17674966468
NeuralNetwork_MLP,lr_met_housestyle,"Overall Qual, Gr Liv Area, Neighborhood, House Style",4,0.2,1x64,1,"(64,)",0.01,800,1875,469,586,0.2336507080035517,0.8712654287963075,18038.321680299166,25002.755121149217,0.8942702276968817,19811.401937379618,29115.17674966468
NeuralNetwork_MLP,lr_met_housestyle,"Overall Qual, Gr Liv Area, Neighborhood, House Style",4,0.2,1x64,1,"(64,)",0.001,300,1875,469,586,0.7118246250029188,0.869661108236525,18004.807725744547,25158.067846290665,0.9019341942804388,19333.440726890316,28040.101600024038
NeuralNetwork_MLP,lr_met_housestyle,"Overall Qual, Gr Liv Area, Neighborhood, House Style",4,0.2,1x64,1,"(64,)",0.001,800,1875,469,586,0.7098879999975907,0.869661108236525,18004.807725744547,25158.067846290665,0.9019341942804388,19333.440726890316,28040.101600024038
NeuralNetwork_MLP,lr_met_housestyle,"Overall Qual, Gr Liv Area, Neighborhood, House Style",4,0.2,1x64,1,"(64,)",0.0003,300,1875,469,586,0.9832370829972206,0.8767590968452768,17488.839925649634,24463.450226490237,0.9067503294436393,19031.826347759987,27342.891274094993
NeuralNetwork_MLP,lr_met_housestyle,"Overall Qual, Gr Liv Area, Neighborhood, House Style",4,0.2,1x64,1,"(64,)",0.0003,800,1875,469,586,0.9825604170036968,0.8767590968452768,17488.839925649634,24463.450226490237,0.9067503294436393,19031.826347759987,27342.891274094993
NeuralNetwork_MLP,lr_met_housestyle,"Overall Qual, Gr Liv Area, Neighborhood, House Style",4,0.2,2x64_32,2,"(64, 32)",0.01,300,1875,469,586,0.3455580000008922,0.8512004783933882,18971.533548964286,26880.728811443863,0.9037999132538072,19617.1500389305,27772.086821934823
NeuralNetwork_MLP,lr_met_housestyle,"Overall Qual, Gr Liv Area, Neighborhood, House Style",4,0.2,2x64_32,2,"(64, 32)",0.01,800,1875,469,586,0.3454351249965839,0.8512004783933882,18971.533548964286,26880.728811443863,0.9037999132538072,19617.1500389305,27772.086821934823
NeuralNetwork_MLP,lr_met_housestyle,"Overall Qual, Gr Liv Area, Neighborhood, House Style",4,0.2,2x64_32,2,"(64, 32)",0.001,300,1875,469,586,0.518741375009995,0.8532488715793,19631.748399598233,26695.065862186653,0.9011402832535889,19996.987100811664,28153.374885621015
NeuralNetwork_MLP,lr_met_housestyle,"Overall Qual, Gr Liv Area, Neighborhood, House Style",4,0.2,2x64_32,2,"(64, 32)",0.001,800,1875,469,586,0.5174592080002185,0.8532488715793,19631.748399598233,26695.065862186653,0.9011402832535889,19996.987100811664,28153.374885621015
NeuralNetwork_MLP,lr_met_housestyle,"Overall Qual, Gr Liv Area, Neighborhood, House Style",4,0.2,2x64_32,2,"(64, 32)",0.0003,300,1875,469,586,1.348537749989191,0.8658536911797194,18274.219136350755,25522.877471463205,0.9036876201117903,19060.43989839756,27788.291097034347
NeuralNetwork_MLP,lr_met_housestyle,"Overall Qual, Gr Liv Area, Neighborhood, House Style",4,0.2,2x64_32,2,"(64, 32)",0.0003,800,1875,469,586,1.3477094580011908,0.8658536911797194,18274.219136350755,25522.877471463205,0.9036876201117903,19060.43989839756,27788.291097034347
NeuralNetwork_MLP,lr_met_housestyle,"Overall Qual, Gr Liv Area, Neighborhood, House Style",4,0.2,2x128_64,2,"(128, 64)",0.01,300,1875,469,586,0.33419654199678916,0.8639175733720812,18472.731590169078,25706.401982616117,0.904524585144154,19122.67853625306,27667.286004052654
NeuralNetwork_MLP,lr_met_housestyle,"Overall Qual, Gr Liv Area, Neighborhood, House Style",4,0.2,2x128_64,2,"(128, 64)",0.01,800,1875,469,586,0.3342475410026964,0.8639175733720812,18472.731590169078,25706.401982616117,0.904524585144154,19122.67853625306,27667.286004052654
NeuralNetwork_MLP,lr_met_housestyle,"Overall Qual, Gr Liv Area, Neighborhood, House Style",4,0.2,2x128_64,2,"(128, 64)",0.001,300,1875,469,586,1.0827535840071505,0.831234143865682,20539.97942891231,28627.443449827893,0.8849794625086536,20925.665493872628,30367.46074955302
NeuralNetwork_MLP,lr_met_housestyle,"Overall Qual, Gr Liv Area, Neighborhood, House Style",4,0.2,2x128_64,2,"(128, 64)",0.001,800,1875,469,586,1.0842206250090385,0.831234143865682,20539.97942891231,28627.443449827893,0.8849794625086536,20925.665493872628,30367.46074955302
NeuralNetwork_MLP,lr_met_housestyle,"Overall Qual, Gr Liv Area, Neighborhood, House Style",4,0.2,2x128_64,2,"(128, 64)",0.0003,300,1875,469,586,1.4701409580011386,0.8679544770701505,18444.590397511387,25322.2395200181,0.9012042045297181,19340.612791000913,28144.271629501178
NeuralNetwork_MLP,lr_met_housestyle,"Overall Qual, Gr Liv Area, Neighborhood, House Style",4,0.2,2x128_64,2,"(128, 64)",0.0003,800,1875,469,586,1.4393513749964768,0.8679544770701505,18444.590397511387,25322.2395200181,0.9012042045297181,19340.612791000913,28144.271629501178
NeuralNetwork_MLP,lr_met_housestyle,"Overall Qual, Gr Liv Area, Neighborhood, House Style",4,0.2,3x128_64_32,3,"(128, 64, 32)",0.01,300,1875,469,586,0.6668931669992162,0.8239459873772762,20155.347106994595,29239.04852143626,0.8769289899938497,21515.037884806927,31412.222487903313
NeuralNetwork_MLP,lr_met_housestyle,"Overall Qual, Gr Liv Area, Neighborhood, House Style",4,0.2,3x128_64_32,3,"(128, 64, 32)",0.01,800,1875,469,586,0.6626588329963852,0.8239459873772762,20155.347106994595,29239.04852143626,0.8769289899938497,21515.037884806927,31412.222487903313
NeuralNetwork_MLP,lr_met_housestyle,"Overall Qual, Gr Liv Area, Neighborhood, House Style",4,0.2,3x128_64_32,3,"(128, 64, 32)",0.001,300,1875,469,586,0.7471298750024289,0.8457068883284388,19297.390634127303,27372.44178743557,0.901972992466066,19241.902806665716,28034.5542398443
NeuralNetwork_MLP,lr_met_housestyle,"Overall Qual, Gr Liv Area, Neighborhood, House Style",4,0.2,3x128_64_32,3,"(128, 64, 32)",0.001,800,1875,469,586,0.7509118330053752,0.8457068883284388,19297.390634127303,27372.44178743557,0.901972992466066,19241.902806665716,28034.5542398443
NeuralNetwork_MLP,lr_met_housestyle,"Overall Qual, Gr Liv Area, Neighborhood, House Style",4,0.2,3x128_64_32,3,"(128, 64, 32)",0.0003,300,1875,469,586,1.508916083999793,0.8576728329475417,18982.39047748335,26289.6118777356,0.8984051846421036,19678.585890145954,28540.169965570596
NeuralNetwork_MLP,lr_met_housestyle,"Overall Qual, Gr Liv Area, Neighborhood, House Style",4,0.2,3x128_64_32,3,"(128, 64, 32)",0.0003,800,1875,469,586,1.518215666001197,0.8576728329475417,18982.39047748335,26289.6118777356,0.8984051846421036,19678.585890145954,28540.169965570596
NeuralNetwork_MLP,lr_met_housestyle,"Overall Qual, Gr Liv Area, Neighborhood, House Style",4,0.3,1x32,1,"(32,)",0.01,300,1640,704,586,0.11800241700257175,0.8461997054576686,19227.10284630721,28731.843819721926,0.8960780260726853,19521.494039918685,28865.193694773505
NeuralNetwork_MLP,lr_met_housestyle,"Overall Qual, Gr Liv Area, Neighborhood, House Style",4,0.3,1x32,1,"(32,)",0.01,800,1640,704,586,0.11586487499880604,0.8461997054576686,19227.10284630721,28731.843819721926,0.8960780260726853,19521.494039918685,28865.193694773505
NeuralNetwork_MLP,lr_met_housestyle,"Overall Qual, Gr Liv Area, Neighborhood, House Style",4,0.3,1x32,1,"(32,)",0.001,300,1640,704,586,0.5717174580058781,0.8487340396204829,19122.93101098204,28494.137649556706,0.8934576975759244,19384.651762026602,29226.83726225429
NeuralNetwork_MLP,lr_met_housestyle,"Overall Qual, Gr Liv Area, Neighborhood, House Style",4,0.3,1x32,1,"(32,)",0.001,800,1640,704,586,0.5802649999968708,0.8487340396204829,19122.93101098204,28494.137649556706,0.8934576975759244,19384.651762026602,29226.83726225429
NeuralNetwork_MLP,lr_met_housestyle,"Overall Qual, Gr Liv Area, Neighborhood, House Style",4,0.3,1x32,1,"(32,)",0.0003,300,1640,704,586,0.825748624993139,0.8534774621190367,19120.40309947247,28043.817333627176,0.8989029271837803,19359.40312095712,28470.170828052887
NeuralNetwork_MLP,lr_met_housestyle,"Overall Qual, Gr Liv Area, Neighborhood, House Style",4,0.3,1x32,1,"(32,)",0.0003,800,1640,704,586,0.9469590419903398,0.8525931572349033,19118.45642278145,28128.3162094106,0.8992329197771565,19266.946488939568,28423.667876336363
NeuralNetwork_MLP,lr_met_housestyle,"Overall Qual, Gr Liv Area, Neighborhood, House Style",4,0.3,1x64,1,"(64,)",0.01,300,1640,704,586,0.12241187501058448,0.8270874642750454,20349.597351201544,30464.7875090687,0.8987483781421829,20173.397616443996,28491.92396675234
NeuralNetwork_MLP,lr_met_housestyle,"Overall Qual, Gr Liv Area, Neighborhood, House Style",4,0.3,1x64,1,"(64,)",0.01,800,1640,704,586,0.12277641700347885,0.8270874642750454,20349.597351201544,30464.7875090687,0.8987483781421829,20173.397616443996,28491.92396675234
NeuralNetwork_MLP,lr_met_housestyle,"Overall Qual, Gr Liv Area, Neighborhood, House Style",4,0.3,1x64,1,"(64,)",0.001,300,1640,704,586,0.5701947080087848,0.8493919116124617,18965.21202789751,28432.108092360773,0.9046786899931052,19227.224571606508,27644.94839599446
NeuralNetwork_MLP,lr_met_housestyle,"Overall Qual, Gr Liv Area, Neighborhood, House Style",4,0.3,1x64,1,"(64,)",0.001,800,1640,704,586,0.5702119579946157,0.8493919116124617,18965.21202789751,28432.108092360773,0.9046786899931052,19227.224571606508,27644.94839599446
NeuralNetwork_MLP,lr_met_housestyle,"Overall Qual, Gr Liv Area, Neighborhood, House Style",4,0.3,1x64,1,"(64,)",0.0003,300,1640,704,586,0.9500737089983886,0.8528138866827675,18666.699895229234,28107.248416348935,0.9087317554206439,18840.6980482634,27050.83225124137
NeuralNetwork_MLP,lr_met_housestyle,"Overall Qual, Gr Liv Area, Neighborhood, House Style",4,0.3,1x64,1,"(64,)",0.0003,800,1640,704,586,0.9458384169993224,0.8528138866827675,18666.699895229234,28107.248416348935,0.9087317554206439,18840.6980482634,27050.83225124137
NeuralNetwork_MLP,lr_met_housestyle,"Overall Qual, Gr Liv Area, Neighborhood, House Style",4,0.3,2x64_32,2,"(64, 32)",0.01,300,1640,704,586,0.28538558300351724,0.8068639948090321,20315.534870788393,32197.08362416053,0.8895428840521429,20860.97024440991,29758.951954357875
NeuralNetwork_MLP,lr_met_housestyle,"Overall Qual, Gr Liv Area, Neighborhood, House Style",4,0.3,2x64_32,2,"(64, 32)",0.01,800,1640,704,586,0.2856026249937713,0.8068639948090321,20315.534870788393,32197.08362416053,0.8895428840521429,20860.97024440991,29758.951954357875
NeuralNetwork_MLP,lr_met_housestyle,"Overall Qual, Gr Liv Area, Neighborhood, House Style",4,0.3,2x64_32,2,"(64, 32)",0.001,300,1640,704,586,0.6187577079981565,0.8253096330868643,19779.3231352367,30621.001583224937,0.8935000881932381,19806.163204542358,29221.022356313322
NeuralNetwork_MLP,lr_met_housestyle,"Overall Qual, Gr Liv Area, Neighborhood, House Style",4,0.3,2x64_32,2,"(64, 32)",0.001,800,1640,704,586,0.6192186659900472,0.8253096330868643,19779.3231352367,30621.001583224937,0.8935000881932381,19806.163204542358,29221.022356313322
NeuralNetwork_MLP,lr_met_housestyle,"Overall Qual, Gr Liv Area, Neighborhood, House Style",4,0.3,2x64_32,2,"(64, 32)",0.0003,300,1640,704,586,1.1646583339897916,0.8414649813255834,19432.624536201554,29170.74477602923,0.905255878869818,19028.81128763127,27561.12356804355
NeuralNetwork_MLP,lr_met_housestyle,"Overall Qual, Gr Liv Area, Neighborhood, House Style",4,0.3,2x64_32,2,"(64, 32)",0.0003,800,1640,704,586,1.1542949579888955,0.8414649813255834,19432.624536201554,29170.74477602923,0.905255878869818,19028.81128763127,27561.12356804355
NeuralNetwork_MLP,lr_met_housestyle,"Overall Qual, Gr Liv Area, Neighborhood, House Style",4,0.3,2x128_64,2,"(128, 64)",0.01,300,1640,704,586,0.3674682910059346,0.8287546553769641,19900.811599307523,30317.5638138094,0.8949265955479201,20152.328322530364,29024.66289999261
NeuralNetwork_MLP,lr_met_housestyle,"Overall Qual, Gr Liv Area, Neighborhood, House Style",4,0.3,2x128_64,2,"(128, 64)",0.01,800,1640,704,586,0.36923362499510404,0.8287546553769641,19900.811599307523,30317.5638138094,0.8949265955479201,20152.328322530364,29024.66289999261
NeuralNetwork_MLP,lr_met_housestyle,"Overall Qual, Gr Liv Area, Neighborhood, House Style",4,0.3,2x128_64,2,"(128, 64)",0.001,300,1640,704,586,0.6729338330042083,0.8251462980362668,20524.42301421346,30635.31351806166,0.9045670211093795,19434.300622859304,27661.13668027506
NeuralNetwork_MLP,lr_met_housestyle,"Overall Qual, Gr Liv Area, Neighborhood, House Style",4,0.3,2x128_64,2,"(128, 64)",0.001,800,1640,704,586,0.6586727919930127,0.8251462980362668,20524.42301421346,30635.31351806166,0.9045670211093795,19434.300622859304,27661.13668027506
NeuralNetwork_MLP,lr_met_housestyle,"Overall Qual, Gr Liv Area, Neighborhood, House Style",4,0.3,2x128_64,2,"(128, 64)",0.0003,300,1640,704,586,1.3176418329967419,0.828356943105781,20306.902315597017,30352.74922107205,0.9044219381199206,19640.547258556246,27682.154761990714
NeuralNetwork_MLP,lr_met_housestyle,"Overall Qual, Gr Liv Area, Neighborhood, House Style",4,0.3,2x128_64,2,"(128, 64)",0.0003,800,1640,704,586,1.3195382910053013,0.828356943105781,20306.902315597017,30352.74922107205,0.9044219381199206,19640.547258556246,27682.154761990714
NeuralNetwork_MLP,lr_met_housestyle,"Overall Qual, Gr Liv Area, Neighborhood, House Style",4,0.3,3x128_64_32,3,"(128, 64, 32)",0.01,300,1640,704,586,0.45040916599100456,0.814204637988474,20183.119834907244,31579.288997801163,0.8964950650313659,19244.33325868517,28807.217449738437
NeuralNetwork_MLP,lr_met_housestyle,"Overall Qual, Gr Liv Area, Neighborhood, House Style",4,0.3,3x128_64_32,3,"(128, 64, 32)",0.01,800,1640,704,586,0.448970500001451,0.814204637988474,20183.119834907244,31579.288997801163,0.8964950650313659,19244.33325868517,28807.217449738437
NeuralNetwork_MLP,lr_met_housestyle,"Overall Qual, Gr Liv Area, Neighborhood, House Style",4,0.3,3x128_64_32,3,"(128, 64, 32)",0.001,300,1640,704,586,0.5933005410042824,0.8164459817880256,20357.14434957602,31388.232547104115,0.902560206896704,19501.358520503712,27950.459952984867
NeuralNetwork_MLP,lr_met_housestyle,"Overall Qual, Gr Liv Area, Neighborhood, House Style",4,0.3,3x128_64_32,3,"(128, 64, 32)",0.001,800,1640,704,586,0.590406332994462,0.8164459817880256,20357.14434957602,31388.232547104115,0.902560206896704,19501.358520503712,27950.459952984867
NeuralNetwork_MLP,lr_met_housestyle,"Overall Qual, Gr Liv Area, Neighborhood, House Style",4,0.3,3x128_64_32,3,"(128, 64, 32)",0.0003,300,1640,704,586,1.0866092079959344,0.8217442279026013,20341.797532832214,30931.90831790885,0.8995297775883916,19523.482086029242,28381.76921571369
NeuralNetwork_MLP,lr_met_housestyle,"Overall Qual, Gr Liv Area, Neighborhood, House Style",4,0.3,3x128_64_32,3,"(128, 64, 32)",0.0003,800,1640,704,586,1.0853724999906262,0.8217442279026013,20341.797532832214,30931.90831790885,0.8995297775883916,19523.482086029242,28381.76921571369
NeuralNetwork_MLP,numeriek_alles,"Overall Qual, Gr Liv Area, Total Bsmt SF, Lot Area, Year Built, Full Bath, Bedroom AbvGr",7,0.15,1x32,1,"(32,)",0.01,300,1992,352,586,0.10850770800607279,0.8741306141601888,17412.2025705079,23676.78454883922,0.8665724956430254,18516.19940084612,32707.207332382386
NeuralNetwork_MLP,numeriek_alles,"Overall Qual, Gr Liv Area, Total Bsmt SF, Lot Area, Year Built, Full Bath, Bedroom AbvGr",7,0.15,1x32,1,"(32,)",0.01,800,1992,352,586,0.10739812499377877,0.8741306141601888,17412.2025705079,23676.78454883922,0.8665724956430254,18516.19940084612,32707.207332382386
NeuralNetwork_MLP,numeriek_alles,"Overall Qual, Gr Liv Area, Total Bsmt SF, Lot Area, Year Built, Full Bath, Bedroom AbvGr",7,0.15,1x32,1,"(32,)",0.001,300,1992,352,586,0.4662739580089692,0.8738549371051794,17081.127820243015,23702.698619164446,0.8850533140208251,18064.059952936183,30357.710129998904
NeuralNetwork_MLP,numeriek_alles,"Overall Qual, Gr Liv Area, Total Bsmt SF, Lot Area, Year Built, Full Bath, Bedroom AbvGr",7,0.15,1x32,1,"(32,)",0.001,800,1992,352,586,0.46722824999596924,0.8738549371051794,17081.127820243015,23702.698619164446,0.8850533140208251,18064.059952936183,30357.710129998904
NeuralNetwork_MLP,numeriek_alles,"Overall Qual, Gr Liv Area, Total Bsmt SF, Lot Area, Year Built, Full Bath, Bedroom AbvGr",7,0.15,1x32,1,"(32,)",0.0003,300,1992,352,586,0.7920247500005644,0.873009088982317,17202.867610680943,23782.03341886467,0.8807902715464323,18474.50652783914,30915.525415347187
NeuralNetwork_MLP,numeriek_alles,"Overall Qual, Gr Liv Area, Total Bsmt SF, Lot Area, Year Built, Full Bath, Bedroom AbvGr",7,0.15,1x32,1,"(32,)",0.0003,800,1992,352,586,0.7993745410058182,0.873009088982317,17202.867610680943,23782.03341886467,0.8807902715464323,18474.50652783914,30915.525415347187
NeuralNetwork_MLP,numeriek_alles,"Overall Qual, Gr Liv Area, Total Bsmt SF, Lot Area, Year Built, Full Bath, Bedroom AbvGr",7,0.15,1x64,1,"(64,)",0.01,300,1992,352,586,0.1754690829984611,0.8718739823707089,17154.570378951285,23888.084660351953,0.8666723933211442,18270.008254020664,32694.961034705997
NeuralNetwork_MLP,numeriek_alles,"Overall Qual, Gr Liv Area, Total Bsmt SF, Lot Area, Year Built, Full Bath, Bedroom AbvGr",7,0.15,1x64,1,"(64,)",0.01,800,1992,352,586,0.1769827499956591,0.8718739823707089,17154.570378951285,23888.084660351953,0.8666723933211442,18270.008254020664,32694.961034705997
NeuralNetwork_MLP,numeriek_alles,"Overall Qual, Gr Liv Area, Total Bsmt SF, Lot Area, Year Built, Full Bath, Bedroom AbvGr",7,0.15,1x64,1,"(64,)",0.001,300,1992,352,586,0.49997950000397395,0.8696842625949457,17513.89075099645,24091.347863349347,0.8793927682076403,18038.435343065226,31096.209764364306
NeuralNetwork_MLP,numeriek_alles,"Overall Qual, Gr Liv Area, Total Bsmt SF, Lot Area, Year Built, Full Bath, Bedroom AbvGr",7,0.15,1x64,1,"(64,)",0.001,800,1992,352,586,0.49071445800655056,0.8696842625949457,17513.89075099645,24091.347863349347,0.8793927682076403,18038.435343065226,31096.209764364306
NeuralNetwork_MLP,numeriek_alles,"Overall Qual, Gr Liv Area, Total Bsmt SF, Lot Area, Year Built, Full Bath, Bedroom AbvGr",7,0.15,1x64,1,"(64,)",0.0003,300,1992,352,586,0.7410304579971125,0.8692588010515565,17429.352810441105,24130.64315393581,0.8802116693069643,18296.660509658737,30990.461159764036
NeuralNetwork_MLP,numeriek_alles,"Overall Qual, Gr Liv Area, Total Bsmt SF, Lot Area, Year Built, Full Bath, Bedroom AbvGr",7,0.15,1x64,1,"(64,)",0.0003,800,1992,352,586,0.7424468340032035,0.8692588010515565,17429.352810441105,24130.64315393581,0.8802116693069643,18296.660509658737,30990.461159764036
NeuralNetwork_MLP,numeriek_alles,"Overall Qual, Gr Liv Area, Total Bsmt SF, Lot Area, Year Built, Full Bath, Bedroom AbvGr",7,0.15,2x64_32,2,"(64, 32)",0.01,300,1992,352,586,0.26610187500773463,0.8559410956595286,17578.736325522066,25329.855913010044,0.8618882016997078,19378.634810174477,33276.3874646341
NeuralNetwork_MLP,numeriek_alles,"Overall Qual, Gr Liv Area, Total Bsmt SF, Lot Area, Year Built, Full Bath, Bedroom AbvGr",7,0.15,2x64_32,2,"(64, 32)",0.01,800,1992,352,586,0.2657120420044521,0.8559410956595286,17578.736325522066,25329.855913010044,0.8618882016997078,19378.634810174477,33276.3874646341
NeuralNetwork_MLP,numeriek_alles,"Overall Qual, Gr Liv Area, Total Bsmt SF, Lot Area, Year Built, Full Bath, Bedroom AbvGr",7,0.15,2x64_32,2,"(64, 32)",0.001,300,1992,352,586,0.5870075419952627,0.8470957917746429,18510.706529854364,26095.906327051984,0.8743897931700628,18268.755659932845,31734.616018950957
NeuralNetwork_MLP,numeriek_alles,"Overall Qual, Gr Liv Area, Total Bsmt SF, Lot Area, Year Built, Full Bath, Bedroom AbvGr",7,0.15,2x64_32,2,"(64, 32)",0.001,800,1992,352,586,0.5871692090004217,0.8470957917746429,18510.706529854364,26095.906327051984,0.8743897931700628,18268.755659932845,31734.616018950957
NeuralNetwork_MLP,numeriek_alles,"Overall Qual, Gr Liv Area, Total Bsmt SF, Lot Area, Year Built, Full Bath, Bedroom AbvGr",7,0.15,2x64_32,2,"(64, 32)",0.0003,300,1992,352,586,1.0003649999998743,0.8508163503967405,18149.095761974164,25776.46035239258,0.8716012740512191,17802.274880851583,32084.93321735048
NeuralNetwork_MLP,numeriek_alles,"Overall Qual, Gr Liv Area, Total Bsmt SF, Lot Area, Year Built, Full Bath, Bedroom AbvGr",7,0.15,2x64_32,2,"(64, 32)",0.0003,800,1992,352,586,1.0007789170049364,0.8508163503967405,18149.095761974164,25776.46035239258,0.8716012740512191,17802.274880851583,32084.93321735048
NeuralNetwork_MLP,numeriek_alles,"Overall Qual, Gr Liv Area, Total Bsmt SF, Lot Area, Year Built, Full Bath, Bedroom AbvGr",7,0.15,2x128_64,2,"(128, 64)",0.01,300,1992,352,586,0.5183717500040075,0.8692161873647712,17618.302561980017,24134.57539526729,0.8401024737659979,19166.229865510024,35804.83320188342
NeuralNetwork_MLP,numeriek_alles,"Overall Qual, Gr Liv Area, Total Bsmt SF, Lot Area, Year Built, Full Bath, Bedroom AbvGr",7,0.15,2x128_64,2,"(128, 64)",0.01,800,1992,352,586,0.5228460830112454,0.8692161873647712,17618.302561980017,24134.57539526729,0.8401024737659979,19166.229865510024,35804.83320188342
NeuralNetwork_MLP,numeriek_alles,"Overall Qual, Gr Liv Area, Total Bsmt SF, Lot Area, Year Built, Full Bath, Bedroom AbvGr",7,0.15,2x128_64,2,"(128, 64)",0.001,300,1992,352,586,0.876486166001996,0.8489069490572333,18001.635274284872,25940.89232552933,0.8637747920725144,19471.372237658496,33048.33027486398
NeuralNetwork_MLP,numeriek_alles,"Overall Qual, Gr Liv Area, Total Bsmt SF, Lot Area, Year Built, Full Bath, Bedroom AbvGr",7,0.15,2x128_64,2,"(128, 64)",0.001,800,1992,352,586,0.875614458011114,0.8489069490572333,18001.635274284872,25940.89232552933,0.8637747920725144,19471.372237658496,33048.33027486398
NeuralNetwork_MLP,numeriek_alles,"Overall Qual, Gr Liv Area, Total Bsmt SF, Lot Area, Year Built, Full Bath, Bedroom AbvGr",7,0.15,2x128_64,2,"(128, 64)",0.0003,300,1992,352,586,1.4382125830015866,0.8508852201703919,18225.60960702747,25770.509888243396,0.8565268188954043,18952.453674142715,33916.118679853476
NeuralNetwork_MLP,numeriek_alles,"Overall Qual, Gr Liv Area, Total Bsmt SF, Lot Area, Year Built, Full Bath, Bedroom AbvGr",7,0.15,2x128_64,2,"(128, 64)",0.0003,800,1992,352,586,1.4275562920083757,0.8508852201703919,18225.60960702747,25770.509888243396,0.8565268188954043,18952.453674142715,33916.118679853476
NeuralNetwork_MLP,numeriek_alles,"Overall Qual, Gr Liv Area, Total Bsmt SF, Lot Area, Year Built, Full Bath, Bedroom AbvGr",7,0.15,3x128_64_32,3,"(128, 64, 32)",0.01,300,1992,352,586,0.3158369579905411,0.8508753019307751,17966.761266945014,25771.366925494603,0.8300825313240169,19839.404132038344,36909.638976942224
NeuralNetwork_MLP,numeriek_alles,"Overall Qual, Gr Liv Area, Total Bsmt SF, Lot Area, Year Built, Full Bath, Bedroom AbvGr",7,0.15,3x128_64_32,3,"(128, 64, 32)",0.01,800,1992,352,586,0.31560854200506583,0.8508753019307751,17966.761266945014,25771.366925494603,0.8300825313240169,19839.404132038344,36909.638976942224
NeuralNetwork_MLP,numeriek_alles,"Overall Qual, Gr Liv Area, Total Bsmt SF, Lot Area, Year Built, Full Bath, Bedroom AbvGr",7,0.15,3x128_64_32,3,"(128, 64, 32)",0.001,300,1992,352,586,1.4371652080008062,0.829203921565428,19818.267838477346,27580.46684689135,0.8744363755720749,20156.3165479423,31728.731100209316
NeuralNetwork_MLP,numeriek_alles,"Overall Qual, Gr Liv Area, Total Bsmt SF, Lot Area, Year Built, Full Bath, Bedroom AbvGr",7,0.15,3x128_64_32,3,"(128, 64, 32)",0.001,800,1992,352,586,1.4343545000010636,0.829203921565428,19818.267838477346,27580.46684689135,0.8744363755720749,20156.3165479423,31728.731100209316
NeuralNetwork_MLP,numeriek_alles,"Overall Qual, Gr Liv Area, Total Bsmt SF, Lot Area, Year Built, Full Bath, Bedroom AbvGr",7,0.15,3x128_64_32,3,"(128, 64, 32)",0.0003,300,1992,352,586,1.4249237080075545,0.8404484241654165,18452.6868284797,26657.11923970756,0.8843311228681033,18844.618875637476,30452.92705996029
NeuralNetwork_MLP,numeriek_alles,"Overall Qual, Gr Liv Area, Total Bsmt SF, Lot Area, Year Built, Full Bath, Bedroom AbvGr",7,0.15,3x128_64_32,3,"(128, 64, 32)",0.0003,800,1992,352,586,1.4263769170065643,0.8404484241654165,18452.6868284797,26657.11923970756,0.8843311228681033,18844.618875637476,30452.92705996029
NeuralNetwork_MLP,numeriek_alles,"Overall Qual, Gr Liv Area, Total Bsmt SF, Lot Area, Year Built, Full Bath, Bedroom AbvGr",7,0.2,1x32,1,"(32,)",0.01,300,1875,469,586,0.1098429169942392,0.8646297579308189,18941.176585484238,25639.046780561002,0.8404472385777132,20163.80969595748,35766.21187953618
NeuralNetwork_MLP,numeriek_alles,"Overall Qual, Gr Liv Area, Total Bsmt SF, Lot Area, Year Built, Full Bath, Bedroom AbvGr",7,0.2,1x32,1,"(32,)",0.01,800,1875,469,586,0.10935308299667668,0.8646297579308189,18941.176585484238,25639.046780561002,0.8404472385777132,20163.80969595748,35766.21187953618
NeuralNetwork_MLP,numeriek_alles,"Overall Qual, Gr Liv Area, Total Bsmt SF, Lot Area, Year Built, Full Bath, Bedroom AbvGr",7,0.2,1x32,1,"(32,)",0.001,300,1875,469,586,0.5535613749962067,0.8710935138274325,18145.134079169995,25019.444164964923,0.8851695850204394,18598.258593697516,30342.352513024685
NeuralNetwork_MLP,numeriek_alles,"Overall Qual, Gr Liv Area, Total Bsmt SF, Lot Area, Year Built, Full Bath, Bedroom AbvGr",7,0.2,1x32,1,"(32,)",0.001,800,1875,469,586,0.5638211249897722,0.8710935138274325,18145.134079169995,25019.444164964923,0.8851695850204394,18598.258593697516,30342.352513024685
NeuralNetwork_MLP,numeriek_alles,"Overall Qual, Gr Liv Area, Total Bsmt SF, Lot Area, Year Built, Full Bath, Bedroom AbvGr",7,0.2,1x32,1,"(32,)",0.0003,300,1875,469,586,0.7996390420012176,0.8759274677140295,17716.895829256377,24545.851083150188,0.8804565262796156,18635.517062603933,30958.771461096352
NeuralNetwork_MLP,numeriek_alles,"Overall Qual, Gr Liv Area, Total Bsmt SF, Lot Area, Year Built, Full Bath, Bedroom AbvGr",7,0.2,1x32,1,"(32,)",0.0003,800,1875,469,586,0.8634081249911105,0.8756997969093535,17721.45886717571,24568.36135304415,0.8806278364435393,18642.21613825748,30936.580983199878
NeuralNetwork_MLP,numeriek_alles,"Overall Qual, Gr Liv Area, Total Bsmt SF, Lot Area, Year Built, Full Bath, Bedroom AbvGr",7,0.2,1x64,1,"(64,)",0.01,300,1875,469,586,0.16228583399788477,0.8765631063997527,18090.598675000103,24482.894654769105,0.8651309533756897,18150.964371123846,32883.41596772211
NeuralNetwork_MLP,numeriek_alles,"Overall Qual, Gr Liv Area, Total Bsmt SF, Lot Area, Year Built, Full Bath, Bedroom AbvGr",7,0.2,1x64,1,"(64,)",0.01,800,1875,469,586,0.16195183400122914,0.8765631063997527,18090.598675000103,24482.894654769105,0.8651309533756897,18150.964371123846,32883.41596772211
NeuralNetwork_MLP,numeriek_alles,"Overall Qual, Gr Liv Area, Total Bsmt SF, Lot Area, Year Built, Full Bath, Bedroom AbvGr",7,0.2,1x64,1,"(64,)",0.001,300,1875,469,586,0.539633791995584,0.872327819082962,17987.41118759747,24899.3729690275,0.8774546922970354,18555.26973919221,31345.061464549057
NeuralNetwork_MLP,numeriek_alles,"Overall Qual, Gr Liv Area, Total Bsmt SF, Lot Area, Year Built, Full Bath, Bedroom AbvGr",7,0.2,1x64,1,"(64,)",0.001,800,1875,469,586,0.5456140829919605,0.872327819082962,17987.41118759747,24899.3729690275,0.8774546922970354,18555.26973919221,31345.061464549057
NeuralNetwork_MLP,numeriek_alles,"Overall Qual, Gr Liv Area, Total Bsmt SF, Lot Area, Year Built, Full Bath, Bedroom AbvGr",7,0.2,1x64,1,"(64,)",0.0003,300,1875,469,586,0.7810014170099748,0.8769532717642825,17988.62133294357,24444.170665540292,0.8807188955619052,18288.302593961307,30924.77925683608
NeuralNetwork_MLP,numeriek_alles,"Overall Qual, Gr Liv Area, Total Bsmt SF, Lot Area, Year Built, Full Bath, Bedroom AbvGr",7,0.2,1x64,1,"(64,)",0.0003,800,1875,469,586,0.780911791996914,0.8769532717642825,17988.62133294357,24444.170665540292,0.8807188955619052,18288.302593961307,30924.77925683608
NeuralNetwork_MLP,numeriek_alles,"Overall Qual, Gr Liv Area, Total Bsmt SF, Lot Area, Year Built, Full Bath, Bedroom AbvGr",7,0.2,2x64_32,2,"(64, 32)",0.01,300,1875,469,586,0.16038041601132136,0.8724451779602497,18065.24075610359,24887.92633173935,0.8641359835209066,18954.55030216258,33004.48854635947
NeuralNetwork_MLP,numeriek_alles,"Overall Qual, Gr Liv Area, Total Bsmt SF, Lot Area, Year Built, Full Bath, Bedroom AbvGr",7,0.2,2x64_32,2,"(64, 32)",0.01,800,1875,469,586,0.16038241700152867,0.8724451779602497,18065.24075610359,24887.92633173935,0.8641359835209066,18954.55030216258,33004.48854635947
NeuralNetwork_MLP,numeriek_alles,"Overall Qual, Gr Liv Area, Total Bsmt SF, Lot Area, Year Built, Full Bath, Bedroom AbvGr",7,0.2,2x64_32,2,"(64, 32)",0.001,300,1875,469,586,0.7800515000126325,0.8423079851873244,19430.78997163747,27672.291447828993,0.8683102209648542,19648.0922382848,32493.524207523773
NeuralNetwork_MLP,numeriek_alles,"Overall Qual, Gr Liv Area, Total Bsmt SF, Lot Area, Year Built, Full Bath, Bedroom AbvGr",7,0.2,2x64_32,2,"(64, 32)",0.001,800,1875,469,586,0.7794731660105754,0.8423079851873244,19430.78997163747,27672.291447828993,0.8683102209648542,19648.0922382848,32493.524207523773
NeuralNetwork_MLP,numeriek_alles,"Overall Qual, Gr Liv Area, Total Bsmt SF, Lot Area, Year Built, Full Bath, Bedroom AbvGr",7,0.2,2x64_32,2,"(64, 32)",0.0003,300,1875,469,586,1.11141804199724,0.8522471154043105,18829.864426030454,26786.024159486606,0.8751332059718727,18057.441289756945,31640.567411146363
NeuralNetwork_MLP,numeriek_alles,"Overall Qual, Gr Liv Area, Total Bsmt SF, Lot Area, Year Built, Full Bath, Bedroom AbvGr",7,0.2,2x64_32,2,"(64, 32)",0.0003,800,1875,469,586,1.1039759580016835,0.8522471154043105,18829.864426030454,26786.024159486606,0.8751332059718727,18057.441289756945,31640.567411146363
NeuralNetwork_MLP,numeriek_alles,"Overall Qual, Gr Liv Area, Total Bsmt SF, Lot Area, Year Built, Full Bath, Bedroom AbvGr",7,0.2,2x128_64,2,"(128, 64)",0.01,300,1875,469,586,0.28373050001391675,0.7541876942978607,22468.181592031746,34549.525106006426,0.7300852406473104,27635.458347945925,46519.399398204005
NeuralNetwork_MLP,numeriek_alles,"Overall Qual, Gr Liv Area, Total Bsmt SF, Lot Area, Year Built, Full Bath, Bedroom AbvGr",7,0.2,2x128_64,2,"(128, 64)",0.01,800,1875,469,586,0.2847092499869177,0.7541876942978607,22468.181592031746,34549.525106006426,0.7300852406473104,27635.458347945925,46519.399398204005
NeuralNetwork_MLP,numeriek_alles,"Overall Qual, Gr Liv Area, Total Bsmt SF, Lot Area, Year Built, Full Bath, Bedroom AbvGr",7,0.2,2x128_64,2,"(128, 64)",0.001,300,1875,469,586,1.1015449999977136,0.8581255379760819,18553.675997409824,26247.76843120709,0.8611803916159554,19268.072483380754,33361.547685455516
NeuralNetwork_MLP,numeriek_alles,"Overall Qual, Gr Liv Area, Total Bsmt SF, Lot Area, Year Built, Full Bath, Bedroom AbvGr",7,0.2,2x128_64,2,"(128, 64)",0.001,800,1875,469,586,1.1065556249959627,0.8581255379760819,18553.675997409824,26247.76843120709,0.8611803916159554,19268.072483380754,33361.547685455516
NeuralNetwork_MLP,numeriek_alles,"Overall Qual, Gr Liv Area, Total Bsmt SF, Lot Area, Year Built, Full Bath, Bedroom AbvGr",7,0.2,2x128_64,2,"(128, 64)",0.0003,300,1875,469,586,1.344522874991526,0.8730057901038186,17605.94368618592,24833.174038540765,0.8708603679923983,18415.157261547243,32177.37076581517
NeuralNetwork_MLP,numeriek_alles,"Overall Qual, Gr Liv Area, Total Bsmt SF, Lot Area, Year Built, Full Bath, Bedroom AbvGr",7,0.2,2x128_64,2,"(128, 64)",0.0003,800,1875,469,586,1.3493571250000969,0.8730057901038186,17605.94368618592,24833.174038540765,0.8708603679923983,18415.157261547243,32177.37076581517
NeuralNetwork_MLP,numeriek_alles,"Overall Qual, Gr Liv Area, Total Bsmt SF, Lot Area, Year Built, Full Bath, Bedroom AbvGr",7,0.2,3x128_64_32,3,"(128, 64, 32)",0.01,300,1875,469,586,0.6022833339957288,0.8590140555160096,18406.40272297263,26165.448360511502,0.8408431678743381,19063.34805822834,35721.80748644914
NeuralNetwork_MLP,numeriek_alles,"Overall Qual, Gr Liv Area, Total Bsmt SF, Lot Area, Year Built, Full Bath, Bedroom AbvGr",7,0.2,3x128_64_32,3,"(128, 64, 32)",0.01,800,1875,469,586,0.6029060830041999,0.8590140555160096,18406.40272297263,26165.448360511502,0.8408431678743381,19063.34805822834,35721.80748644914
NeuralNetwork_MLP,numeriek_alles,"Overall Qual, Gr Liv Area, Total Bsmt SF, Lot Area, Year Built, Full Bath, Bedroom AbvGr",7,0.2,3x128_64_32,3,"(128, 64, 32)",0.001,300,1875,469,586,1.3746043749997625,0.8227149971693308,20651.054330364997,29341.09187763351,0.8680523567433589,20650.22031398217,32525.321738307804
NeuralNetwork_MLP,numeriek_alles,"Overall Qual, Gr Liv Area, Total Bsmt SF, Lot Area, Year Built, Full Bath, Bedroom AbvGr",7,0.2,3x128_64_32,3,"(128, 64, 32)",0.001,800,1875,469,586,1.3732494169962592,0.8227149971693308,20651.054330364997,29341.09187763351,0.8680523567433589,20650.22031398217,32525.321738307804
NeuralNetwork_MLP,numeriek_alles,"Overall Qual, Gr Liv Area, Total Bsmt SF, Lot Area, Year Built, Full Bath, Bedroom AbvGr",7,0.2,3x128_64_32,3,"(128, 64, 32)",0.0003,300,1875,469,586,1.7175751670001773,0.8404369993086555,19305.585545792383,27835.97062141261,0.8814897540026934,19277.652049390865,30824.69103798245
NeuralNetwork_MLP,numeriek_alles,"Overall Qual, Gr Liv Area, Total Bsmt SF, Lot Area, Year Built, Full Bath, Bedroom AbvGr",7,0.2,3x128_64_32,3,"(128, 64, 32)",0.0003,800,1875,469,586,1.718706542000291,0.8404369993086555,19305.585545792383,27835.97062141261,0.8814897540026934,19277.652049390865,30824.69103798245
NeuralNetwork_MLP,numeriek_alles,"Overall Qual, Gr Liv Area, Total Bsmt SF, Lot Area, Year Built, Full Bath, Bedroom AbvGr",7,0.3,1x32,1,"(32,)",0.01,300,1640,704,586,0.10900329099968076,0.8570417058013647,18728.45036569564,27700.626540637528,0.8444207037787153,18749.992975629895,35318.04729187398
NeuralNetwork_MLP,numeriek_alles,"Overall Qual, Gr Liv Area, Total Bsmt SF, Lot Area, Year Built, Full Bath, Bedroom AbvGr",7,0.3,1x32,1,"(32,)",0.01,800,1640,704,586,0.10950033299741335,0.8570417058013647,18728.45036569564,27700.626540637528,0.8444207037787153,18749.992975629895,35318.04729187398
NeuralNetwork_MLP,numeriek_alles,"Overall Qual, Gr Liv Area, Total Bsmt SF, Lot Area, Year Built, Full Bath, Bedroom AbvGr",7,0.3,1x32,1,"(32,)",0.001,300,1640,704,586,0.4491977500001667,0.8557327635656665,18641.440199277225,27827.152606395586,0.8765348939586465,18752.813000356193,31462.476149870352
NeuralNetwork_MLP,numeriek_alles,"Overall Qual, Gr Liv Area, Total Bsmt SF, Lot Area, Year Built, Full Bath, Bedroom AbvGr",7,0.3,1x32,1,"(32,)",0.001,800,1640,704,586,0.43923354099388234,0.8557327635656665,18641.440199277225,27827.152606395586,0.8765348939586465,18752.813000356193,31462.476149870352
NeuralNetwork_MLP,numeriek_alles,"Overall Qual, Gr Liv Area, Total Bsmt SF, Lot Area, Year Built, Full Bath, Bedroom AbvGr",7,0.3,1x32,1,"(32,)",0.0003,300,1640,704,586,0.6040509169979487,0.8513974595548242,19169.98748410065,28242.167890866353,0.8758524998163375,18848.079744035767,31549.303212985444
NeuralNetwork_MLP,numeriek_alles,"Overall Qual, Gr Liv Area, Total Bsmt SF, Lot Area, Year Built, Full Bath, Bedroom AbvGr",7,0.3,1x32,1,"(32,)",0.0003,800,1640,704,586,0.6186296670057345,0.8513974595548242,19169.98748410065,28242.167890866353,0.8758524998163375,18848.079744035767,31549.303212985444
NeuralNetwork_MLP,numeriek_alles,"Overall Qual, Gr Liv Area, Total Bsmt SF, Lot Area, Year Built, Full Bath, Bedroom AbvGr",7,0.3,1x64,1,"(64,)",0.01,300,1640,704,586,0.09556245899875648,0.8583619627023903,19067.73498345829,27572.41861268765,0.8614135971272807,18662.57453948862,33333.51358024114
NeuralNetwork_MLP,numeriek_alles,"Overall Qual, Gr Liv Area, Total Bsmt SF, Lot Area, Year Built, Full Bath, Bedroom AbvGr",7,0.3,1x64,1,"(64,)",0.01,800,1640,704,586,0.09585079200041946,0.8583619627023903,19067.73498345829,27572.41861268765,0.8614135971272807,18662.57453948862,33333.51358024114
NeuralNetwork_MLP,numeriek_alles,"Overall Qual, Gr Liv Area, Total Bsmt SF, Lot Area, Year Built, Full Bath, Bedroom AbvGr",7,0.3,1x64,1,"(64,)",0.001,300,1640,704,586,0.3842233339964878,0.8478020743984154,19244.169568518726,28581.780526747407,0.8734235237444182,18431.678421950797,31856.443073647355
NeuralNetwork_MLP,numeriek_alles,"Overall Qual, Gr Liv Area, Total Bsmt SF, Lot Area, Year Built, Full Bath, Bedroom AbvGr",7,0.3,1x64,1,"(64,)",0.001,800,1640,704,586,0.3841524579911493,0.8478020743984154,19244.169568518726,28581.780526747407,0.8734235237444182,18431.678421950797,31856.443073647355
NeuralNetwork_MLP,numeriek_alles,"Overall Qual, Gr Liv Area, Total Bsmt SF, Lot Area, Year Built, Full Bath, Bedroom AbvGr",7,0.3,1x64,1,"(64,)",0.0003,300,1640,704,586,0.8085417920083273,0.8504112174893533,19106.94572083888,28335.73140624298,0.8745730125703006,18475.54163546309,31711.46296762387
NeuralNetwork_MLP,numeriek_alles,"Overall Qual, Gr Liv Area, Total Bsmt SF, Lot Area, Year Built, Full Bath, Bedroom AbvGr",7,0.3,1x64,1,"(64,)",0.0003,800,1640,704,586,0.8063053339865291,0.8504112174893533,19106.94572083888,28335.73140624298,0.8745730125703006,18475.54163546309,31711.46296762387
NeuralNetwork_MLP,numeriek_alles,"Overall Qual, Gr Liv Area, Total Bsmt SF, Lot Area, Year Built, Full Bath, Bedroom AbvGr",7,0.3,2x64_32,2,"(64, 32)",0.01,300,1640,704,586,0.19833245799236465,0.8372775595267078,20631.572529894478,29553.4807100721,0.8638393167885922,20644.175724507422,33040.50247730216
NeuralNetwork_MLP,numeriek_alles,"Overall Qual, Gr Liv Area, Total Bsmt SF, Lot Area, Year Built, Full Bath, Bedroom AbvGr",7,0.3,2x64_32,2,"(64, 32)",0.01,800,1640,704,586,0.1986568339925725,0.8372775595267078,20631.572529894478,29553.4807100721,0.8638393167885922,20644.175724507422,33040.50247730216
NeuralNetwork_MLP,numeriek_alles,"Overall Qual, Gr Liv Area, Total Bsmt SF, Lot Area, Year Built, Full Bath, Bedroom AbvGr",7,0.3,2x64_32,2,"(64, 32)",0.001,300,1640,704,586,0.3562473749916535,0.8469633361419104,19153.667162200665,28660.42711813326,0.8788592841054855,17850.262934717488,31164.90808696135
NeuralNetwork_MLP,numeriek_alles,"Overall Qual, Gr Liv Area, Total Bsmt SF, Lot Area, Year Built, Full Bath, Bedroom AbvGr",7,0.3,2x64_32,2,"(64, 32)",0.001,800,1640,704,586,0.35714554200239945,0.8469633361419104,19153.667162200665,28660.42711813326,0.8788592841054855,17850.262934717488,31164.90808696135
NeuralNetwork_MLP,numeriek_alles,"Overall Qual, Gr Liv Area, Total Bsmt SF, Lot Area, Year Built, Full Bath, Bedroom AbvGr",7,0.3,2x64_32,2,"(64, 32)",0.0003,300,1640,704,586,0.853460707992781,0.8382221610824527,19483.40400032066,29467.57708431412,0.8735248959940616,18432.402051343674,31843.683964550255
NeuralNetwork_MLP,numeriek_alles,"Overall Qual, Gr Liv Area, Total Bsmt SF, Lot Area, Year Built, Full Bath, Bedroom AbvGr",7,0.3,2x64_32,2,"(64, 32)",0.0003,800,1640,704,586,0.8525582500005839,0.8382221610824527,19483.40400032066,29467.57708431412,0.8735248959940616,18432.402051343674,31843.683964550255
NeuralNetwork_MLP,numeriek_alles,"Overall Qual, Gr Liv Area, Total Bsmt SF, Lot Area, Year Built, Full Bath, Bedroom AbvGr",7,0.3,2x128_64,2,"(128, 64)",0.01,300,1640,704,586,0.34291449999727774,0.8555679483613081,19138.669075106616,27843.043354746304,0.8503481762176156,18942.451080317765,34638.71634635193
NeuralNetwork_MLP,numeriek_alles,"Overall Qual, Gr Liv Area, Total Bsmt SF, Lot Area, Year Built, Full Bath, Bedroom AbvGr",7,0.3,2x128_64,2,"(128, 64)",0.01,800,1640,704,586,0.34220704199105967,0.8555679483613081,19138.669075106616,27843.043354746304,0.8503481762176156,18942.451080317765,34638.71634635193
NeuralNetwork_MLP,numeriek_alles,"Overall Qual, Gr Liv Area, Total Bsmt SF, Lot Area, Year Built, Full Bath, Bedroom AbvGr",7,0.3,2x128_64,2,"(128, 64)",0.001,300,1640,704,586,0.7422060829994734,0.8510819526978531,18775.108121543875,28272.133303834547,0.8670068669597382,18830.13131293609,32653.925011120664
NeuralNetwork_MLP,numeriek_alles,"Overall Qual, Gr Liv Area, Total Bsmt SF, Lot Area, Year Built, Full Bath, Bedroom AbvGr",7,0.3,2x128_64,2,"(128, 64)",0.001,800,1640,704,586,0.7357634170039091,0.8510819526978531,18775.108121543875,28272.133303834547,0.8670068669597382,18830.13131293609,32653.925011120664
NeuralNetwork_MLP,numeriek_alles,"Overall Qual, Gr Liv Area, Total Bsmt SF, Lot Area, Year Built, Full Bath, Bedroom AbvGr",7,0.3,2x128_64,2,"(128, 64)",0.0003,300,1640,704,586,1.3923944999987725,0.8516701892268509,19194.425201081813,28216.239617730556,0.8701769662333071,19601.656830136246,32262.399101125706
NeuralNetwork_MLP,numeriek_alles,"Overall Qual, Gr Liv Area, Total Bsmt SF, Lot Area, Year Built, Full Bath, Bedroom AbvGr",7,0.3,2x128_64,2,"(128, 64)",0.0003,800,1640,704,586,1.3773054579942254,0.8516701892268509,19194.425201081813,28216.239617730556,0.8701769662333071,19601.656830136246,32262.399101125706
NeuralNetwork_MLP,numeriek_alles,"Overall Qual, Gr Liv Area, Total Bsmt SF, Lot Area, Year Built, Full Bath, Bedroom AbvGr",7,0.3,3x128_64_32,3,"(128, 64, 32)",0.01,300,1640,704,586,0.24433687499549706,0.8479735243209587,19502.471972800744,28565.677400285727,0.8363565193574358,19305.80917054151,36221.80903312719
NeuralNetwork_MLP,numeriek_alles,"Overall Qual, Gr Liv Area, Total Bsmt SF, Lot Area, Year Built, Full Bath, Bedroom AbvGr",7,0.3,3x128_64_32,3,"(128, 64, 32)",0.01,800,1640,704,586,0.24469999999564607,0.8479735243209587,19502.471972800744,28565.677400285727,0.8363565193574358,19305.80917054151,36221.80903312719
NeuralNetwork_MLP,numeriek_alles,"Overall Qual, Gr Liv Area, Total Bsmt SF, Lot Area, Year Built, Full Bath, Bedroom AbvGr",7,0.3,3x128_64_32,3,"(128, 64, 32)",0.001,300,1640,704,586,0.8815457500022603,0.8287544865324151,20085.076967491466,30317.57876006718,0.8634336102573317,19867.278596166147,33089.68986728152
NeuralNetwork_MLP,numeriek_alles,"Overall Qual, Gr Liv Area, Total Bsmt SF, Lot Area, Year Built, Full Bath, Bedroom AbvGr",7,0.3,3x128_64_32,3,"(128, 64, 32)",0.001,800,1640,704,586,0.8646917500009295,0.8287544865324151,20085.076967491466,30317.57876006718,0.8634336102573317,19867.278596166147,33089.68986728152
NeuralNetwork_MLP,numeriek_alles,"Overall Qual, Gr Liv Area, Total Bsmt SF, Lot Area, Year Built, Full Bath, Bedroom AbvGr",7,0.3,3x128_64_32,3,"(128, 64, 32)",0.0003,300,1640,704,586,1.7538131250039442,0.8283104173310207,20161.648020183497,30356.86266881348,0.8716796650360727,20133.040419950135,32075.137350967416
NeuralNetwork_MLP,numeriek_alles,"Overall Qual, Gr Liv Area, Total Bsmt SF, Lot Area, Year Built, Full Bath, Bedroom AbvGr",7,0.3,3x128_64_32,3,"(128, 64, 32)",0.0003,800,1640,704,586,1.7427351670048665,0.8283104173310207,20161.648020183497,30356.86266881348,0.8716796650360727,20133.040419950135,32075.137350967416
NeuralNetwork_MLP,sterke_subset,"Overall Qual, Gr Liv Area, Total Bsmt SF, Year Built, Full Bath, Neighborhood",6,0.15,1x32,1,"(32,)",0.01,300,1992,352,586,0.13791237499390263,0.8682144932117262,17152.5596593954,24226.824382619034,0.8847486806560924,19486.657032700085,30397.910733143097
NeuralNetwork_MLP,sterke_subset,"Overall Qual, Gr Liv Area, Total Bsmt SF, Year Built, Full Bath, Neighborhood",6,0.15,1x32,1,"(32,)",0.01,800,1992,352,586,0.13747745800355915,0.8682144932117262,17152.5596593954,24226.824382619034,0.8847486806560924,19486.657032700085,30397.910733143097
NeuralNetwork_MLP,sterke_subset,"Overall Qual, Gr Liv Area, Total Bsmt SF, Year Built, Full Bath, Neighborhood",6,0.15,1x32,1,"(32,)",0.001,300,1992,352,586,0.6679077080043498,0.860063908781215,17795.703247551744,24964.76803304473,0.8908330627742431,19123.893740431296,29584.64384909686
NeuralNetwork_MLP,sterke_subset,"Overall Qual, Gr Liv Area, Total Bsmt SF, Year Built, Full Bath, Neighborhood",6,0.15,1x32,1,"(32,)",0.001,800,1992,352,586,0.6647389999998268,0.860063908781215,17795.703247551744,24964.76803304473,0.8908330627742431,19123.893740431296,29584.64384909686
NeuralNetwork_MLP,sterke_subset,"Overall Qual, Gr Liv Area, Total Bsmt SF, Year Built, Full Bath, Neighborhood",6,0.15,1x32,1,"(32,)",0.0003,300,1992,352,586,1.004567167008645,0.8745343843916951,16763.840641212042,23638.778246572863,0.9011281001735872,18368.16195967407,28155.109587394163
NeuralNetwork_MLP,sterke_subset,"Overall Qual, Gr Liv Area, Total Bsmt SF, Year Built, Full Bath, Neighborhood",6,0.15,1x32,1,"(32,)",0.0003,800,1992,352,586,1.0100020000099903,0.8754655000742826,16658.23988316031,23550.899883703125,0.9019627898508339,18256.426259905093,28036.013114981528
NeuralNetwork_MLP,sterke_subset,"Overall Qual, Gr Liv Area, Total Bsmt SF, Year Built, Full Bath, Neighborhood",6,0.15,1x64,1,"(64,)",0.01,300,1992,352,586,0.1949535419989843,0.8573459323033948,17921.19117784681,25206.047223488917,0.870004288978697,19536.546413361335,32283.848034671017
NeuralNetwork_MLP,sterke_subset,"Overall Qual, Gr Liv Area, Total Bsmt SF, Year Built, Full Bath, Neighborhood",6,0.15,1x64,1,"(64,)",0.01,800,1992,352,586,0.1950977079977747,0.8573459323033948,17921.19117784681,25206.047223488917,0.870004288978697,19536.546413361335,32283.848034671017
NeuralNetwork_MLP,sterke_subset,"Overall Qual, Gr Liv Area, Total Bsmt SF, Year Built, Full Bath, Neighborhood",6,0.15,1x64,1,"(64,)",0.001,300,1992,352,586,0.5364911659999052,0.8605021657004316,17932.52150751642,24925.644594575624,0.8813226179179235,19024.70519351185,30846.419551670853
NeuralNetwork_MLP,sterke_subset,"Overall Qual, Gr Liv Area, Total Bsmt SF, Year Built, Full Bath, Neighborhood",6,0.15,1x64,1,"(64,)",0.001,800,1992,352,586,0.5392989170068176,0.8605021657004316,17932.52150751642,24925.644594575624,0.8813226179179235,19024.70519351185,30846.419551670853
NeuralNetwork_MLP,sterke_subset,"Overall Qual, Gr Liv Area, Total Bsmt SF, Year Built, Full Bath, Neighborhood",6,0.15,1x64,1,"(64,)",0.0003,300,1992,352,586,1.116055583988782,0.8672276533845067,17492.750948664507,24317.36318859062,0.887072445086831,18810.719699186593,30089.900036998304
NeuralNetwork_MLP,sterke_subset,"Overall Qual, Gr Liv Area, Total Bsmt SF, Year Built, Full Bath, Neighborhood",6,0.15,1x64,1,"(64,)",0.0003,800,1992,352,586,1.1133667079993756,0.8672276533845067,17492.750948664507,24317.36318859062,0.887072445086831,18810.719699186593,30089.900036998304
NeuralNetwork_MLP,sterke_subset,"Overall Qual, Gr Liv Area, Total Bsmt SF, Year Built, Full Bath, Neighborhood",6,0.15,2x64_32,2,"(64, 32)",0.01,300,1992,352,586,0.3889892500010319,0.8280998348762435,19694.16702345671,27669.46822541888,0.8386206377233261,20896.69069273508,35970.359632794345
NeuralNetwork_MLP,sterke_subset,"Overall Qual, Gr Liv Area, Total Bsmt SF, Year Built, Full Bath, Neighborhood",6,0.15,2x64_32,2,"(64, 32)",0.01,800,1992,352,586,0.3890082919970155,0.8280998348762435,19694.16702345671,27669.46822541888,0.8386206377233261,20896.69069273508,35970.359632794345
NeuralNetwork_MLP,sterke_subset,"Overall Qual, Gr Liv Area, Total Bsmt SF, Year Built, Full Bath, Neighborhood",6,0.15,2x64_32,2,"(64, 32)",0.001,300,1992,352,586,0.6931485000095563,0.8393340077587074,18992.34420866305,26750.052943330997,0.8550703290108619,20281.994183596158,34087.83630220767
NeuralNetwork_MLP,sterke_subset,"Overall Qual, Gr Liv Area, Total Bsmt SF, Year Built, Full Bath, Neighborhood",6,0.15,2x64_32,2,"(64, 32)",0.001,800,1992,352,586,0.6940193329937756,0.8393340077587074,18992.34420866305,26750.052943330997,0.8550703290108619,20281.994183596158,34087.83630220767
NeuralNetwork_MLP,sterke_subset,"Overall Qual, Gr Liv Area, Total Bsmt SF, Year Built, Full Bath, Neighborhood",6,0.15,2x64_32,2,"(64, 32)",0.0003,300,1992,352,586,1.4452872090041637,0.8490965496202219,18385.462362907452,25924.611127600958,0.8757987545757295,19400.07558886149,31556.131547886645
NeuralNetwork_MLP,sterke_subset,"Overall Qual, Gr Liv Area, Total Bsmt SF, Year Built, Full Bath, Neighborhood",6,0.15,2x64_32,2,"(64, 32)",0.0003,800,1992,352,586,1.4389627079945058,0.8490965496202219,18385.462362907452,25924.611127600958,0.8757987545757295,19400.07558886149,31556.131547886645
NeuralNetwork_MLP,sterke_subset,"Overall Qual, Gr Liv Area, Total Bsmt SF, Year Built, Full Bath, Neighborhood",6,0.15,2x128_64,2,"(128, 64)",0.01,300,1992,352,586,0.45481749999453314,0.8452951755716158,18525.048293390973,26249.110692311413,0.8377350927646972,20139.404999810333,36068.915582026326
NeuralNetwork_MLP,sterke_subset,"Overall Qual, Gr Liv Area, Total Bsmt SF, Year Built, Full Bath, Neighborhood",6,0.15,2x128_64,2,"(128, 64)",0.01,800,1992,352,586,0.45509729100740515,0.8452951755716158,18525.048293390973,26249.110692311413,0.8377350927646972,20139.404999810333,36068.915582026326
NeuralNetwork_MLP,sterke_subset,"Overall Qual, Gr Liv Area, Total Bsmt SF, Year Built, Full Bath, Neighborhood",6,0.15,2x128_64,2,"(128, 64)",0.001,300,1992,352,586,1.0886187919968506,0.8411134632741846,19190.022377903086,26601.50543985927,0.8686576942162063,19839.87347169734,32450.627605294623
NeuralNetwork_MLP,sterke_subset,"Overall Qual, Gr Liv Area, Total Bsmt SF, Year Built, Full Bath, Neighborhood",6,0.15,2x128_64,2,"(128, 64)",0.001,800,1992,352,586,1.0890572909993352,0.8411134632741846,19190.022377903086,26601.50543985927,0.8686576942162063,19839.87347169734,32450.627605294623
NeuralNetwork_MLP,sterke_subset,"Overall Qual, Gr Liv Area, Total Bsmt SF, Year Built, Full Bath, Neighborhood",6,0.15,2x128_64,2,"(128, 64)",0.0003,300,1992,352,586,1.8145217080018483,0.8493919832593485,18994.862088157235,25899.221534134012,0.8594587315659085,20085.88488221935,33567.78747461474
NeuralNetwork_MLP,sterke_subset,"Overall Qual, Gr Liv Area, Total Bsmt SF, Year Built, Full Bath, Neighborhood",6,0.15,2x128_64,2,"(128, 64)",0.0003,800,1992,352,586,1.810804458000348,0.8493919832593485,18994.862088157235,25899.221534134012,0.8594587315659085,20085.88488221935,33567.78747461474
NeuralNetwork_MLP,sterke_subset,"Overall Qual, Gr Liv Area, Total Bsmt SF, Year Built, Full Bath, Neighborhood",6,0.15,3x128_64_32,3,"(128, 64, 32)",0.01,300,1992,352,586,0.5973107080062618,0.8344395882960587,18672.893248812532,27154.44397983135,0.8314828611954094,21379.665985267406,36757.23381247889
NeuralNetwork_MLP,sterke_subset,"Overall Qual, Gr Liv Area, Total Bsmt SF, Year Built, Full Bath, Neighborhood",6,0.15,3x128_64_32,3,"(128, 64, 32)",0.01,800,1992,352,586,0.5980383330024779,0.8344395882960587,18672.893248812532,27154.44397983135,0.8314828611954094,21379.665985267406,36757.23381247889
NeuralNetwork_MLP,sterke_subset,"Overall Qual, Gr Liv Area, Total Bsmt SF, Year Built, Full Bath, Neighborhood",6,0.15,3x128_64_32,3,"(128, 64, 32)",0.001,300,1992,352,586,1.0056065829994623,0.8183946142064966,19570.505153562015,28439.83207175458,0.8637428180573549,20311.31621688799,33052.20850647619
NeuralNetwork_MLP,sterke_subset,"Overall Qual, Gr Liv Area, Total Bsmt SF, Year Built, Full Bath, Neighborhood",6,0.15,3x128_64_32,3,"(128, 64, 32)",0.001,800,1992,352,586,1.006119708006736,0.8183946142064966,19570.505153562015,28439.83207175458,0.8637428180573549,20311.31621688799,33052.20850647619
NeuralNetwork_MLP,sterke_subset,"Overall Qual, Gr Liv Area, Total Bsmt SF, Year Built, Full Bath, Neighborhood",6,0.15,3x128_64_32,3,"(128, 64, 32)",0.0003,300,1992,352,586,1.6850947079947218,0.8166985174911562,19825.573398225904,28572.329800849588,0.8530470346707568,21449.31281428984,34324.95365060575
NeuralNetwork_MLP,sterke_subset,"Overall Qual, Gr Liv Area, Total Bsmt SF, Year Built, Full Bath, Neighborhood",6,0.15,3x128_64_32,3,"(128, 64, 32)",0.0003,800,1992,352,586,1.6874603329924867,0.8166985174911562,19825.573398225904,28572.329800849588,0.8530470346707568,21449.31281428984,34324.95365060575
NeuralNetwork_MLP,sterke_subset,"Overall Qual, Gr Liv Area, Total Bsmt SF, Year Built, Full Bath, Neighborhood",6,0.2,1x32,1,"(32,)",0.01,300,1875,469,586,0.2218510420061648,0.878779565876605,17914.363912786932,24262.08888808463,0.8699098693736423,20049.133464571412,32295.57024786641
NeuralNetwork_MLP,sterke_subset,"Overall Qual, Gr Liv Area, Total Bsmt SF, Year Built, Full Bath, Neighborhood",6,0.2,1x32,1,"(32,)",0.01,800,1875,469,586,0.22075829199457075,0.878779565876605,17914.363912786932,24262.08888808463,0.8699098693736423,20049.133464571412,32295.57024786641
NeuralNetwork_MLP,sterke_subset,"Overall Qual, Gr Liv Area, Total Bsmt SF, Year Built, Full Bath, Neighborhood",6,0.2,1x32,1,"(32,)",0.001,300,1875,469,586,0.4478628749930067,0.8790110152178167,17081.24239322869,24238.915701480953,0.8975678492488509,18460.691006891433,28657.541386401364
NeuralNetwork_MLP,sterke_subset,"Overall Qual, Gr Liv Area, Total Bsmt SF, Year Built, Full Bath, Neighborhood",6,0.2,1x32,1,"(32,)",0.001,800,1875,469,586,0.46599108299415093,0.8790110152178167,17081.24239322869,24238.915701480953,0.8975678492488509,18460.691006891433,28657.541386401364
NeuralNetwork_MLP,sterke_subset,"Overall Qual, Gr Liv Area, Total Bsmt SF, Year Built, Full Bath, Neighborhood",6,0.2,1x32,1,"(32,)",0.0003,300,1875,469,586,0.8192268749990035,0.8864752763671118,16755.821451711687,23479.319123650323,0.9034290906858686,18009.751288358573,27825.561883947546
NeuralNetwork_MLP,sterke_subset,"Overall Qual, Gr Liv Area, Total Bsmt SF, Year Built, Full Bath, Neighborhood",6,0.2,1x32,1,"(32,)",0.0003,800,1875,469,586,0.8213454579963582,0.8864752763671118,16755.821451711687,23479.319123650323,0.9034290906858686,18009.751288358573,27825.561883947546
NeuralNetwork_MLP,sterke_subset,"Overall Qual, Gr Liv Area, Total Bsmt SF, Year Built, Full Bath, Neighborhood",6,0.2,1x64,1,"(64,)",0.01,300,1875,469,586,0.1676773340004729,0.8798536463064818,17531.65906030826,24154.361929815423,0.8798028075268651,19054.55186822661,31043.304460284256
NeuralNetwork_MLP,sterke_subset,"Overall Qual, Gr Liv Area, Total Bsmt SF, Year Built, Full Bath, Neighborhood",6,0.2,1x64,1,"(64,)",0.01,800,1875,469,586,0.1680864579975605,0.8798536463064818,17531.65906030826,24154.361929815423,0.8798028075268651,19054.55186822661,31043.304460284256
NeuralNetwork_MLP,sterke_subset,"Overall Qual, Gr Liv Area, Total Bsmt SF, Year Built, Full Bath, Neighborhood",6,0.2,1x64,1,"(64,)",0.001,300,1875,469,586,0.5953012910031248,0.8750865448370704,18001.16511351855,24628.892472693213,0.876694479045007,19127.85714569788,31442.13612975759
NeuralNetwork_MLP,sterke_subset,"Overall Qual, Gr Liv Area, Total Bsmt SF, Year Built, Full Bath, Neighborhood",6,0.2,1x64,1,"(64,)",0.001,800,1875,469,586,0.5967228340014117,0.8750865448370704,18001.16511351855,24628.892472693213,0.876694479045007,19127.85714569788,31442.13612975759
NeuralNetwork_MLP,sterke_subset,"Overall Qual, Gr Liv Area, Total Bsmt SF, Year Built, Full Bath, Neighborhood",6,0.2,1x64,1,"(64,)",0.0003,300,1875,469,586,0.943924250008422,0.8759126685425889,17611.98168478191,24547.31493425436,0.8880688722334505,18755.857870415515,29956.855339452286
NeuralNetwork_MLP,sterke_subset,"Overall Qual, Gr Liv Area, Total Bsmt SF, Year Built, Full Bath, Neighborhood",6,0.2,1x64,1,"(64,)",0.0003,800,1875,469,586,0.945406583006843,0.8759126685425889,17611.98168478191,24547.31493425436,0.8880688722334505,18755.857870415515,29956.855339452286
NeuralNetwork_MLP,sterke_subset,"Overall Qual, Gr Liv Area, Total Bsmt SF, Year Built, Full Bath, Neighborhood",6,0.2,2x64_32,2,"(64, 32)",0.01,300,1875,469,586,0.2816088330000639,0.871060550289976,17808.395712196478,25022.64290496567,0.8689346670469937,19319.918265770884,32416.39383137971
NeuralNetwork_MLP,sterke_subset,"Overall Qual, Gr Liv Area, Total Bsmt SF, Year Built, Full Bath, Neighborhood",6,0.2,2x64_32,2,"(64, 32)",0.01,800,1875,469,586,0.28103070899669547,0.871060550289976,17808.395712196478,25022.64290496567,0.8689346670469937,19319.918265770884,32416.39383137971
NeuralNetwork_MLP,sterke_subset,"Overall Qual, Gr Liv Area, Total Bsmt SF, Year Built, Full Bath, Neighborhood",6,0.2,2x64_32,2,"(64, 32)",0.001,300,1875,469,586,0.7691498750064056,0.8523571633675597,18909.534279949152,26776.04703960334,0.8694710019007236,20068.096010450052,32349.999978892065
NeuralNetwork_MLP,sterke_subset,"Overall Qual, Gr Liv Area, Total Bsmt SF, Year Built, Full Bath, Neighborhood",6,0.2,2x64_32,2,"(64, 32)",0.001,800,1875,469,586,0.7710010000009788,0.8523571633675597,18909.534279949152,26776.04703960334,0.8694710019007236,20068.096010450052,32349.999978892065
NeuralNetwork_MLP,sterke_subset,"Overall Qual, Gr Liv Area, Total Bsmt SF, Year Built, Full Bath, Neighborhood",6,0.2,2x64_32,2,"(64, 32)",0.0003,300,1875,469,586,1.366190083004767,0.8688174754278208,18102.10042646753,25239.35570253244,0.8757835013392999,19348.754725731433,31558.06920300579
NeuralNetwork_MLP,sterke_subset,"Overall Qual, Gr Liv Area, Total Bsmt SF, Year Built, Full Bath, Neighborhood",6,0.2,2x64_32,2,"(64, 32)",0.0003,800,1875,469,586,1.3662802089966135,0.8688174754278208,18102.10042646753,25239.35570253244,0.8757835013392999,19348.754725731433,31558.06920300579
NeuralNetwork_MLP,sterke_subset,"Overall Qual, Gr Liv Area, Total Bsmt SF, Year Built, Full Bath, Neighborhood",6,0.2,2x128_64,2,"(128, 64)",0.01,300,1875,469,586,0.5613592500012601,0.8582619527218386,18614.513583882275,26235.146555084397,0.8240464317061551,21118.550391328245,37559.5016927828
NeuralNetwork_MLP,sterke_subset,"Overall Qual, Gr Liv Area, Total Bsmt SF, Year Built, Full Bath, Neighborhood",6,0.2,2x128_64,2,"(128, 64)",0.01,800,1875,469,586,0.5603254169982392,0.8582619527218386,18614.513583882275,26235.146555084397,0.8240464317061551,21118.550391328245,37559.5016927828
NeuralNetwork_MLP,sterke_subset,"Overall Qual, Gr Liv Area, Total Bsmt SF, Year Built, Full Bath, Neighborhood",6,0.2,2x128_64,2,"(128, 64)",0.001,300,1875,469,586,0.9826993750029942,0.8481351045900896,19402.887301854746,27156.19819817072,0.8592254073748892,20083.468308688658,33595.64025027415
NeuralNetwork_MLP,sterke_subset,"Overall Qual, Gr Liv Area, Total Bsmt SF, Year Built, Full Bath, Neighborhood",6,0.2,2x128_64,2,"(128, 64)",0.001,800,1875,469,586,0.9828484579920769,0.8481351045900896,19402.887301854746,27156.19819817072,0.8592254073748892,20083.468308688658,33595.64025027415
NeuralNetwork_MLP,sterke_subset,"Overall Qual, Gr Liv Area, Total Bsmt SF, Year Built, Full Bath, Neighborhood",6,0.2,2x128_64,2,"(128, 64)",0.0003,300,1875,469,586,1.4915727089974098,0.8667576060586993,18227.573270365803,25436.742026288746,0.8638996939081063,19840.06600789854,33033.176164319644
NeuralNetwork_MLP,sterke_subset,"Overall Qual, Gr Liv Area, Total Bsmt SF, Year Built, Full Bath, Neighborhood",6,0.2,2x128_64,2,"(128, 64)",0.0003,800,1875,469,586,1.4940626659954432,0.8667576060586993,18227.573270365803,25436.742026288746,0.8638996939081063,19840.06600789854,33033.176164319644
NeuralNetwork_MLP,sterke_subset,"Overall Qual, Gr Liv Area, Total Bsmt SF, Year Built, Full Bath, Neighborhood",6,0.2,3x128_64_32,3,"(128, 64, 32)",0.01,300,1875,469,586,0.9001305409910856,0.8308734562542593,20209.610455103655,28658.018512092738,0.8023137849088176,21823.203230265593,39811.53984428756
NeuralNetwork_MLP,sterke_subset,"Overall Qual, Gr Liv Area, Total Bsmt SF, Year Built, Full Bath, Neighborhood",6,0.2,3x128_64_32,3,"(128, 64, 32)",0.01,800,1875,469,586,0.9058053329936229,0.8308734562542593,20209.610455103655,28658.018512092738,0.8023137849088176,21823.203230265593,39811.53984428756
NeuralNetwork_MLP,sterke_subset,"Overall Qual, Gr Liv Area, Total Bsmt SF, Year Built, Full Bath, Neighborhood",6,0.2,3x128_64_32,3,"(128, 64, 32)",0.001,300,1875,469,586,1.037389916004031,0.8443205070039365,19568.52121603234,27495.142589981504,0.8557143098714702,20570.15673093447,34012.01899843042
NeuralNetwork_MLP,sterke_subset,"Overall Qual, Gr Liv Area, Total Bsmt SF, Year Built, Full Bath, Neighborhood",6,0.2,3x128_64_32,3,"(128, 64, 32)",0.001,800,1875,469,586,1.0312980000016978,0.8443205070039365,19568.52121603234,27495.142589981504,0.8557143098714702,20570.15673093447,34012.01899843042
NeuralNetwork_MLP,sterke_subset,"Overall Qual, Gr Liv Area, Total Bsmt SF, Year Built, Full Bath, Neighborhood",6,0.2,3x128_64_32,3,"(128, 64, 32)",0.0003,300,1875,469,586,1.2390913340059342,0.8526818153024892,19201.453154084735,26746.591904345198,0.8592973619665343,20751.15369431857,33587.053226481126
NeuralNetwork_MLP,sterke_subset,"Overall Qual, Gr Liv Area, Total Bsmt SF, Year Built, Full Bath, Neighborhood",6,0.2,3x128_64_32,3,"(128, 64, 32)",0.0003,800,1875,469,586,1.2421972089941846,0.8526818153024892,19201.453154084735,26746.591904345198,0.8592973619665343,20751.15369431857,33587.053226481126
NeuralNetwork_MLP,sterke_subset,"Overall Qual, Gr Liv Area, Total Bsmt SF, Year Built, Full Bath, Neighborhood",6,0.3,1x32,1,"(32,)",0.01,300,1640,704,586,0.13366925000445917,0.8602706401351423,18700.43529082191,27386.009102249813,0.8948219760731593,18868.278038467048,29039.10894141913
NeuralNetwork_MLP,sterke_subset,"Overall Qual, Gr Liv Area, Total Bsmt SF, Year Built, Full Bath, Neighborhood",6,0.3,1x32,1,"(32,)",0.01,800,1640,704,586,0.13414570801251102,0.8602706401351423,18700.43529082191,27386.009102249813,0.8948219760731593,18868.278038467048,29039.10894141913
NeuralNetwork_MLP,sterke_subset,"Overall Qual, Gr Liv Area, Total Bsmt SF, Year Built, Full Bath, Neighborhood",6,0.3,1x32,1,"(32,)",0.001,300,1640,704,586,0.5579466250055702,0.8630143093436362,19015.674129472725,27115.805825412575,0.8966357930610959,18452.455606287873,28787.627263686252
NeuralNetwork_MLP,sterke_subset,"Overall Qual, Gr Liv Area, Total Bsmt SF, Year Built, Full Bath, Neighborhood",6,0.3,1x32,1,"(32,)",0.001,800,1640,704,586,0.5596994170045946,0.8630143093436362,19015.674129472725,27115.805825412575,0.8966357930610959,18452.455606287873,28787.627263686252
NeuralNetwork_MLP,sterke_subset,"Overall Qual, Gr Liv Area, Total Bsmt SF, Year Built, Full Bath, Neighborhood",6,0.3,1x32,1,"(32,)",0.0003,300,1640,704,586,0.6741595839994261,0.865785883092008,18514.505518822236,26840.092766688078,0.8998367197093127,18133.23326677975,28338.382110620474
NeuralNetwork_MLP,sterke_subset,"Overall Qual, Gr Liv Area, Total Bsmt SF, Year Built, Full Bath, Neighborhood",6,0.3,1x32,1,"(32,)",0.0003,800,1640,704,586,0.6726641249988461,0.865785883092008,18514.505518822236,26840.092766688078,0.8998367197093127,18133.23326677975,28338.382110620474
NeuralNetwork_MLP,sterke_subset,"Overall Qual, Gr Liv Area, Total Bsmt SF, Year Built, Full Bath, Neighborhood",6,0.3,1x64,1,"(64,)",0.01,300,1640,704,586,0.1717866670078365,0.8524707413562889,19923.11247172503,28139.99354365406,0.8827954478851125,19928.52136877635,30654.414271058693
NeuralNetwork_MLP,sterke_subset,"Overall Qual, Gr Liv Area, Total Bsmt SF, Year Built, Full Bath, Neighborhood",6,0.3,1x64,1,"(64,)",0.01,800,1640,704,586,0.17180691700195894,0.8524707413562889,19923.11247172503,28139.99354365406,0.8827954478851125,19928.52136877635,30654.414271058693
NeuralNetwork_MLP,sterke_subset,"Overall Qual, Gr Liv Area, Total Bsmt SF, Year Built, Full Bath, Neighborhood",6,0.3,1x64,1,"(64,)",0.001,300,1640,704,586,0.6547022500017192,0.8500912195084145,19694.69756774597,28366.022891568366,0.8734457387386483,19884.995078145676,31853.647444578633
NeuralNetwork_MLP,sterke_subset,"Overall Qual, Gr Liv Area, Total Bsmt SF, Year Built, Full Bath, Neighborhood",6,0.3,1x64,1,"(64,)",0.001,800,1640,704,586,0.6565215840091696,0.8500912195084145,19694.69756774597,28366.022891568366,0.8734457387386483,19884.995078145676,31853.647444578633
NeuralNetwork_MLP,sterke_subset,"Overall Qual, Gr Liv Area, Total Bsmt SF, Year Built, Full Bath, Neighborhood",6,0.3,1x64,1,"(64,)",0.0003,300,1640,704,586,0.9398791669955244,0.8628785332655953,18813.134314197112,27129.240680944396,0.8833869084555521,19054.01520480619,30576.969287830754
NeuralNetwork_MLP,sterke_subset,"Overall Qual, Gr Liv Area, Total Bsmt SF, Year Built, Full Bath, Neighborhood",6,0.3,1x64,1,"(64,)",0.0003,800,1640,704,586,0.943398208997678,0.8628785332655953,18813.134314197112,27129.240680944396,0.8833869084555521,19054.01520480619,30576.969287830754
NeuralNetwork_MLP,sterke_subset,"Overall Qual, Gr Liv Area, Total Bsmt SF, Year Built, Full Bath, Neighborhood",6,0.3,2x64_32,2,"(64, 32)",0.01,300,1640,704,586,0.252184707991546,0.8548747476710472,19001.499547504052,27909.77962805281,0.8641694110640373,19368.767242505302,33000.42813779103
NeuralNetwork_MLP,sterke_subset,"Overall Qual, Gr Liv Area, Total Bsmt SF, Year Built, Full Bath, Neighborhood",6,0.3,2x64_32,2,"(64, 32)",0.01,800,1640,704,586,0.2517957920063054,0.8548747476710472,19001.499547504052,27909.77962805281,0.8641694110640373,19368.767242505302,33000.42813779103
NeuralNetwork_MLP,sterke_subset,"Overall Qual, Gr Liv Area, Total Bsmt SF, Year Built, Full Bath, Neighborhood",6,0.3,2x64_32,2,"(64, 32)",0.001,300,1640,704,586,0.6105889170139562,0.8547978615643846,19251.812089935065,27917.171829333492,0.8614045274904458,19534.621964739737,33334.6043002187
NeuralNetwork_MLP,sterke_subset,"Overall Qual, Gr Liv Area, Total Bsmt SF, Year Built, Full Bath, Neighborhood",6,0.3,2x64_32,2,"(64, 32)",0.001,800,1640,704,586,0.6083255000121426,0.8547978615643846,19251.812089935065,27917.171829333492,0.8614045274904458,19534.621964739737,33334.6043002187
NeuralNetwork_MLP,sterke_subset,"Overall Qual, Gr Liv Area, Total Bsmt SF, Year Built, Full Bath, Neighborhood",6,0.3,2x64_32,2,"(64, 32)",0.0003,300,1640,704,586,1.1524639580020448,0.8626264313829712,18755.16563120031,27154.168185441416,0.8707000682703321,19450.249569030155,32197.335295109657
NeuralNetwork_MLP,sterke_subset,"Overall Qual, Gr Liv Area, Total Bsmt SF, Year Built, Full Bath, Neighborhood",6,0.3,2x64_32,2,"(64, 32)",0.0003,800,1640,704,586,1.1515746249933727,0.8626264313829712,18755.16563120031,27154.168185441416,0.8707000682703321,19450.249569030155,32197.335295109657
NeuralNetwork_MLP,sterke_subset,"Overall Qual, Gr Liv Area, Total Bsmt SF, Year Built, Full Bath, Neighborhood",6,0.3,2x128_64,2,"(128, 64)",0.01,300,1640,704,586,0.45940266699471977,0.8419651693108294,19852.21695335396,29124.69065139828,0.8366713452040733,20372.869963018242,36186.94955805242
NeuralNetwork_MLP,sterke_subset,"Overall Qual, Gr Liv Area, Total Bsmt SF, Year Built, Full Bath, Neighborhood",6,0.3,2x128_64,2,"(128, 64)",0.01,800,1640,704,586,0.4627659169927938,0.8419651693108294,19852.21695335396,29124.69065139828,0.8366713452040733,20372.869963018242,36186.94955805242
NeuralNetwork_MLP,sterke_subset,"Overall Qual, Gr Liv Area, Total Bsmt SF, Year Built, Full Bath, Neighborhood",6,0.3,2x128_64,2,"(128, 64)",0.001,300,1640,704,586,0.8911903340049321,0.8448960851084277,20007.193045473552,28853.3532823746,0.8668934017850974,20162.834297686706,32667.851645127543
NeuralNetwork_MLP,sterke_subset,"Overall Qual, Gr Liv Area, Total Bsmt SF, Year Built, Full Bath, Neighborhood",6,0.3,2x128_64,2,"(128, 64)",0.001,800,1640,704,586,0.8893251249974128,0.8448960851084277,20007.193045473552,28853.3532823746,0.8668934017850974,20162.834297686706,32667.851645127543
NeuralNetwork_MLP,sterke_subset,"Overall Qual, Gr Liv Area, Total Bsmt SF, Year Built, Full Bath, Neighborhood",6,0.3,2x128_64,2,"(128, 64)",0.0003,300,1640,704,586,1.0876055830012774,0.8618794894099078,18712.659809397253,27227.890853538927,0.8692657540829506,19628.132666097034,32375.42405669809
NeuralNetwork_MLP,sterke_subset,"Overall Qual, Gr Liv Area, Total Bsmt SF, Year Built, Full Bath, Neighborhood",6,0.3,2x128_64,2,"(128, 64)",0.0003,800,1640,704,586,1.0888623339997139,0.8618794894099078,18712.659809397253,27227.890853538927,0.8692657540829506,19628.132666097034,32375.42405669809
NeuralNetwork_MLP,sterke_subset,"Overall Qual, Gr Liv Area, Total Bsmt SF, Year Built, Full Bath, Neighborhood",6,0.3,3x128_64_32,3,"(128, 64, 32)",0.01,300,1640,704,586,0.6070265830057906,0.8520810752321492,19759.66966932601,28177.131841919316,0.8473719247288353,20561.03102642074,34981.46522215387
NeuralNetwork_MLP,sterke_subset,"Overall Qual, Gr Liv Area, Total Bsmt SF, Year Built, Full Bath, Neighborhood",6,0.3,3x128_64_32,3,"(128, 64, 32)",0.01,800,1640,704,586,0.6073664580035256,0.8520810752321492,19759.66966932601,28177.131841919316,0.8473719247288353,20561.03102642074,34981.46522215387
NeuralNetwork_MLP,sterke_subset,"Overall Qual, Gr Liv Area, Total Bsmt SF, Year Built, Full Bath, Neighborhood",6,0.3,3x128_64_32,3,"(128, 64, 32)",0.001,300,1640,704,586,1.0768635409913259,0.8410744916155204,19783.11085505367,29206.64810557746,0.8552017347206172,19939.961342785118,34072.379315066166
NeuralNetwork_MLP,sterke_subset,"Overall Qual, Gr Liv Area, Total Bsmt SF, Year Built, Full Bath, Neighborhood",6,0.3,3x128_64_32,3,"(128, 64, 32)",0.001,800,1640,704,586,1.075795166005264,0.8410744916155204,19783.11085505367,29206.64810557746,0.8552017347206172,19939.961342785118,34072.379315066166
NeuralNetwork_MLP,sterke_subset,"Overall Qual, Gr Liv Area, Total Bsmt SF, Year Built, Full Bath, Neighborhood",6,0.3,3x128_64_32,3,"(128, 64, 32)",0.0003,300,1640,704,586,1.0536719160008943,0.8593396395868526,19198.599045188454,27477.09253861883,0.8709127108953156,19878.767820998226,32170.849035543877
NeuralNetwork_MLP,sterke_subset,"Overall Qual, Gr Liv Area, Total Bsmt SF, Year Built, Full Bath, Neighborhood",6,0.3,3x128_64_32,3,"(128, 64, 32)",0.0003,800,1640,704,586,1.0591439999989234,0.8593396395868526,19198.599045188454,27477.09253861883,0.8709127108953156,19878.767820998226,32170.849035543877
NeuralNetwork_MLP,alle_features_zonder_id,"Garage, Overall Qual, Gr Liv Area, Total Bsmt SF, Lot Area, Year Built, Full Bath, Bedroom AbvGr, Neighborhood, House Style",10,0.15,1x32,1,"(32,)",0.01,300,1992,352,586,0.23371616700023878,0.8722583118991707,17111.151699173035,23852.230149177532,0.8768932859072114,18960.544909973556,31416.77865178877
NeuralNetwork_MLP,alle_features_zonder_id,"Garage, Overall Qual, Gr Liv Area, Total Bsmt SF, Lot Area, Year Built, Full Bath, Bedroom AbvGr, Neighborhood, House Style",10,0.15,1x32,1,"(32,)",0.01,800,1992,352,586,0.23008504199970048,0.8722583118991707,17111.151699173035,23852.230149177532,0.8768932859072114,18960.544909973556,31416.77865178877
NeuralNetwork_MLP,alle_features_zonder_id,"Garage, Overall Qual, Gr Liv Area, Total Bsmt SF, Lot Area, Year Built, Full Bath, Bedroom AbvGr, Neighborhood, House Style",10,0.15,1x32,1,"(32,)",0.001,300,1992,352,586,0.5421915000042645,0.8686641300122355,17378.70514942041,24185.459517862037,0.9090764457420727,17819.175846473998,26999.702855983887
NeuralNetwork_MLP,alle_features_zonder_id,"Garage, Overall Qual, Gr Liv Area, Total Bsmt SF, Lot Area, Year Built, Full Bath, Bedroom AbvGr, Neighborhood, House Style",10,0.15,1x32,1,"(32,)",0.001,800,1992,352,586,0.5464153329958208,0.8686641300122355,17378.70514942041,24185.459517862037,0.9090764457420727,17819.175846473998,26999.702855983887
NeuralNetwork_MLP,alle_features_zonder_id,"Garage, Overall Qual, Gr Liv Area, Total Bsmt SF, Lot Area, Year Built, Full Bath, Bedroom AbvGr, Neighborhood, House Style",10,0.15,1x32,1,"(32,)",0.0003,300,1992,352,586,0.7899475829908624,0.8736095462253708,16639.227197700515,23725.74193135961,0.9119583373856395,17466.081339875873,26568.36935017739
NeuralNetwork_MLP,alle_features_zonder_id,"Garage, Overall Qual, Gr Liv Area, Total Bsmt SF, Lot Area, Year Built, Full Bath, Bedroom AbvGr, Neighborhood, House Style",10,0.15,1x32,1,"(32,)",0.0003,800,1992,352,586,0.7896294169913745,0.8736095462253708,16639.227197700515,23725.74193135961,0.9119583373856395,17466.081339875873,26568.36935017739
NeuralNetwork_MLP,alle_features_zonder_id,"Garage, Overall Qual, Gr Liv Area, Total Bsmt SF, Lot Area, Year Built, Full Bath, Bedroom AbvGr, Neighborhood, House Style",10,0.15,1x64,1,"(64,)",0.01,300,1992,352,586,0.20854462499846704,0.8728854141784994,16798.857267891577,23793.611107905206,0.900604338372217,18051.19592543995,28229.585211707228
NeuralNetwork_MLP,alle_features_zonder_id,"Garage, Overall Qual, Gr Liv Area, Total Bsmt SF, Lot Area, Year Built, Full Bath, Bedroom AbvGr, Neighborhood, House Style",10,0.15,1x64,1,"(64,)",0.01,800,1992,352,586,0.20807545899879187,0.8728854141784994,16798.857267891577,23793.611107905206,0.900604338372217,18051.19592543995,28229.585211707228
NeuralNetwork_MLP,alle_features_zonder_id,"Garage, Overall Qual, Gr Liv Area, Total Bsmt SF, Lot Area, Year Built, Full Bath, Bedroom AbvGr, Neighborhood, House Style",10,0.15,1x64,1,"(64,)",0.001,300,1992,352,586,0.8979369580047205,0.8507933478128802,17883.899396540088,25778.44750828559,0.8981160225684679,19868.209353559265,28580.757030716195
NeuralNetwork_MLP,alle_features_zonder_id,"Garage, Overall Qual, Gr Liv Area, Total Bsmt SF, Lot Area, Year Built, Full Bath, Bedroom AbvGr, Neighborhood, House Style",10,0.15,1x64,1,"(64,)",0.001,800,1992,352,586,0.9002594999910798,0.8507933478128802,17883.899396540088,25778.44750828559,0.8981160225684679,19868.209353559265,28580.757030716195
NeuralNetwork_MLP,alle_features_zonder_id,"Garage, Overall Qual, Gr Liv Area, Total Bsmt SF, Lot Area, Year Built, Full Bath, Bedroom AbvGr, Neighborhood, House Style",10,0.15,1x64,1,"(64,)",0.0003,300,1992,352,586,1.1899193330027629,0.8719811152532162,17172.3704753562,23878.095531646555,0.9081182632596443,18228.221427627395,27141.595905378337
NeuralNetwork_MLP,alle_features_zonder_id,"Garage, Overall Qual, Gr Liv Area, Total Bsmt SF, Lot Area, Year Built, Full Bath, Bedroom AbvGr, Neighborhood, House Style",10,0.15,1x64,1,"(64,)",0.0003,800,1992,352,586,1.1896522079914575,0.8719811152532162,17172.3704753562,23878.095531646555,0.9081182632596443,18228.221427627395,27141.595905378337
NeuralNetwork_MLP,alle_features_zonder_id,"Garage, Overall Qual, Gr Liv Area, Total Bsmt SF, Lot Area, Year Built, Full Bath, Bedroom AbvGr, Neighborhood, House Style",10,0.15,2x64_32,2,"(64, 32)",0.01,300,1992,352,586,0.23867991699080449,0.8695438899639344,17654.189885923006,24104.319649239118,0.9108524363740095,18384.284680835026,26734.712721385804
NeuralNetwork_MLP,alle_features_zonder_id,"Garage, Overall Qual, Gr Liv Area, Total Bsmt SF, Lot Area, Year Built, Full Bath, Bedroom AbvGr, Neighborhood, House Style",10,0.15,2x64_32,2,"(64, 32)",0.01,800,1992,352,586,0.2382775410078466,0.8695438899639344,17654.189885923006,24104.319649239118,0.9108524363740095,18384.284680835026,26734.712721385804
NeuralNetwork_MLP,alle_features_zonder_id,"Garage, Overall Qual, Gr Liv Area, Total Bsmt SF, Lot Area, Year Built, Full Bath, Bedroom AbvGr, Neighborhood, House Style",10,0.15,2x64_32,2,"(64, 32)",0.001,300,1992,352,586,0.9931734169949777,0.8324360225997894,18851.431760829833,27318.257598485987,0.8936746694586717,19200.789078876027,29197.062076255388
NeuralNetwork_MLP,alle_features_zonder_id,"Garage, Overall Qual, Gr Liv Area, Total Bsmt SF, Lot Area, Year Built, Full Bath, Bedroom AbvGr, Neighborhood, House Style",10,0.15,2x64_32,2,"(64, 32)",0.001,800,1992,352,586,0.9924901670019608,0.8324360225997894,18851.431760829833,27318.257598485987,0.8936746694586717,19200.789078876027,29197.062076255388
NeuralNetwork_MLP,alle_features_zonder_id,"Garage, Overall Qual, Gr Liv Area, Total Bsmt SF, Lot Area, Year Built, Full Bath, Bedroom AbvGr, Neighborhood, House Style",10,0.15,2x64_32,2,"(64, 32)",0.0003,300,1992,352,586,1.6327648750011576,0.8402379249241196,18494.555687700537,26674.698050172083,0.9007454716507015,19087.290480876196,28209.536302465942
NeuralNetwork_MLP,alle_features_zonder_id,"Garage, Overall Qual, Gr Liv Area, Total Bsmt SF, Lot Area, Year Built, Full Bath, Bedroom AbvGr, Neighborhood, House Style",10,0.15,2x64_32,2,"(64, 32)",0.0003,800,1992,352,586,1.631003166010487,0.8402379249241196,18494.555687700537,26674.698050172083,0.9007454716507015,19087.290480876196,28209.536302465942
NeuralNetwork_MLP,alle_features_zonder_id,"Garage, Overall Qual, Gr Liv Area, Total Bsmt SF, Lot Area, Year Built, Full Bath, Bedroom AbvGr, Neighborhood, House Style",10,0.15,2x128_64,2,"(128, 64)",0.01,300,1992,352,586,0.6155611249996582,0.8662214193517654,16976.081932630837,24409.33555154616,0.8906487143883707,18124.412572409125,29609.61285963769
NeuralNetwork_MLP,alle_features_zonder_id,"Garage, Overall Qual, Gr Liv Area, Total Bsmt SF, Lot Area, Year Built, Full Bath, Bedroom AbvGr, Neighborhood, House Style",10,0.15,2x128_64,2,"(128, 64)",0.01,800,1992,352,586,0.6138710410014028,0.8662214193517654,16976.081932630837,24409.33555154616,0.8906487143883707,18124.412572409125,29609.61285963769
NeuralNetwork_MLP,alle_features_zonder_id,"Garage, Overall Qual, Gr Liv Area, Total Bsmt SF, Lot Area, Year Built, Full Bath, Bedroom AbvGr, Neighborhood, House Style",10,0.15,2x128_64,2,"(128, 64)",0.001,300,1992,352,586,0.7585057499964023,0.8582652543024263,17752.714150035255,25124.696834618557,0.8912680351484925,19537.863107802033,29525.64545981576
NeuralNetwork_MLP,alle_features_zonder_id,"Garage, Overall Qual, Gr Liv Area, Total Bsmt SF, Lot Area, Year Built, Full Bath, Bedroom AbvGr, Neighborhood, House Style",10,0.15,2x128_64,2,"(128, 64)",0.001,800,1992,352,586,0.7576602080080193,0.8582652543024263,17752.714150035255,25124.696834618557,0.8912680351484925,19537.863107802033,29525.64545981576
NeuralNetwork_MLP,alle_features_zonder_id,"Garage, Overall Qual, Gr Liv Area, Total Bsmt SF, Lot Area, Year Built, Full Bath, Bedroom AbvGr, Neighborhood, House Style",10,0.15,2x128_64,2,"(128, 64)",0.0003,300,1992,352,586,1.780884583000443,0.8612611970962266,17975.65621618111,24857.739766508665,0.8817531920559052,19869.916534225256,30790.411662863895
NeuralNetwork_MLP,alle_features_zonder_id,"Garage, Overall Qual, Gr Liv Area, Total Bsmt SF, Lot Area, Year Built, Full Bath, Bedroom AbvGr, Neighborhood, House Style",10,0.15,2x128_64,2,"(128, 64)",0.0003,800,1992,352,586,1.78725116699934,0.8612611970962266,17975.65621618111,24857.739766508665,0.8817531920559052,19869.916534225256,30790.411662863895
NeuralNetwork_MLP,alle_features_zonder_id,"Garage, Overall Qual, Gr Liv Area, Total Bsmt SF, Lot Area, Year Built, Full Bath, Bedroom AbvGr, Neighborhood, House Style",10,0.15,3x128_64_32,3,"(128, 64, 32)",0.01,300,1992,352,586,0.29803925000305753,0.8788279950818554,16414.109945359887,23230.78110121959,0.9027457392981173,18149.066787265932,27923.837427229504
NeuralNetwork_MLP,alle_features_zonder_id,"Garage, Overall Qual, Gr Liv Area, Total Bsmt SF, Lot Area, Year Built, Full Bath, Bedroom AbvGr, Neighborhood, House Style",10,0.15,3x128_64_32,3,"(128, 64, 32)",0.01,800,1992,352,586,0.2977398330112919,0.8788279950818554,16414.109945359887,23230.78110121959,0.9027457392981173,18149.066787265932,27923.837427229504
NeuralNetwork_MLP,alle_features_zonder_id,"Garage, Overall Qual, Gr Liv Area, Total Bsmt SF, Lot Area, Year Built, Full Bath, Bedroom AbvGr, Neighborhood, House Style",10,0.15,3x128_64_32,3,"(128, 64, 32)",0.001,300,1992,352,586,1.0898339169943938,0.8222133124734496,19781.21891042725,28139.234897235543,0.8847519579464571,19728.557738253046,30397.478532068304
NeuralNetwork_MLP,alle_features_zonder_id,"Garage, Overall Qual, Gr Liv Area, Total Bsmt SF, Lot Area, Year Built, Full Bath, Bedroom AbvGr, Neighborhood, House Style",10,0.15,3x128_64_32,3,"(128, 64, 32)",0.001,800,1992,352,586,1.0921637910068966,0.8222133124734496,19781.21891042725,28139.234897235543,0.8847519579464571,19728.557738253046,30397.478532068304
NeuralNetwork_MLP,alle_features_zonder_id,"Garage, Overall Qual, Gr Liv Area, Total Bsmt SF, Lot Area, Year Built, Full Bath, Bedroom AbvGr, Neighborhood, House Style",10,0.15,3x128_64_32,3,"(128, 64, 32)",0.0003,300,1992,352,586,1.7883300829998916,0.8194824073243396,20107.348291679868,28354.52865582057,0.8727018225149703,20034.725173437204,31947.13194487776
NeuralNetwork_MLP,alle_features_zonder_id,"Garage, Overall Qual, Gr Liv Area, Total Bsmt SF, Lot Area, Year Built, Full Bath, Bedroom AbvGr, Neighborhood, House Style",10,0.15,3x128_64_32,3,"(128, 64, 32)",0.0003,800,1992,352,586,1.762582833005581,0.8194824073243396,20107.348291679868,28354.52865582057,0.8727018225149703,20034.725173437204,31947.13194487776
NeuralNetwork_MLP,alle_features_zonder_id,"Garage, Overall Qual, Gr Liv Area, Total Bsmt SF, Lot Area, Year Built, Full Bath, Bedroom AbvGr, Neighborhood, House Style",10,0.2,1x32,1,"(32,)",0.01,300,1875,469,586,0.19546841600094922,0.8817875097582419,17419.342076223154,23959.180264924948,0.8872021831715712,18991.754398834895,30072.61051062381
NeuralNetwork_MLP,alle_features_zonder_id,"Garage, Overall Qual, Gr Liv Area, Total Bsmt SF, Lot Area, Year Built, Full Bath, Bedroom AbvGr, Neighborhood, House Style",10,0.2,1x32,1,"(32,)",0.01,800,1875,469,586,0.1951919999992242,0.8817875097582419,17419.342076223154,23959.180264924948,0.8872021831715712,18991.754398834895,30072.61051062381
NeuralNetwork_MLP,alle_features_zonder_id,"Garage, Overall Qual, Gr Liv Area, Total Bsmt SF, Lot Area, Year Built, Full Bath, Bedroom AbvGr, Neighborhood, House Style",10,0.2,1x32,1,"(32,)",0.001,300,1875,469,586,0.5259833750023972,0.8791752825078566,17818.802257463583,24222.455469993914,0.9080145129319628,18227.32517014435,27156.91535347644
NeuralNetwork_MLP,alle_features_zonder_id,"Garage, Overall Qual, Gr Liv Area, Total Bsmt SF, Lot Area, Year Built, Full Bath, Bedroom AbvGr, Neighborhood, House Style",10,0.2,1x32,1,"(32,)",0.001,800,1875,469,586,0.5285206670087064,0.8791752825078566,17818.802257463583,24222.455469993914,0.9080145129319628,18227.32517014435,27156.91535347644
NeuralNetwork_MLP,alle_features_zonder_id,"Garage, Overall Qual, Gr Liv Area, Total Bsmt SF, Lot Area, Year Built, Full Bath, Bedroom AbvGr, Neighborhood, House Style",10,0.2,1x32,1,"(32,)",0.0003,300,1875,469,586,0.7766720420040656,0.885246855899777,16993.49052929048,23606.00902162454,0.9118824326679181,17364.817574054206,26579.81978193152
NeuralNetwork_MLP,alle_features_zonder_id,"Garage, Overall Qual, Gr Liv Area, Total Bsmt SF, Lot Area, Year Built, Full Bath, Bedroom AbvGr, Neighborhood, House Style",10,0.2,1x32,1,"(32,)",0.0003,800,1875,469,586,0.7742205840040697,0.885246855899777,16993.49052929048,23606.00902162454,0.9118824326679181,17364.817574054206,26579.81978193152
NeuralNetwork_MLP,alle_features_zonder_id,"Garage, Overall Qual, Gr Liv Area, Total Bsmt SF, Lot Area, Year Built, Full Bath, Bedroom AbvGr, Neighborhood, House Style",10,0.2,1x64,1,"(64,)",0.01,300,1875,469,586,0.16207908400974702,0.8686781396008848,18640.931886575025,25252.756165647006,0.9010733904912764,20161.80999321168,28162.898170791766
NeuralNetwork_MLP,alle_features_zonder_id,"Garage, Overall Qual, Gr Liv Area, Total Bsmt SF, Lot Area, Year Built, Full Bath, Bedroom AbvGr, Neighborhood, House Style",10,0.2,1x64,1,"(64,)",0.01,800,1875,469,586,0.16278116600005887,0.8686781396008848,18640.931886575025,25252.756165647006,0.9010733904912764,20161.80999321168,28162.898170791766
NeuralNetwork_MLP,alle_features_zonder_id,"Garage, Overall Qual, Gr Liv Area, Total Bsmt SF, Lot Area, Year Built, Full Bath, Bedroom AbvGr, Neighborhood, House Style",10,0.2,1x64,1,"(64,)",0.001,300,1875,469,586,0.6220166249986505,0.8769702856436417,17707.55015889666,24442.480638693763,0.9017952493452392,18282.831866655688,28059.95893470605
NeuralNetwork_MLP,alle_features_zonder_id,"Garage, Overall Qual, Gr Liv Area, Total Bsmt SF, Lot Area, Year Built, Full Bath, Bedroom AbvGr, Neighborhood, House Style",10,0.2,1x64,1,"(64,)",0.001,800,1875,469,586,0.6225239170016721,0.8769702856436417,17707.55015889666,24442.480638693763,0.9017952493452392,18282.831866655688,28059.95893470605
NeuralNetwork_MLP,alle_features_zonder_id,"Garage, Overall Qual, Gr Liv Area, Total Bsmt SF, Lot Area, Year Built, Full Bath, Bedroom AbvGr, Neighborhood, House Style",10,0.2,1x64,1,"(64,)",0.0003,300,1875,469,586,1.1214737919945037,0.8815633143416586,17399.250741430787,23981.889345663534,0.9061877848193273,18115.23433629626,27425.24260085362
NeuralNetwork_MLP,alle_features_zonder_id,"Garage, Overall Qual, Gr Liv Area, Total Bsmt SF, Lot Area, Year Built, Full Bath, Bedroom AbvGr, Neighborhood, House Style",10,0.2,1x64,1,"(64,)",0.0003,800,1875,469,586,1.1440885829943,0.880581846832461,17574.30442320592,24081.05154035812,0.9052293871825358,18203.32894577973,27564.97652285452
NeuralNetwork_MLP,alle_features_zonder_id,"Garage, Overall Qual, Gr Liv Area, Total Bsmt SF, Lot Area, Year Built, Full Bath, Bedroom AbvGr, Neighborhood, House Style",10,0.2,2x64_32,2,"(64, 32)",0.01,300,1875,469,586,0.4229991250031162,0.8738539806821336,17446.14767208613,24750.105084296916,0.8772340801764725,19675.68896050336,31373.263242243556
NeuralNetwork_MLP,alle_features_zonder_id,"Garage, Overall Qual, Gr Liv Area, Total Bsmt SF, Lot Area, Year Built, Full Bath, Bedroom AbvGr, Neighborhood, House Style",10,0.2,2x64_32,2,"(64, 32)",0.01,800,1875,469,586,0.419522500000312,0.8738539806821336,17446.14767208613,24750.105084296916,0.8772340801764725,19675.68896050336,31373.263242243556
NeuralNetwork_MLP,alle_features_zonder_id,"Garage, Overall Qual, Gr Liv Area, Total Bsmt SF, Lot Area, Year Built, Full Bath, Bedroom AbvGr, Neighborhood, House Style",10,0.2,2x64_32,2,"(64, 32)",0.001,300,1875,469,586,0.8337216660002014,0.8510707913047032,18835.180766454687,26892.440287984253,0.895994592427469,19302.693698403727,28876.77856490166
NeuralNetwork_MLP,alle_features_zonder_id,"Garage, Overall Qual, Gr Liv Area, Total Bsmt SF, Lot Area, Year Built, Full Bath, Bedroom AbvGr, Neighborhood, House Style",10,0.2,2x64_32,2,"(64, 32)",0.001,800,1875,469,586,0.8356649579945952,0.8510707913047032,18835.180766454687,26892.440287984253,0.895994592427469,19302.693698403727,28876.77856490166
NeuralNetwork_MLP,alle_features_zonder_id,"Garage, Overall Qual, Gr Liv Area, Total Bsmt SF, Lot Area, Year Built, Full Bath, Bedroom AbvGr, Neighborhood, House Style",10,0.2,2x64_32,2,"(64, 32)",0.0003,300,1875,469,586,1.0367438749963185,0.8650627399584949,18214.55127736019,25598.010665983027,0.8916947249924138,19302.009536982463,29467.655718490212
NeuralNetwork_MLP,alle_features_zonder_id,"Garage, Overall Qual, Gr Liv Area, Total Bsmt SF, Lot Area, Year Built, Full Bath, Bedroom AbvGr, Neighborhood, House Style",10,0.2,2x64_32,2,"(64, 32)",0.0003,800,1875,469,586,1.0376364169933368,0.8650627399584949,18214.55127736019,25598.010665983027,0.8916947249924138,19302.009536982463,29467.655718490212
NeuralNetwork_MLP,alle_features_zonder_id,"Garage, Overall Qual, Gr Liv Area, Total Bsmt SF, Lot Area, Year Built, Full Bath, Bedroom AbvGr, Neighborhood, House Style",10,0.2,2x128_64,2,"(128, 64)",0.01,300,1875,469,586,0.6791423329996178,0.862119370872374,18423.523332808494,25875.687657483337,0.845992529841075,20437.274201477238,35139.18430636983
NeuralNetwork_MLP,alle_features_zonder_id,"Garage, Overall Qual, Gr Liv Area, Total Bsmt SF, Lot Area, Year Built, Full Bath, Bedroom AbvGr, Neighborhood, House Style",10,0.2,2x128_64,2,"(128, 64)",0.01,800,1875,469,586,0.6788912089978112,0.862119370872374,18423.523332808494,25875.687657483337,0.845992529841075,20437.274201477238,35139.18430636983
NeuralNetwork_MLP,alle_features_zonder_id,"Garage, Overall Qual, Gr Liv Area, Total Bsmt SF, Lot Area, Year Built, Full Bath, Bedroom AbvGr, Neighborhood, House Style",10,0.2,2x128_64,2,"(128, 64)",0.001,300,1875,469,586,1.1008902080066036,0.8520554485519785,19267.105083196133,26803.392108209166,0.8714948297181948,20345.917451636695,32098.229890507
NeuralNetwork_MLP,alle_features_zonder_id,"Garage, Overall Qual, Gr Liv Area, Total Bsmt SF, Lot Area, Year Built, Full Bath, Bedroom AbvGr, Neighborhood, House Style",10,0.2,2x128_64,2,"(128, 64)",0.001,800,1875,469,586,1.092190915995161,0.8520554485519785,19267.105083196133,26803.392108209166,0.8714948297181948,20345.917451636695,32098.229890507
NeuralNetwork_MLP,alle_features_zonder_id,"Garage, Overall Qual, Gr Liv Area, Total Bsmt SF, Lot Area, Year Built, Full Bath, Bedroom AbvGr, Neighborhood, House Style",10,0.2,2x128_64,2,"(128, 64)",0.0003,300,1875,469,586,1.6403987499943469,0.8631768218393,18553.40827382402,25776.272185672493,0.8697211253025527,19754.672619469173,32318.990118373273
NeuralNetwork_MLP,alle_features_zonder_id,"Garage, Overall Qual, Gr Liv Area, Total Bsmt SF, Lot Area, Year Built, Full Bath, Bedroom AbvGr, Neighborhood, House Style",10,0.2,2x128_64,2,"(128, 64)",0.0003,800,1875,469,586,1.6440661660017213,0.8631768218393,18553.40827382402,25776.272185672493,0.8697211253025527,19754.672619469173,32318.990118373273
NeuralNetwork_MLP,alle_features_zonder_id,"Garage, Overall Qual, Gr Liv Area, Total Bsmt SF, Lot Area, Year Built, Full Bath, Bedroom AbvGr, Neighborhood, House Style",10,0.2,3x128_64_32,3,"(128, 64, 32)",0.01,300,1875,469,586,0.3246123749995604,0.8767238479454321,17240.19239559459,24466.948448407577,0.895458567696979,17834.69638474786,28951.095734966926
NeuralNetwork_MLP,alle_features_zonder_id,"Garage, Overall Qual, Gr Liv Area, Total Bsmt SF, Lot Area, Year Built, Full Bath, Bedroom AbvGr, Neighborhood, House Style",10,0.2,3x128_64_32,3,"(128, 64, 32)",0.01,800,1875,469,586,0.3248358340060804,0.8767238479454321,17240.19239559459,24466.948448407577,0.895458567696979,17834.69638474786,28951.095734966926
NeuralNetwork_MLP,alle_features_zonder_id,"Garage, Overall Qual, Gr Liv Area, Total Bsmt SF, Lot Area, Year Built, Full Bath, Bedroom AbvGr, Neighborhood, House Style",10,0.2,3x128_64_32,3,"(128, 64, 32)",0.001,300,1875,469,586,1.1686917500046548,0.8464047979497399,19424.676166930527,27310.46513196937,0.8745971339401467,20526.986952875053,31708.41354133126
NeuralNetwork_MLP,alle_features_zonder_id,"Garage, Overall Qual, Gr Liv Area, Total Bsmt SF, Lot Area, Year Built, Full Bath, Bedroom AbvGr, Neighborhood, House Style",10,0.2,3x128_64_32,3,"(128, 64, 32)",0.001,800,1875,469,586,1.1695646250009304,0.8464047979497399,19424.676166930527,27310.46513196937,0.8745971339401467,20526.986952875053,31708.41354133126
NeuralNetwork_MLP,alle_features_zonder_id,"Garage, Overall Qual, Gr Liv Area, Total Bsmt SF, Lot Area, Year Built, Full Bath, Bedroom AbvGr, Neighborhood, House Style",10,0.2,3x128_64_32,3,"(128, 64, 32)",0.0003,300,1875,469,586,1.2430099170014728,0.8597187671927116,19175.916872280814,26099.973051741203,0.8931867813894577,19515.357900624917,29263.97272867359
NeuralNetwork_MLP,alle_features_zonder_id,"Garage, Overall Qual, Gr Liv Area, Total Bsmt SF, Lot Area, Year Built, Full Bath, Bedroom AbvGr, Neighborhood, House Style",10,0.2,3x128_64_32,3,"(128, 64, 32)",0.0003,800,1875,469,586,1.248292083007982,0.8597187671927116,19175.916872280814,26099.973051741203,0.8931867813894577,19515.357900624917,29263.97272867359
NeuralNetwork_MLP,alle_features_zonder_id,"Garage, Overall Qual, Gr Liv Area, Total Bsmt SF, Lot Area, Year Built, Full Bath, Bedroom AbvGr, Neighborhood, House Style",10,0.3,1x32,1,"(32,)",0.01,300,1640,704,586,0.18479429099534173,0.8614435711635215,18099.06457522896,27270.82359456372,0.890757745883205,19049.018571005192,29594.84766748783
NeuralNetwork_MLP,alle_features_zonder_id,"Garage, Overall Qual, Gr Liv Area, Total Bsmt SF, Lot Area, Year Built, Full Bath, Bedroom AbvGr, Neighborhood, House Style",10,0.3,1x32,1,"(32,)",0.01,800,1640,704,586,0.18423866599914618,0.8614435711635215,18099.06457522896,27270.82359456372,0.890757745883205,19049.018571005192,29594.84766748783
NeuralNetwork_MLP,alle_features_zonder_id,"Garage, Overall Qual, Gr Liv Area, Total Bsmt SF, Lot Area, Year Built, Full Bath, Bedroom AbvGr, Neighborhood, House Style",10,0.3,1x32,1,"(32,)",0.001,300,1640,704,586,0.49368449999019504,0.8533241523979712,18705.038182101387,28058.484926158966,0.9035160912530937,18326.749920167844,27813.025059127453
NeuralNetwork_MLP,alle_features_zonder_id,"Garage, Overall Qual, Gr Liv Area, Total Bsmt SF, Lot Area, Year Built, Full Bath, Bedroom AbvGr, Neighborhood, House Style",10,0.3,1x32,1,"(32,)",0.001,800,1640,704,586,0.4795551659917692,0.8533241523979712,18705.038182101387,28058.484926158966,0.9035160912530937,18326.749920167844,27813.025059127453
NeuralNetwork_MLP,alle_features_zonder_id,"Garage, Overall Qual, Gr Liv Area, Total Bsmt SF, Lot Area, Year Built, Full Bath, Bedroom AbvGr, Neighborhood, House Style",10,0.3,1x32,1,"(32,)",0.0003,300,1640,704,586,0.6297268339985749,0.8679160230607755,18025.217953237963,26626.248553841066,0.9077906628049958,17657.953890310677,27189.93895980979
NeuralNetwork_MLP,alle_features_zonder_id,"Garage, Overall Qual, Gr Liv Area, Total Bsmt SF, Lot Area, Year Built, Full Bath, Bedroom AbvGr, Neighborhood, House Style",10,0.3,1x32,1,"(32,)",0.0003,800,1640,704,586,0.6383941249951022,0.8679160230607755,18025.217953237963,26626.248553841066,0.9077906628049958,17657.953890310677,27189.93895980979
NeuralNetwork_MLP,alle_features_zonder_id,"Garage, Overall Qual, Gr Liv Area, Total Bsmt SF, Lot Area, Year Built, Full Bath, Bedroom AbvGr, Neighborhood, House Style",10,0.3,1x64,1,"(64,)",0.01,300,1640,704,586,0.22201712500827853,0.8547630776849066,18670.24572109451,27920.51547634075,0.8968286289209837,18353.11864564807,28760.761685384554
NeuralNetwork_MLP,alle_features_zonder_id,"Garage, Overall Qual, Gr Liv Area, Total Bsmt SF, Lot Area, Year Built, Full Bath, Bedroom AbvGr, Neighborhood, House Style",10,0.3,1x64,1,"(64,)",0.01,800,1640,704,586,0.22136412501276936,0.8547630776849066,18670.24572109451,27920.51547634075,0.8968286289209837,18353.11864564807,28760.761685384554
NeuralNetwork_MLP,alle_features_zonder_id,"Garage, Overall Qual, Gr Liv Area, Total Bsmt SF, Lot Area, Year Built, Full Bath, Bedroom AbvGr, Neighborhood, House Style",10,0.3,1x64,1,"(64,)",0.001,300,1640,704,586,0.48900354199577123,0.8608610619305292,18846.013983179182,27328.088513591436,0.8966733415483761,18112.565630781683,28782.398035543018
NeuralNetwork_MLP,alle_features_zonder_id,"Garage, Overall Qual, Gr Liv Area, Total Bsmt SF, Lot Area, Year Built, Full Bath, Bedroom AbvGr, Neighborhood, House Style",10,0.3,1x64,1,"(64,)",0.001,800,1640,704,586,0.4908168330002809,0.8608610619305292,18846.013983179182,27328.088513591436,0.8966733415483761,18112.565630781683,28782.398035543018
NeuralNetwork_MLP,alle_features_zonder_id,"Garage, Overall Qual, Gr Liv Area, Total Bsmt SF, Lot Area, Year Built, Full Bath, Bedroom AbvGr, Neighborhood, House Style",10,0.3,1x64,1,"(64,)",0.0003,300,1640,704,586,0.979553458004375,0.8610517512595416,18587.670087016435,27309.355577894145,0.9004884763514553,18073.060659511866,28246.033536230676
NeuralNetwork_MLP,alle_features_zonder_id,"Garage, Overall Qual, Gr Liv Area, Total Bsmt SF, Lot Area, Year Built, Full Bath, Bedroom AbvGr, Neighborhood, House Style",10,0.3,1x64,1,"(64,)",0.0003,800,1640,704,586,0.9641836660011904,0.8610517512595416,18587.670087016435,27309.355577894145,0.9004884763514553,18073.060659511866,28246.033536230676
NeuralNetwork_MLP,alle_features_zonder_id,"Garage, Overall Qual, Gr Liv Area, Total Bsmt SF, Lot Area, Year Built, Full Bath, Bedroom AbvGr, Neighborhood, House Style",10,0.3,2x64_32,2,"(64, 32)",0.01,300,1640,704,586,0.2959409999893978,0.858895949369446,18086.554861325018,27520.39442686132,0.8628365106628346,19010.266419415715,33161.948828910514
NeuralNetwork_MLP,alle_features_zonder_id,"Garage, Overall Qual, Gr Liv Area, Total Bsmt SF, Lot Area, Year Built, Full Bath, Bedroom AbvGr, Neighborhood, House Style",10,0.3,2x64_32,2,"(64, 32)",0.01,800,1640,704,586,0.2948467090027407,0.858895949369446,18086.554861325018,27520.39442686132,0.8628365106628346,19010.266419415715,33161.948828910514
NeuralNetwork_MLP,alle_features_zonder_id,"Garage, Overall Qual, Gr Liv Area, Total Bsmt SF, Lot Area, Year Built, Full Bath, Bedroom AbvGr, Neighborhood, House Style",10,0.3,2x64_32,2,"(64, 32)",0.001,300,1640,704,586,0.7179157079954166,0.8430098177515256,19366.15209585517,29028.270423446866,0.8885440838212231,19474.02091982743,29893.195716526894
NeuralNetwork_MLP,alle_features_zonder_id,"Garage, Overall Qual, Gr Liv Area, Total Bsmt SF, Lot Area, Year Built, Full Bath, Bedroom AbvGr, Neighborhood, House Style",10,0.3,2x64_32,2,"(64, 32)",0.001,800,1640,704,586,0.7378139160136925,0.8430098177515256,19366.15209585517,29028.270423446866,0.8885440838212231,19474.02091982743,29893.195716526894
NeuralNetwork_MLP,alle_features_zonder_id,"Garage, Overall Qual, Gr Liv Area, Total Bsmt SF, Lot Area, Year Built, Full Bath, Bedroom AbvGr, Neighborhood, House Style",10,0.3,2x64_32,2,"(64, 32)",0.0003,300,1640,704,586,1.1991761670069536,0.8480409697055559,18934.41281558176,28559.34022506591,0.898699464784187,18616.010195958344,28498.805177048915
NeuralNetwork_MLP,alle_features_zonder_id,"Garage, Overall Qual, Gr Liv Area, Total Bsmt SF, Lot Area, Year Built, Full Bath, Bedroom AbvGr, Neighborhood, House Style",10,0.3,2x64_32,2,"(64, 32)",0.0003,800,1640,704,586,1.1898680419981247,0.8480409697055559,18934.41281558176,28559.34022506591,0.898699464784187,18616.010195958344,28498.805177048915
NeuralNetwork_MLP,alle_features_zonder_id,"Garage, Overall Qual, Gr Liv Area, Total Bsmt SF, Lot Area, Year Built, Full Bath, Bedroom AbvGr, Neighborhood, House Style",10,0.3,2x128_64,2,"(128, 64)",0.01,300,1640,704,586,0.29152087499096524,0.8503884414518563,18626.146253410043,28337.88849017068,0.8673010892384723,19175.136356560062,32617.784679677447
NeuralNetwork_MLP,alle_features_zonder_id,"Garage, Overall Qual, Gr Liv Area, Total Bsmt SF, Lot Area, Year Built, Full Bath, Bedroom AbvGr, Neighborhood, House Style",10,0.3,2x128_64,2,"(128, 64)",0.01,800,1640,704,586,0.2921223750017816,0.8503884414518563,18626.146253410043,28337.88849017068,0.8673010892384723,19175.136356560062,32617.784679677447
NeuralNetwork_MLP,alle_features_zonder_id,"Garage, Overall Qual, Gr Liv Area, Total Bsmt SF, Lot Area, Year Built, Full Bath, Bedroom AbvGr, Neighborhood, House Style",10,0.3,2x128_64,2,"(128, 64)",0.001,300,1640,704,586,0.5784483750030631,0.855539609362222,18995.93541047593,27845.774761212073,0.8876070541859247,19062.187660179592,30018.591408663186
NeuralNetwork_MLP,alle_features_zonder_id,"Garage, Overall Qual, Gr Liv Area, Total Bsmt SF, Lot Area, Year Built, Full Bath, Bedroom AbvGr, Neighborhood, House Style",10,0.3,2x128_64,2,"(128, 64)",0.001,800,1640,704,586,0.5779038750042673,0.855539609362222,18995.93541047593,27845.774761212073,0.8876070541859247,19062.187660179592,30018.591408663186
NeuralNetwork_MLP,alle_features_zonder_id,"Garage, Overall Qual, Gr Liv Area, Total Bsmt SF, Lot Area, Year Built, Full Bath, Bedroom AbvGr, Neighborhood, House Style",10,0.3,2x128_64,2,"(128, 64)",0.0003,300,1640,704,586,1.428614500007825,0.8553914174879609,19053.150251260606,27860.05362270301,0.8857536194941873,19461.52214989208,30265.092625631914
NeuralNetwork_MLP,alle_features_zonder_id,"Garage, Overall Qual, Gr Liv Area, Total Bsmt SF, Lot Area, Year Built, Full Bath, Bedroom AbvGr, Neighborhood, House Style",10,0.3,2x128_64,2,"(128, 64)",0.0003,800,1640,704,586,1.4261727080011042,0.8553914174879609,19053.150251260606,27860.05362270301,0.8857536194941873,19461.52214989208,30265.092625631914
NeuralNetwork_MLP,alle_features_zonder_id,"Garage, Overall Qual, Gr Liv Area, Total Bsmt SF, Lot Area, Year Built, Full Bath, Bedroom AbvGr, Neighborhood, House Style",10,0.3,3x128_64_32,3,"(128, 64, 32)",0.01,300,1640,704,586,0.3307085830019787,0.8111331725568252,21722.296538847044,31839.24464874199,0.8471421425144441,22323.904818944677,35007.78769083119
NeuralNetwork_MLP,alle_features_zonder_id,"Garage, Overall Qual, Gr Liv Area, Total Bsmt SF, Lot Area, Year Built, Full Bath, Bedroom AbvGr, Neighborhood, House Style",10,0.3,3x128_64_32,3,"(128, 64, 32)",0.01,800,1640,704,586,0.33009116699395236,0.8111331725568252,21722.296538847044,31839.24464874199,0.8471421425144441,22323.904818944677,35007.78769083119
NeuralNetwork_MLP,alle_features_zonder_id,"Garage, Overall Qual, Gr Liv Area, Total Bsmt SF, Lot Area, Year Built, Full Bath, Bedroom AbvGr, Neighborhood, House Style",10,0.3,3x128_64_32,3,"(128, 64, 32)",0.001,300,1640,704,586,0.7447140000003856,0.8471887210354299,19165.250760574618,28639.314506096744,0.8841210629246674,19017.406009572853,30480.566467572804
NeuralNetwork_MLP,alle_features_zonder_id,"Garage, Overall Qual, Gr Liv Area, Total Bsmt SF, Lot Area, Year Built, Full Bath, Bedroom AbvGr, Neighborhood, House Style",10,0.3,3x128_64_32,3,"(128, 64, 32)",0.001,800,1640,704,586,0.7470691659982549,0.8471887210354299,19165.250760574618,28639.314506096744,0.8841210629246674,19017.406009572853,30480.566467572804
NeuralNetwork_MLP,alle_features_zonder_id,"Garage, Overall Qual, Gr Liv Area, Total Bsmt SF, Lot Area, Year Built, Full Bath, Bedroom AbvGr, Neighborhood, House Style",10,0.3,3x128_64_32,3,"(128, 64, 32)",0.0003,300,1640,704,586,1.2749965420080116,0.8379211069513899,20216.023813250773,29494.982606966296,0.8788096964131341,19496.267794181604,31171.28594987637
NeuralNetwork_MLP,alle_features_zonder_id,"Garage, Overall Qual, Gr Liv Area, Total Bsmt SF, Lot Area, Year Built, Full Bath, Bedroom AbvGr, Neighborhood, House Style",10,0.3,3x128_64_32,3,"(128, 64, 32)",0.0003,800,1640,704,586,1.2720931249932619,0.8379211069513899,20216.023813250773,29494.982606966296,0.8788096964131341,19496.267794181604,31171.28594987637
