player_x,rock_x,rock_y,dx,rock_speed,action
0.5,0.682,-0.04,0.182,0.6,1
0.5,0.682,-0.03,0.182,0.6,1
0.5,0.682,-0.02,0.182,0.6,1
0.5,0.682,-0.01,0.182,0.6,1
0.5,0.682,0.0,0.182,0.6,1
0.5,0.682,0.01,0.182,0.6,1
0.5,0.682,0.02,0.182,0.6,1
0.5,0.682,0.03,0.182,0.6,1
0.5,0.682,0.04,0.182,0.6,1
0.5,0.682,0.05,0.182,0.6,1
0.5,0.682,0.06,0.182,0.6,1
0.5,0.682,0.07,0.182,0.6,1
0.5,0.682,0.08,0.182,0.6,1
0.5,0.682,0.09,0.182,0.6,1
0.5,0.682,0.1,0.182,0.6,1
0.5,0.682,0.11,0.182,0.6,1
0.5,0.682,0.12,0.182,0.6,1
0.5,0.682,0.13,0.182,0.6,1
0.5,0.682,0.14,0.182,0.6,1
0.5,0.682,0.15,0.182,0.6,1
0.5,0.682,0.16,0.182,0.6,1
0.5,0.682,0.17,0.182,0.6,1
0.5,0.682,0.18,0.182,0.6,1
0.5,0.682,0.19,0.182,0.6,1
0.5,0.682,0.2,0.182,0.6,1
0.5,0.682,0.21,0.182,0.6,1
0.5,0.682,0.22,0.182,0.6,1
0.5,0.682,0.23,0.182,0.6,1
0.5,0.682,0.24,0.182,0.6,1
0.5,0.682,0.25,0.182,0.6,1
0.5,0.682,0.26,0.182,0.6,1
0.5,0.682,0.27,0.182,0.6,1
0.5,0.682,0.28,0.182,0.6,1
0.5,0.682,0.29,0.182,0.6,1
0.5,0.682,0.3,0.182,0.6,1
0.5,0.682,0.31,0.182,0.6,1
0.5,0.682,0.32,0.182,0.6,1
0.5,0.682,0.33,0.182,0.6,1
0.5,0.682,0.34,0.182,0.6,1
0.5,0.682,0.35,0.182,0.6,1
0.5,0.682,0.36,0.182,0.6,1
0.5,0.682,0.37,0.182,0.6,1
0.5,0.682,0.38,0.182,0.6,1
0.5,0.682,0.39,0.182,0.6,1
0.5,0.682,0.4,0.182,0.6,1
0.5,0.682,0.41,0.182,0.6,1
0.5,0.682,0.42,0.182,0.6,1
0.5,0.682,0.43,0.182,0.6,1
0.5,0.682,0.44,0.182,0.6,1
0.5,0.682,0.45,0.182,0.6,1
0.5,0.682,0.46,0.182,0.6,1
0.5,0.682,0.47,0.182,0.6,1
0.5,0.682,0.48,0.182,0.6,1
0.5,0.682,0.49,0.182,0.6,1
0.5,0.682,0.5,0.182,0.6,1
0.5,0.682,0.51,0.182,0.6,1
0.5,0.682,0.52,0.182,0.6,1
0.5,0.682,0.53,0.182,0.6,1
0.5,0.682,0.54,0.182,0.6,1
0.5,0.682,0.55,0.182,0.6,1
0.5,0.682,0.56,0.182,0.6,1
0.5,0.682,0.57,0.182,0.6,1
0.5,0.682,0.58,0.182,0.6,1
0.5,0.682,0.59,0.182,0.6,1
0.5,0.682,0.6,0.182,0.6,1
0.5,0.682,0.61,0.182,0.6,1
0.5,0.682,0.62,0.182,0.6,1
0.5,0.682,0.63,0.182,0.6,1
0.5,0.682,0.64,0.182,0.6,1
0.5,0.682,0.65,0.182,0.6,1
0.5,0.682,0.66,0.182,0.6,1
0.5,0.682,0.67,0.182,0.6,1
0.5,0.682,0.68,0.182,0.6,1
0.5,0.682,0.69,0.182,0.6,1
0.5,0.682,0.7,0.182,0.6,1
0.5,0.682,0.71,0.182,0.6,1
0.5,0.682,0.72,0.182,0.6,1
0.5,0.682,0.73,0.182,0.6,1
0.5,0.682,0.74,0.182,0.6,1
0.5,0.682,0.75,0.182,0.6,1
0.5,0.682,0.76,0.182,0.6,1
0.5,0.682,0.77,0.182,0.6,1
0.5,0.682,0.78,0.182,0.6,1
0.5,0.682,0.79,0.182,0.6,1
0.5,0.682,0.8,0.182,0.6,1
0.5,0.682,0.81,0.182,0.6,1
0.5,0.682,0.82,0.182,0.6,1
0.5,0.682,0.83,0.182,0.6,1
0.5,0.682,0.84,0.182,0.6,1
0.5,0.682,0.85,0.182,0.6,1
0.5,0.682,0.86,0.182,0.6,1
0.5,0.682,0.87,0.182,0.6,1
0.5,0.682,0.88,0.182,0.6,1
0.5,0.682,0.89,0.182,0.6,1
0.5,0.682,0.9,0.182,0.6,1
0.512,0.682,0.91,0.17,0.6,2
0.524,0.682,0.92,0.158,0.6,2
0.536,0.682,0.93,0.146,0.6,2
0.548,0.682,0.94,0.134,0.6,2
0.56,0.682,0.95,0.122,0.6,2
0.572,0.682,0.96,0.11,0.6,2
0.584,0.682,0.97,0.098,0.6,2
0.596,0.682,0.98,0.086,0.6,2
0.608,0.682,0.99,0.074,0.6,2
0.62,0.682,1.0,0.062,0.6,2
0.632,0.682,1.01,0.05,0.6,2
0.644,0.776,-0.03666666666666667,0.132,0.8,2
0.644,0.776,-0.023333333333333334,0.132,0.8,1
0.644,0.776,-0.01,0.132,0.8,1
0.644,0.776,0.0033333333333333335,0.132,0.8,1
0.644,0.776,0.016666666666666666,0.132,0.8,1
0.644,0.776,0.03,0.132,0.8,1
0.644,0.776,0.043333333333333335,0.132,0.8,1
0.644,0.776,0.056666666666666664,0.132,0.8,1
0.644,0.776,0.07,0.132,0.8,1
0.644,0.776,0.08333333333333333,0.132,0.8,1
0.644,0.776,0.09666666666666666,0.132,0.8,1
0.644,0.776,0.11,0.132,0.8,1
0.644,0.776,0.12333333333333334,0.132,0.8,1
0.644,0.776,0.13666666666666666,0.132,0.8,1
0.644,0.776,0.15,0.132,0.8,1
0.644,0.776,0.16333333333333333,0.132,0.8,1
0.644,0.776,0.17666666666666667,0.132,0.8,1
0.644,0.776,0.19,0.132,0.8,1
0.644,0.776,0.20333333333333334,0.132,0.8,1
0.644,0.776,0.21666666666666667,0.132,0.8,1
0.644,0.776,0.23,0.132,0.8,1
0.644,0.776,0.24333333333333335,0.132,0.8,1
0.644,0.776,0.25666666666666665,0.132,0.8,1
0.644,0.776,0.27,0.132,0.8,1
0.644,0.776,0.2833333333333333,0.132,0.8,1
0.644,0.776,0.2966666666666667,0.132,0.8,1
0.644,0.776,0.31,0.132,0.8,1
0.644,0.776,0.3233333333333333,0.132,0.8,1
0.632,0.776,0.33666666666666667,0.144,0.8,0
0.62,0.776,0.35,0.156,0.8,0
0.608,0.776,0.36333333333333334,0.168,0.8,0
0.596,0.776,0.37666666666666665,0.18,0.8,0
0.584,0.776,0.39,0.192,0.8,0
0.572,0.776,0.4033333333333333,0.204,0.8,0
0.56,0.776,0.4166666666666667,0.216,0.8,0
0.548,0.776,0.43,0.228,0.8,0
0.536,0.776,0.44333333333333336,0.24,0.8,0
0.524,0.776,0.45666666666666667,0.252,0.8,0
0.512,0.776,0.47,0.264,0.8,0
0.5,0.776,0.48333333333333334,0.276,0.8,0
0.488,0.776,0.49666666666666665,0.288,0.8,0
0.476,0.776,0.51,0.3,0.8,0
0.464,0.776,0.5233333333333333,0.312,0.8,0
0.452,0.776,0.5366666666666666,0.324,0.8,0
0.44,0.776,0.55,0.336,0.8,0
0.428,0.776,0.5633333333333334,0.348,0.8,0
0.416,0.776,0.5766666666666667,0.36,0.8,0
0.404,0.776,0.59,0.372,0.8,0
0.392,0.776,0.6033333333333334,0.384,0.8,0
0.38,0.776,0.6166666666666667,0.396,0.8,0
0.368,0.776,0.63,0.408,0.8,0
0.368,0.776,0.6433333333333333,0.408,0.8,1
0.368,0.776,0.6566666666666666,0.408,0.8,1
0.368,0.776,0.67,0.408,0.8,1
0.368,0.776,0.6833333333333333,0.408,0.8,1
0.368,0.776,0.6966666666666667,0.408,0.8,1
0.368,0.776,0.71,0.408,0.8,1
0.368,0.776,0.7233333333333334,0.408,0.8,1
0.368,0.776,0.7366666666666667,0.408,0.8,1
0.368,0.776,0.75,0.408,0.8,1
0.368,0.776,0.7633333333333333,0.408,0.8,1
0.368,0.776,0.7766666666666666,0.408,0.8,1
0.368,0.776,0.79,0.408,0.8,1
0.368,0.776,0.8033333333333333,0.408,0.8,1
0.368,0.776,0.8166666666666667,0.408,0.8,1
0.368,0.776,0.83,0.408,0.8,1
0.368,0.776,0.8433333333333334,0.408,0.8,1
0.368,0.776,0.8566666666666667,0.408,0.8,1
0.38,0.776,0.87,0.396,0.8,2
0.392,0.776,0.8833333333333333,0.384,0.8,2
0.404,0.776,0.8966666666666666,0.372,0.8,2
0.416,0.776,0.91,0.36,0.8,2
0.428,0.776,0.9233333333333333,0.348,0.8,2
0.44,0.776,0.9366666666666666,0.336,0.8,2
0.452,0.776,0.95,0.324,0.8,2
0.464,0.776,0.9633333333333334,0.312,0.8,2
0.476,0.776,0.9766666666666667,0.3,0.8,2
0.488,0.776,0.99,0.288,0.8,2
0.5,0.776,1.0033333333333334,0.276,0.8,2
0.512,0.208,-0.03666666666666667,-0.304,0.8,2
0.512,0.208,-0.023333333333333334,-0.304,0.8,1
0.512,0.208,-0.01,-0.304,0.8,1
0.512,0.208,0.0033333333333333335,-0.304,0.8,1
0.512,0.208,0.016666666666666666,-0.304,0.8,1
0.512,0.208,0.03,-0.304,0.8,1
0.512,0.208,0.043333333333333335,-0.304,0.8,1
0.512,0.208,0.056666666666666664,-0.304,0.8,1
0.5,0.208,0.07,-0.292,0.8,0
0.488,0.208,0.08333333333333333,-0.28,0.8,0
0.476,0.208,0.09666666666666666,-0.268,0.8,0
0.464,0.208,0.11,-0.256,0.8,0
0.452,0.208,0.12333333333333334,-0.244,0.8,0
0.44,0.208,0.13666666666666666,-0.232,0.8,0
0.428,0.208,0.15,-0.22,0.8,0
0.416,0.208,0.16333333333333333,-0.208,0.8,0
0.404,0.208,0.17666666666666667,-0.196,0.8,0
0.392,0.208,0.19,-0.184,0.8,0
0.38,0.208,0.20333333333333334,-0.172,0.8,0
0.368,0.208,0.21666666666666667,-0.16,0.8,0
0.356,0.208,0.23,-0.148,0.8,0
0.344,0.208,0.24333333333333335,-0.136,0.8,0
0.356,0.208,0.25666666666666665,-0.148,0.8,2
0.368,0.208,0.27,-0.16,0.8,2
0.38,0.208,0.2833333333333333,-0.172,0.8,2
0.392,0.208,0.2966666666666667,-0.184,0.8,2
0.404,0.208,0.31,-0.196,0.8,2
0.416,0.208,0.3233333333333333,-0.208,0.8,2
0.428,0.208,0.33666666666666667,-0.22,0.8,2
0.44,0.208,0.35,-0.232,0.8,2
0.452,0.208,0.36333333333333334,-0.244,0.8,2
0.464,0.208,0.37666666666666665,-0.256,0.8,2
0.476,0.208,0.39,-0.268,0.8,2
0.488,0.208,0.4033333333333333,-0.28,0.8,2
0.5,0.208,0.4166666666666667,-0.292,0.8,2
0.512,0.208,0.43,-0.304,0.8,2
0.524,0.208,0.44333333333333336,-0.316,0.8,2
0.536,0.208,0.45666666666666667,-0.328,0.8,2
0.548,0.208,0.47,-0.34,0.8,2
0.56,0.208,0.48333333333333334,-0.352,0.8,2
0.572,0.208,0.49666666666666665,-0.364,0.8,2
0.584,0.208,0.51,-0.376,0.8,2
0.596,0.208,0.5233333333333333,-0.388,0.8,2
0.608,0.208,0.5366666666666666,-0.4,0.8,2
0.62,0.208,0.55,-0.412,0.8,2
0.632,0.208,0.5633333333333334,-0.424,0.8,2
0.644,0.208,0.5766666666666667,-0.436,0.8,2
0.656,0.208,0.59,-0.448,0.8,2
0.668,0.208,0.6033333333333334,-0.46,0.8,2
0.68,0.208,0.6166666666666667,-0.472,0.8,2
0.692,0.208,0.63,-0.484,0.8,2
0.704,0.208,0.6433333333333333,-0.496,0.8,2
0.716,0.208,0.6566666666666666,-0.508,0.8,2
0.728,0.208,0.67,-0.52,0.8,2
0.74,0.208,0.6833333333333333,-0.532,0.8,2
0.752,0.208,0.6966666666666667,-0.544,0.8,2
0.764,0.208,0.71,-0.556,0.8,2
0.776,0.208,0.7233333333333334,-0.568,0.8,2
0.788,0.208,0.7366666666666667,-0.58,0.8,2
0.8,0.208,0.75,-0.592,0.8,2
0.812,0.208,0.7633333333333333,-0.604,0.8,2
0.824,0.208,0.7766666666666666,-0.616,0.8,2
0.824,0.208,0.79,-0.616,0.8,1
0.824,0.208,0.8033333333333333,-0.616,0.8,1
0.824,0.208,0.8166666666666667,-0.616,0.8,1
0.824,0.208,0.83,-0.616,0.8,1
0.824,0.208,0.8433333333333334,-0.616,0.8,1
0.824,0.208,0.8566666666666667,-0.616,0.8,1
0.812,0.208,0.87,-0.604,0.8,0
0.8,0.208,0.8833333333333333,-0.592,0.8,0
0.788,0.208,0.8966666666666666,-0.58,0.8,0
0.776,0.208,0.91,-0.568,0.8,0
0.764,0.208,0.9233333333333333,-0.556,0.8,0
0.752,0.208,0.9366666666666666,-0.544,0.8,0
0.74,0.208,0.95,-0.532,0.8,0
0.728,0.208,0.9633333333333334,-0.52,0.8,0
0.716,0.208,0.9766666666666667,-0.508,0.8,0
0.704,0.208,0.99,-0.496,0.8,0
0.692,0.208,1.0033333333333334,-0.484,0.8,0
0.68,0.276,-0.04,-0.404,0.6,0
0.668,0.276,-0.03,-0.392,0.6,0
0.656,0.276,-0.02,-0.38,0.6,0
0.656,0.276,-0.01,-0.38,0.6,1
0.656,0.276,0.0,-0.38,0.6,1
0.656,0.276,0.01,-0.38,0.6,1
0.656,0.276,0.02,-0.38,0.6,1
0.656,0.276,0.03,-0.38,0.6,1
0.656,0.276,0.04,-0.38,0.6,1
0.668,0.276,0.05,-0.392,0.6,2
0.68,0.276,0.06,-0.404,0.6,2
0.692,0.276,0.07,-0.416,0.6,2
0.704,0.276,0.08,-0.428,0.6,2
0.716,0.276,0.09,-0.44,0.6,2
0.728,0.276,0.1,-0.452,0.6,2
0.74,0.276,0.11,-0.464,0.6,2
0.752,0.276,0.12,-0.476,0.6,2
0.764,0.276,0.13,-0.488,0.6,2
0.776,0.276,0.14,-0.5,0.6,2
0.788,0.276,0.15,-0.512,0.6,2
0.8,0.276,0.16,-0.524,0.6,2
0.812,0.276,0.17,-0.536,0.6,2
0.824,0.276,0.18,-0.548,0.6,2
0.836,0.276,0.19,-0.56,0.6,2
0.848,0.276,0.2,-0.572,0.6,2
0.86,0.276,0.21,-0.584,0.6,2
0.872,0.276,0.22,-0.596,0.6,2
0.884,0.276,0.23,-0.608,0.6,2
0.896,0.276,0.24,-0.62,0.6,2
0.896,0.276,0.25,-0.62,0.6,1
0.884,0.276,0.26,-0.608,0.6,0
0.872,0.276,0.27,-0.596,0.6,0
0.86,0.276,0.28,-0.584,0.6,0
0.848,0.276,0.29,-0.572,0.6,0
0.836,0.276,0.3,-0.56,0.6,0
0.824,0.276,0.31,-0.548,0.6,0
0.812,0.276,0.32,-0.536,0.6,0
0.8,0.276,0.33,-0.524,0.6,0
0.788,0.276,0.34,-0.512,0.6,0
0.776,0.276,0.35,-0.5,0.6,0
0.764,0.276,0.36,-0.488,0.6,0
0.752,0.276,0.37,-0.476,0.6,0
0.74,0.276,0.38,-0.464,0.6,0
0.728,0.276,0.39,-0.452,0.6,0
0.716,0.276,0.4,-0.44,0.6,0
0.704,0.276,0.41,-0.428,0.6,0
0.692,0.276,0.42,-0.416,0.6,0
0.692,0.276,0.43,-0.416,0.6,1
0.692,0.276,0.44,-0.416,0.6,1
0.692,0.276,0.45,-0.416,0.6,1
0.692,0.276,0.46,-0.416,0.6,1
0.692,0.276,0.47,-0.416,0.6,1
0.692,0.276,0.48,-0.416,0.6,1
0.692,0.276,0.49,-0.416,0.6,1
0.692,0.276,0.5,-0.416,0.6,1
0.692,0.276,0.51,-0.416,0.6,1
0.692,0.276,0.52,-0.416,0.6,1
0.692,0.276,0.53,-0.416,0.6,1
0.68,0.276,0.54,-0.404,0.6,0
0.668,0.276,0.55,-0.392,0.6,0
0.656,0.276,0.56,-0.38,0.6,0
0.644,0.276,0.57,-0.368,0.6,0
0.632,0.276,0.58,-0.356,0.6,0
0.62,0.276,0.59,-0.344,0.6,0
0.608,0.276,0.6,-0.332,0.6,0
0.596,0.276,0.61,-0.32,0.6,0
0.584,0.276,0.62,-0.308,0.6,0
0.572,0.276,0.63,-0.296,0.6,0
0.56,0.276,0.64,-0.284,0.6,0
0.56,0.276,0.65,-0.284,0.6,1
0.56,0.276,0.66,-0.284,0.6,1
0.56,0.276,0.67,-0.284,0.6,1
0.56,0.276,0.68,-0.284,0.6,1
0.56,0.276,0.69,-0.284,0.6,1
0.56,0.276,0.7,-0.284,0.6,1
0.56,0.276,0.71,-0.284,0.6,1
0.572,0.276,0.72,-0.296,0.6,2
0.584,0.276,0.73,-0.308,0.6,2
0.596,0.276,0.74,-0.32,0.6,2
0.608,0.276,0.75,-0.332,0.6,2
0.62,0.276,0.76,-0.344,0.6,2
0.632,0.276,0.77,-0.356,0.6,2
0.644,0.276,0.78,-0.368,0.6,2
0.656,0.276,0.79,-0.38,0.6,2
0.668,0.276,0.8,-0.392,0.6,2
0.68,0.276,0.81,-0.404,0.6,2
0.692,0.276,0.82,-0.416,0.6,2
0.704,0.276,0.83,-0.428,0.6,2
0.716,0.276,0.84,-0.44,0.6,2
0.728,0.276,0.85,-0.452,0.6,2
0.728,0.276,0.86,-0.452,0.6,1
0.728,0.276,0.87,-0.452,0.6,1
0.716,0.276,0.88,-0.44,0.6,0
0.704,0.276,0.89,-0.428,0.6,0
0.692,0.276,0.9,-0.416,0.6,0
0.68,0.276,0.91,-0.404,0.6,0
0.668,0.276,0.92,-0.392,0.6,0
0.656,0.276,0.93,-0.38,0.6,0
0.644,0.276,0.94,-0.368,0.6,0
0.632,0.276,0.95,-0.356,0.6,0
0.62,0.276,0.96,-0.344,0.6,0
0.608,0.276,0.97,-0.332,0.6,0
0.596,0.276,0.98,-0.32,0.6,0
0.584,0.276,0.99,-0.308,0.6,0
0.572,0.276,1.0,-0.296,0.6,0
0.56,0.276,1.01,-0.284,0.6,0
0.548,0.37,-0.03833333333333333,-0.178,0.7,0
0.536,0.37,-0.02666666666666667,-0.166,0.7,0
0.524,0.37,-0.015,-0.154,0.7,0
0.512,0.37,-0.0033333333333333335,-0.142,0.7,0
0.5,0.37,0.008333333333333333,-0.13,0.7,0
0.488,0.37,0.02,-0.118,0.7,0
0.476,0.37,0.03166666666666667,-0.106,0.7,0
0.464,0.37,0.043333333333333335,-0.094,0.7,0
0.452,0.37,0.055,-0.082,0.7,0
0.44,0.37,0.06666666666666667,-0.07,0.7,0
0.428,0.37,0.07833333333333334,-0.058,0.7,0
0.416,0.37,0.09,-0.046,0.7,0
0.404,0.37,0.10166666666666667,-0.034,0.7,0
0.392,0.37,0.11333333333333333,-0.022,0.7,0
0.38,0.37,0.125,-0.01,0.7,0
0.368,0.37,0.13666666666666666,0.002,0.7,0
0.356,0.37,0.14833333333333334,0.014,0.7,0
0.344,0.37,0.16,0.026,0.7,0
0.332,0.37,0.17166666666666666,0.038,0.7,0
0.32,0.37,0.18333333333333332,0.05,0.7,0
0.308,0.37,0.195,0.062,0.7,0
0.296,0.37,0.20666666666666667,0.074,0.7,0
0.284,0.37,0.21833333333333332,0.086,0.7,0
0.272,0.37,0.23,0.098,0.7,0
0.26,0.37,0.24166666666666667,0.11,0.7,0
0.248,0.37,0.25333333333333335,0.122,0.7,0
0.236,0.37,0.265,0.134,0.7,0
0.224,0.37,0.27666666666666667,0.146,0.7,0
0.212,0.37,0.28833333333333333,0.158,0.7,0
0.2,0.37,0.3,0.17,0.7,0
0.188,0.37,0.31166666666666665,0.182,0.7,0
0.176,0.37,0.3233333333333333,0.194,0.7,0
0.164,0.37,0.335,0.206,0.7,0
0.152,0.37,0.3466666666666667,0.218,0.7,0
0.14,0.37,0.35833333333333334,0.23,0.7,0
0.128,0.37,0.37,0.242,0.7,0
0.116,0.37,0.38166666666666665,0.254,0.7,0
0.104,0.37,0.3933333333333333,0.266,0.7,0
0.092,0.37,0.405,0.278,0.7,0
0.08,0.37,0.4166666666666667,0.29,0.7,0
0.068,0.37,0.42833333333333334,0.302,0.7,0
0.056,0.37,0.44,0.314,0.7,0
0.056,0.37,0.45166666666666666,0.314,0.7,1
0.056,0.37,0.4633333333333333,0.314,0.7,1
0.056,0.37,0.475,0.314,0.7,1
0.056,0.37,0.4866666666666667,0.314,0.7,1
0.056,0.37,0.49833333333333335,0.314,0.7,1
0.056,0.37,0.51,0.314,0.7,1
0.056,0.37,0.5216666666666666,0.314,0.7,1
0.056,0.37,0.5333333333333333,0.314,0.7,1
0.056,0.37,0.545,0.314,0.7,1
0.056,0.37,0.5566666666666666,0.314,0.7,1
0.056,0.37,0.5683333333333334,0.314,0.7,1
0.056,0.37,0.58,0.314,0.7,1
0.056,0.37,0.5916666666666667,0.314,0.7,1
0.056,0.37,0.6033333333333334,0.314,0.7,1
0.056,0.37,0.615,0.314,0.7,1
0.056,0.37,0.6266666666666667,0.314,0.7,1
0.056,0.37,0.6383333333333333,0.314,0.7,1
0.056,0.37,0.65,0.314,0.7,1
0.056,0.37,0.6616666666666666,0.314,0.7,1
0.068,0.37,0.6733333333333333,0.302,0.7,2
0.08,0.37,0.685,0.29,0.7,2
0.092,0.37,0.6966666666666667,0.278,0.7,2
0.104,0.37,0.7083333333333334,0.266,0.7,2
0.116,0.37,0.72,0.254,0.7,2
0.128,0.37,0.7316666666666667,0.242,0.7,2
0.128,0.37,0.7433333333333333,0.242,0.7,1
0.128,0.37,0.755,0.242,0.7,1
0.128,0.37,0.7666666666666667,0.242,0.7,1
0.128,0.37,0.7783333333333333,0.242,0.7,1
0.128,0.37,0.79,0.242,0.7,1
0.128,0.37,0.8016666666666666,0.242,0.7,1
0.128,0.37,0.8133333333333334,0.242,0.7,1
0.128,0.37,0.825,0.242,0.7,1
0.128,0.37,0.8366666666666667,0.242,0.7,1
0.128,0.37,0.8483333333333334,0.242,0.7,1
0.128,0.37,0.86,0.242,0.7,1
0.128,0.37,0.8716666666666667,0.242,0.7,1
0.128,0.37,0.8833333333333333,0.242,0.7,1
0.128,0.37,0.895,0.242,0.7,1
0.128,0.37,0.9066666666666666,0.242,0.7,1
0.128,0.37,0.9183333333333333,0.242,0.7,1
0.128,0.37,0.93,0.242,0.7,1
0.128,0.37,0.9416666666666667,0.242,0.7,1
0.128,0.37,0.9533333333333334,0.242,0.7,1
0.128,0.37,0.965,0.242,0.7,1
0.128,0.37,0.9766666666666667,0.242,0.7,1
0.128,0.37,0.9883333333333333,0.242,0.7,1
0.128,0.37,1.0,0.242,0.7,1
0.128,0.37,1.0116666666666667,0.242,0.7,1
0.128,0.116,-0.03833333333333333,-0.012,0.7,1
0.128,0.116,-0.02666666666666667,-0.012,0.7,1
0.128,0.116,-0.015,-0.012,0.7,1
0.128,0.116,-0.0033333333333333335,-0.012,0.7,1
0.128,0.116,0.008333333333333333,-0.012,0.7,1
0.128,0.116,0.02,-0.012,0.7,1
0.14,0.116,0.03166666666666667,-0.024,0.7,2
0.152,0.116,0.043333333333333335,-0.036,0.7,2
0.164,0.116,0.055,-0.048,0.7,2
0.176,0.116,0.06666666666666667,-0.06,0.7,2
0.188,0.116,0.07833333333333334,-0.072,0.7,2
0.2,0.116,0.09,-0.084,0.7,2
0.212,0.116,0.10166666666666667,-0.096,0.7,2
0.224,0.116,0.11333333333333333,-0.108,0.7,2
0.236,0.116,0.125,-0.12,0.7,2
0.248,0.116,0.13666666666666666,-0.132,0.7,2
0.26,0.116,0.14833333333333334,-0.144,0.7,2
0.272,0.116,0.16,-0.156,0.7,2
0.284,0.116,0.17166666666666666,-0.168,0.7,2
0.296,0.116,0.18333333333333332,-0.18,0.7,2
0.308,0.116,0.195,-0.192,0.7,2
0.32,0.116,0.20666666666666667,-0.204,0.7,2
0.332,0.116,0.21833333333333332,-0.216,0.7,2
0.344,0.116,0.23,-0.228,0.7,2
0.356,0.116,0.24166666666666667,-0.24,0.7,2
0.368,0.116,0.25333333333333335,-0.252,0.7,2
0.38,0.116,0.265,-0.264,0.7,2
0.392,0.116,0.27666666666666667,-0.276,0.7,2
0.404,0.116,0.28833333333333333,-0.288,0.7,2
0.416,0.116,0.3,-0.3,0.7,2
0.428,0.116,0.31166666666666665,-0.312,0.7,2
0.44,0.116,0.3233333333333333,-0.324,0.7,2
0.452,0.116,0.335,-0.336,0.7,2
0.464,0.116,0.3466666666666667,-0.348,0.7,2
0.476,0.116,0.35833333333333334,-0.36,0.7,2
0.488,0.116,0.37,-0.372,0.7,2
0.5,0.116,0.38166666666666665,-0.384,0.7,2
0.512,0.116,0.3933333333333333,-0.396,0.7,2
0.524,0.116,0.405,-0.408,0.7,2
0.536,0.116,0.4166666666666667,-0.42,0.7,2
0.548,0.116,0.42833333333333334,-0.432,0.7,2
0.56,0.116,0.44,-0.444,0.7,2
0.572,0.116,0.45166666666666666,-0.456,0.7,2
0.584,0.116,0.4633333333333333,-0.468,0.7,2
0.596,0.116,0.475,-0.48,0.7,2
0.608,0.116,0.4866666666666667,-0.492,0.7,2
0.62,0.116,0.49833333333333335,-0.504,0.7,2
0.632,0.116,0.51,-0.516,0.7,2
0.644,0.116,0.5216666666666666,-0.528,0.7,2
0.656,0.116,0.5333333333333333,-0.54,0.7,2
0.668,0.116,0.545,-0.552,0.7,2
0.68,0.116,0.5566666666666666,-0.564,0.7,2
0.692,0.116,0.5683333333333334,-0.576,0.7,2
0.704,0.116,0.58,-0.588,0.7,2
0.716,0.116,0.5916666666666667,-0.6,0.7,2
0.728,0.116,0.6033333333333334,-0.612,0.7,2
0.74,0.116,0.615,-0.624,0.7,2
0.752,0.116,0.6266666666666667,-0.636,0.7,2
0.764,0.116,0.6383333333333333,-0.648,0.7,2
0.776,0.116,0.65,-0.66,0.7,2
0.788,0.116,0.6616666666666666,-0.672,0.7,2
0.8,0.116,0.6733333333333333,-0.684,0.7,2
0.8,0.116,0.685,-0.684,0.7,1
0.8,0.116,0.6966666666666667,-0.684,0.7,1
0.8,0.116,0.7083333333333334,-0.684,0.7,1
0.8,0.116,0.72,-0.684,0.7,1
0.8,0.116,0.7316666666666667,-0.684,0.7,1
0.8,0.116,0.7433333333333333,-0.684,0.7,1
0.8,0.116,0.755,-0.684,0.7,1
0.8,0.116,0.7666666666666667,-0.684,0.7,1
0.8,0.116,0.7783333333333333,-0.684,0.7,1
0.8,0.116,0.79,-0.684,0.7,1
0.8,0.116,0.8016666666666666,-0.684,0.7,1
0.788,0.116,0.8133333333333334,-0.672,0.7,0
0.776,0.116,0.825,-0.66,0.7,0
0.764,0.116,0.8366666666666667,-0.648,0.7,0
0.752,0.116,0.8483333333333334,-0.636,0.7,0
0.74,0.116,0.86,-0.624,0.7,0
0.728,0.116,0.8716666666666667,-0.612,0.7,0
0.716,0.116,0.8833333333333333,-0.6,0.7,0
0.704,0.116,0.895,-0.588,0.7,0
0.692,0.116,0.9066666666666666,-0.576,0.7,0
0.692,0.116,0.9183333333333333,-0.576,0.7,1
0.692,0.116,0.93,-0.576,0.7,1
0.692,0.116,0.9416666666666667,-0.576,0.7,1
0.692,0.116,0.9533333333333334,-0.576,0.7,1
0.692,0.116,0.965,-0.576,0.7,1
0.692,0.116,0.9766666666666667,-0.576,0.7,1
0.692,0.116,0.9883333333333333,-0.576,0.7,1
0.692,0.116,1.0,-0.576,0.7,1
0.692,0.116,1.0116666666666667,-0.576,0.7,1
0.692,0.95,-0.04,0.258,0.6,1
0.692,0.95,-0.03,0.258,0.6,1
0.692,0.95,-0.02,0.258,0.6,1
0.68,0.95,-0.01,0.27,0.6,0
0.668,0.95,0.0,0.282,0.6,0
0.656,0.95,0.01,0.294,0.6,0
0.644,0.95,0.02,0.306,0.6,0
0.632,0.95,0.03,0.318,0.6,0
0.62,0.95,0.04,0.33,0.6,0
0.608,0.95,0.05,0.342,0.6,0
0.596,0.95,0.06,0.354,0.6,0
0.584,0.95,0.07,0.366,0.6,0
0.572,0.95,0.08,0.378,0.6,0
0.56,0.95,0.09,0.39,0.6,0
0.548,0.95,0.1,0.402,0.6,0
0.536,0.95,0.11,0.414,0.6,0
0.524,0.95,0.12,0.426,0.6,0
0.512,0.95,0.13,0.438,0.6,0
0.5,0.95,0.14,0.45,0.6,0
0.488,0.95,0.15,0.462,0.6,0
0.476,0.95,0.16,0.474,0.6,0
0.464,0.95,0.17,0.486,0.6,0
0.452,0.95,0.18,0.498,0.6,0
0.44,0.95,0.19,0.51,0.6,0
0.428,0.95,0.2,0.522,0.6,0
0.416,0.95,0.21,0.534,0.6,0
0.404,0.95,0.22,0.546,0.6,0
0.392,0.95,0.23,0.558,0.6,0
0.38,0.95,0.24,0.57,0.6,0
0.368,0.95,0.25,0.582,0.6,0
0.356,0.95,0.26,0.594,0.6,0
0.344,0.95,0.27,0.606,0.6,0
0.332,0.95,0.28,0.618,0.6,0
0.332,0.95,0.29,0.618,0.6,1
0.332,0.95,0.3,0.618,0.6,1
0.344,0.95,0.31,0.606,0.6,2
0.356,0.95,0.32,0.594,0.6,2
0.368,0.95,0.33,0.582,0.6,2
0.38,0.95,0.34,0.57,0.6,2
0.392,0.95,0.35,0.558,0.6,2
0.404,0.95,0.36,0.546,0.6,2
0.416,0.95,0.37,0.534,0.6,2
0.428,0.95,0.38,0.522,0.6,2
0.44,0.95,0.39,0.51,0.6,2
0.452,0.95,0.4,0.498,0.6,2
0.464,0.95,0.41,0.486,0.6,2
0.476,0.95,0.42,0.474,0.6,2
0.488,0.95,0.43,0.462,0.6,2
0.5,0.95,0.44,0.45,0.6,2
0.512,0.95,0.45,0.438,0.6,2
0.5,0.95,0.46,0.45,0.6,0
0.488,0.95,0.47,0.462,0.6,0
0.476,0.95,0.48,0.474,0.6,0
0.464,0.95,0.49,0.486,0.6,0
0.452,0.95,0.5,0.498,0.6,0
0.44,0.95,0.51,0.51,0.6,0
0.428,0.95,0.52,0.522,0.6,0
0.416,0.95,0.53,0.534,0.6,0
0.404,0.95,0.54,0.546,0.6,0
0.392,0.95,0.55,0.558,0.6,0
0.38,0.95,0.56,0.57,0.6,0
0.368,0.95,0.57,0.582,0.6,0
0.356,0.95,0.58,0.594,0.6,0
0.344,0.95,0.59,0.606,0.6,0
0.332,0.95,0.6,0.618,0.6,0
0.32,0.95,0.61,0.63,0.6,0
0.308,0.95,0.62,0.642,0.6,0
0.296,0.95,0.63,0.654,0.6,0
0.284,0.95,0.64,0.666,0.6,0
0.272,0.95,0.65,0.678,0.6,0
0.26,0.95,0.66,0.69,0.6,0
0.26,0.95,0.67,0.69,0.6,1
0.26,0.95,0.68,0.69,0.6,1
0.26,0.95,0.69,0.69,0.6,1
0.272,0.95,0.7,0.678,0.6,2
0.284,0.95,0.71,0.666,0.6,2
0.296,0.95,0.72,0.654,0.6,2
0.308,0.95,0.73,0.642,0.6,2
0.32,0.95,0.74,0.63,0.6,2
0.332,0.95,0.75,0.618,0.6,2
0.344,0.95,0.76,0.606,0.6,2
0.356,0.95,0.77,0.594,0.6,2
0.368,0.95,0.78,0.582,0.6,2
0.38,0.95,0.79,0.57,0.6,2
0.392,0.95,0.8,0.558,0.6,2
0.404,0.95,0.81,0.546,0.6,2
0.416,0.95,0.82,0.534,0.6,2
0.428,0.95,0.83,0.522,0.6,2
0.44,0.95,0.84,0.51,0.6,2
0.452,0.95,0.85,0.498,0.6,2
0.464,0.95,0.86,0.486,0.6,2
0.476,0.95,0.87,0.474,0.6,2
0.488,0.95,0.88,0.462,0.6,2
0.5,0.95,0.89,0.45,0.6,2
0.512,0.95,0.9,0.438,0.6,2
0.524,0.95,0.91,0.426,0.6,2
0.536,0.95,0.92,0.414,0.6,2
0.548,0.95,0.93,0.402,0.6,2
0.56,0.95,0.94,0.39,0.6,2
0.572,0.95,0.95,0.378,0.6,2
0.584,0.95,0.96,0.366,0.6,2
0.596,0.95,0.97,0.354,0.6,2
0.608,0.95,0.98,0.342,0.6,2
0.62,0.95,0.99,0.33,0.6,2
0.632,0.95,1.0,0.318,0.6,2
0.644,0.95,1.01,0.306,0.6,2
0.656,0.304,-0.043333333333333335,-0.352,0.4,2
0.668,0.304,-0.03666666666666667,-0.364,0.4,2
0.68,0.304,-0.03,-0.376,0.4,2
0.692,0.304,-0.023333333333333334,-0.388,0.4,2
0.704,0.304,-0.016666666666666666,-0.4,0.4,2
0.716,0.304,-0.01,-0.412,0.4,2
0.728,0.304,-0.0033333333333333335,-0.424,0.4,2
0.74,0.304,0.0033333333333333335,-0.436,0.4,2
0.752,0.304,0.01,-0.448,0.4,2
0.764,0.304,0.016666666666666666,-0.46,0.4,2
0.776,0.304,0.023333333333333334,-0.472,0.4,2
0.788,0.304,0.03,-0.484,0.4,2
0.8,0.304,0.03666666666666667,-0.496,0.4,2
0.812,0.304,0.043333333333333335,-0.508,0.4,2
0.824,0.304,0.05,-0.52,0.4,2
0.824,0.304,0.056666666666666664,-0.52,0.4,1
0.824,0.304,0.06333333333333334,-0.52,0.4,1
0.824,0.304,0.07,-0.52,0.4,1
0.824,0.304,0.07666666666666666,-0.52,0.4,1
0.824,0.304,0.08333333333333333,-0.52,0.4,1
0.824,0.304,0.09,-0.52,0.4,1
0.824,0.304,0.09666666666666666,-0.52,0.4,1
0.824,0.304,0.10333333333333333,-0.52,0.4,1
0.824,0.304,0.11,-0.52,0.4,1
0.824,0.304,0.11666666666666667,-0.52,0.4,1
0.824,0.304,0.12333333333333334,-0.52,0.4,1
0.824,0.304,0.13,-0.52,0.4,1
0.824,0.304,0.13666666666666666,-0.52,0.4,1
0.824,0.304,0.14333333333333334,-0.52,0.4,1
0.824,0.304,0.15,-0.52,0.4,1
0.824,0.304,0.15666666666666668,-0.52,0.4,1
0.824,0.304,0.16333333333333333,-0.52,0.4,1
0.824,0.304,0.17,-0.52,0.4,1
0.836,0.304,0.17666666666666667,-0.532,0.4,2
0.848,0.304,0.18333333333333332,-0.544,0.4,2
0.86,0.304,0.19,-0.556,0.4,2
0.872,0.304,0.19666666666666666,-0.568,0.4,2
0.884,0.304,0.20333333333333334,-0.58,0.4,2
0.872,0.304,0.21,-0.568,0.4,0
0.86,0.304,0.21666666666666667,-0.556,0.4,0
0.848,0.304,0.22333333333333333,-0.544,0.4,0
0.836,0.304,0.23,-0.532,0.4,0
0.824,0.304,0.23666666666666666,-0.52,0.4,0
0.812,0.304,0.24333333333333335,-0.508,0.4,0
0.8,0.304,0.25,-0.496,0.4,0
0.788,0.304,0.25666666666666665,-0.484,0.4,0
0.776,0.304,0.2633333333333333,-0.472,0.4,0
0.764,0.304,0.27,-0.46,0.4,0
0.752,0.304,0.27666666666666667,-0.448,0.4,0
0.74,0.304,0.2833333333333333,-0.436,0.4,0
0.728,0.304,0.29,-0.424,0.4,0
0.716,0.304,0.2966666666666667,-0.412,0.4,0
0.704,0.304,0.30333333333333334,-0.4,0.4,0
0.692,0.304,0.31,-0.388,0.4,0
0.68,0.304,0.31666666666666665,-0.376,0.4,0
0.668,0.304,0.3233333333333333,-0.364,0.4,0
0.656,0.304,0.33,-0.352,0.4,0
0.644,0.304,0.33666666666666667,-0.34,0.4,0
0.632,0.304,0.3433333333333333,-0.328,0.4,0
0.62,0.304,0.35,-0.316,0.4,0
0.608,0.304,0.3566666666666667,-0.304,0.4,0
0.608,0.304,0.36333333333333334,-0.304,0.4,1
0.608,0.304,0.37,-0.304,0.4,1
0.608,0.304,0.37666666666666665,-0.304,0.4,1
0.608,0.304,0.38333333333333336,-0.304,0.4,1
0.62,0.304,0.39,-0.316,0.4,2
0.632,0.304,0.39666666666666667,-0.328,0.4,2
0.644,0.304,0.4033333333333333,-0.34,0.4,2
0.656,0.304,0.41,-0.352,0.4,2
0.668,0.304,0.4166666666666667,-0.364,0.4,2
0.68,0.304,0.42333333333333334,-0.376,0.4,2
0.668,0.304,0.43,-0.364,0.4,0
0.656,0.304,0.43666666666666665,-0.352,0.4,0
0.644,0.304,0.44333333333333336,-0.34,0.4,0
0.632,0.304,0.45,-0.328,0.4,0
0.62,0.304,0.45666666666666667,-0.316,0.4,0
0.608,0.304,0.4633333333333333,-0.304,0.4,0
0.596,0.304,0.47,-0.292,0.4,0
0.584,0.304,0.4766666666666667,-0.28,0.4,0
0.572,0.304,0.48333333333333334,-0.268,0.4,0
0.572,0.304,0.49,-0.268,0.4,1
0.584,0.304,0.49666666666666665,-0.28,0.4,2
0.596,0.304,0.5033333333333333,-0.292,0.4,2
0.608,0.304,0.51,-0.304,0.4,2
0.62,0.304,0.5166666666666667,-0.316,0.4,2
0.632,0.304,0.5233333333333333,-0.328,0.4,2
0.644,0.304,0.53,-0.34,0.4,2
0.644,0.304,0.5366666666666666,-0.34,0.4,1
0.644,0.304,0.5433333333333333,-0.34,0.4,1
0.644,0.304,0.55,-0.34,0.4,1
0.644,0.304,0.5566666666666666,-0.34,0.4,1
0.644,0.304,0.5633333333333334,-0.34,0.4,1
0.644,0.304,0.57,-0.34,0.4,1
0.644,0.304,0.5766666666666667,-0.34,0.4,1
0.644,0.304,0.5833333333333334,-0.34,0.4,1
0.644,0.304,0.59,-0.34,0.4,1
0.644,0.304,0.5966666666666667,-0.34,0.4,1
0.644,0.304,0.6033333333333334,-0.34,0.4,1
0.644,0.304,0.61,-0.34,0.4,1
0.656,0.304,0.6166666666666667,-0.352,0.4,2
0.668,0.304,0.6233333333333333,-0.364,0.4,2
0.68,0.304,0.63,-0.376,0.4,2
0.692,0.304,0.6366666666666667,-0.388,0.4,2
0.704,0.304,0.6433333333333333,-0.4,0.4,2
0.716,0.304,0.65,-0.412,0.4,2
0.728,0.304,0.6566666666666666,-0.424,0.4,2
0.74,0.304,0.6633333333333333,-0.436,0.4,2
0.752,0.304,0.67,-0.448,0.4,2
0.764,0.304,0.6766666666666666,-0.46,0.4,2
0.776,0.304,0.6833333333333333,-0.472,0.4,2
0.788,0.304,0.69,-0.484,0.4,2
0.8,0.304,0.6966666666666667,-0.496,0.4,2
0.812,0.304,0.7033333333333334,-0.508,0.4,2
0.824,0.304,0.71,-0.52,0.4,2
0.824,0.304,0.7166666666666667,-0.52,0.4,1
0.812,0.304,0.7233333333333334,-0.508,0.4,0
0.8,0.304,0.73,-0.496,0.4,0
0.788,0.304,0.7366666666666667,-0.484,0.4,0
0.776,0.304,0.7433333333333333,-0.472,0.4,0
0.764,0.304,0.75,-0.46,0.4,0
0.752,0.304,0.7566666666666667,-0.448,0.4,0
0.74,0.304,0.7633333333333333,-0.436,0.4,0
0.728,0.304,0.77,-0.424,0.4,0
0.716,0.304,0.7766666666666666,-0.412,0.4,0
0.704,0.304,0.7833333333333333,-0.4,0.4,0
0.692,0.304,0.79,-0.388,0.4,0
0.68,0.304,0.7966666666666666,-0.376,0.4,0
0.68,0.304,0.8033333333333333,-0.376,0.4,1
0.68,0.304,0.81,-0.376,0.4,1
0.68,0.304,0.8166666666666667,-0.376,0.4,1
0.68,0.304,0.8233333333333334,-0.376,0.4,1
0.68,0.304,0.83,-0.376,0.4,1
0.68,0.304,0.8366666666666667,-0.376,0.4,1
0.68,0.304,0.8433333333333334,-0.376,0.4,1
0.68,0.304,0.85,-0.376,0.4,1
0.68,0.304,0.8566666666666667,-0.376,0.4,1
0.68,0.304,0.8633333333333333,-0.376,0.4,1
0.68,0.304,0.87,-0.376,0.4,1
0.692,0.304,0.8766666666666667,-0.388,0.4,2
0.704,0.304,0.8833333333333333,-0.4,0.4,2
0.692,0.304,0.89,-0.388,0.4,0
0.68,0.304,0.8966666666666666,-0.376,0.4,0
0.668,0.304,0.9033333333333333,-0.364,0.4,0
0.656,0.304,0.91,-0.352,0.4,0
0.644,0.304,0.9166666666666666,-0.34,0.4,0
0.632,0.304,0.9233333333333333,-0.328,0.4,0
0.62,0.304,0.93,-0.316,0.4,0
0.608,0.304,0.9366666666666666,-0.304,0.4,0
0.596,0.304,0.9433333333333334,-0.292,0.4,0
0.584,0.304,0.95,-0.28,0.4,0
0.572,0.304,0.9566666666666667,-0.268,0.4,0
0.56,0.304,0.9633333333333334,-0.256,0.4,0
0.548,0.304,0.97,-0.244,0.4,0
0.536,0.304,0.9766666666666667,-0.232,0.4,0
0.524,0.304,0.9833333333333333,-0.22,0.4,0
0.512,0.304,0.99,-0.208,0.4,0
0.5,0.304,0.9966666666666667,-0.196,0.4,0
0.488,0.304,1.0033333333333334,-0.184,0.4,0
0.476,0.254,-0.04,-0.222,0.6,0
0.464,0.254,-0.03,-0.21,0.6,0
0.452,0.254,-0.02,-0.198,0.6,0
0.44,0.254,-0.01,-0.186,0.6,0
0.428,0.254,0.0,-0.174,0.6,0
0.416,0.254,0.01,-0.162,0.6,0
0.404,0.254,0.02,-0.15,0.6,0
0.392,0.254,0.03,-0.138,0.6,0
0.38,0.254,0.04,-0.126,0.6,0
0.368,0.254,0.05,-0.114,0.6,0
0.356,0.254,0.06,-0.102,0.6,0
0.344,0.254,0.07,-0.09,0.6,0
0.332,0.254,0.08,-0.078,0.6,0
0.32,0.254,0.09,-0.066,0.6,0
0.308,0.254,0.1,-0.054,0.6,0
0.296,0.254,0.11,-0.042,0.6,0
0.284,0.254,0.12,-0.03,0.6,0
0.272,0.254,0.13,-0.018,0.6,0
0.26,0.254,0.14,-0.006,0.6,0
0.248,0.254,0.15,0.006,0.6,0
0.236,0.254,0.16,0.018,0.6,0
0.224,0.254,0.17,0.03,0.6,0
0.212,0.254,0.18,0.042,0.6,0
0.2,0.254,0.19,0.054,0.6,0
0.188,0.254,0.2,0.066,0.6,0
0.176,0.254,0.21,0.078,0.6,0
0.164,0.254,0.22,0.09,0.6,0
0.152,0.254,0.23,0.102,0.6,0
0.14,0.254,0.24,0.114,0.6,0
0.128,0.254,0.25,0.126,0.6,0
0.116,0.254,0.26,0.138,0.6,0
0.104,0.254,0.27,0.15,0.6,0
0.092,0.254,0.28,0.162,0.6,0
0.08,0.254,0.29,0.174,0.6,0
0.068,0.254,0.3,0.186,0.6,0
0.056,0.254,0.31,0.198,0.6,0
0.05,0.254,0.32,0.204,0.6,0
0.05,0.254,0.33,0.204,0.6,0
0.05,0.254,0.34,0.204,0.6,0
0.05,0.254,0.35,0.204,0.6,0
0.05,0.254,0.36,0.204,0.6,0
0.05,0.254,0.37,0.204,0.6,0
0.05,0.254,0.38,0.204,0.6,0
0.05,0.254,0.39,0.204,0.6,0
0.05,0.254,0.4,0.204,0.6,0
0.05,0.254,0.41,0.204,0.6,0
0.05,0.254,0.42,0.204,0.6,0
0.05,0.254,0.43,0.204,0.6,0
0.05,0.254,0.44,0.204,0.6,1
0.05,0.254,0.45,0.204,0.6,1
0.05,0.254,0.46,0.204,0.6,1
0.05,0.254,0.47,0.204,0.6,1
0.05,0.254,0.48,0.204,0.6,1
0.05,0.254,0.49,0.204,0.6,1
0.05,0.254,0.5,0.204,0.6,1
0.05,0.254,0.51,0.204,0.6,1
0.05,0.254,0.52,0.204,0.6,1
0.05,0.254,0.53,0.204,0.6,1
0.05,0.254,0.54,0.204,0.6,1
0.05,0.254,0.55,0.204,0.6,1
0.05,0.254,0.56,0.204,0.6,1
0.05,0.254,0.57,0.204,0.6,1
0.05,0.254,0.58,0.204,0.6,1
0.05,0.254,0.59,0.204,0.6,1
0.05,0.254,0.6,0.204,0.6,1
0.05,0.254,0.61,0.204,0.6,1
0.05,0.254,0.62,0.204,0.6,1
0.05,0.254,0.63,0.204,0.6,1
0.05,0.254,0.64,0.204,0.6,1
0.05,0.254,0.65,0.204,0.6,1
0.05,0.254,0.66,0.204,0.6,1
0.05,0.254,0.67,0.204,0.6,1
0.05,0.254,0.68,0.204,0.6,1
0.05,0.254,0.69,0.204,0.6,1
0.05,0.254,0.7,0.204,0.6,1
0.05,0.254,0.71,0.204,0.6,1
0.05,0.254,0.72,0.204,0.6,1
0.05,0.254,0.73,0.204,0.6,1
0.05,0.254,0.74,0.204,0.6,1
0.05,0.254,0.75,0.204,0.6,1
0.05,0.254,0.76,0.204,0.6,1
0.05,0.254,0.77,0.204,0.6,1
0.05,0.254,0.78,0.204,0.6,1
0.05,0.254,0.79,0.204,0.6,1
0.05,0.254,0.8,0.204,0.6,1
0.05,0.254,0.81,0.204,0.6,1
0.05,0.254,0.82,0.204,0.6,1
0.05,0.254,0.83,0.204,0.6,1
0.05,0.254,0.84,0.204,0.6,1
0.05,0.254,0.85,0.204,0.6,1
0.05,0.254,0.86,0.204,0.6,1
0.05,0.254,0.87,0.204,0.6,1
0.05,0.254,0.88,0.204,0.6,1
0.05,0.254,0.89,0.204,0.6,1
0.05,0.254,0.9,0.204,0.6,1
0.05,0.254,0.91,0.204,0.6,1
0.05,0.254,0.92,0.204,0.6,1
0.05,0.254,0.93,0.204,0.6,1
0.05,0.254,0.94,0.204,0.6,1
0.05,0.254,0.95,0.204,0.6,1
0.05,0.254,0.96,0.204,0.6,1
0.05,0.254,0.97,0.204,0.6,1
0.05,0.254,0.98,0.204,0.6,1
0.062,0.254,0.99,0.192,0.6,2
0.074,0.254,1.0,0.18,0.6,2
0.086,0.254,1.01,0.168,0.6,2
0.098,0.5,-0.03666666666666667,0.402,0.8,2
0.11,0.5,-0.023333333333333334,0.39,0.8,2
0.122,0.5,-0.01,0.378,0.8,2
0.134,0.5,0.0033333333333333335,0.366,0.8,2
0.146,0.5,0.016666666666666666,0.354,0.8,2
0.158,0.5,0.03,0.342,0.8,2
0.17,0.5,0.043333333333333335,0.33,0.8,2
0.182,0.5,0.056666666666666664,0.318,0.8,2
0.194,0.5,0.07,0.306,0.8,2
0.206,0.5,0.08333333333333333,0.294,0.8,2
0.218,0.5,0.09666666666666666,0.282,0.8,2
0.23,0.5,0.11,0.27,0.8,2
0.242,0.5,0.12333333333333334,0.258,0.8,2
0.254,0.5,0.13666666666666666,0.246,0.8,2
0.266,0.5,0.15,0.234,0.8,2
0.278,0.5,0.16333333333333333,0.222,0.8,2
0.29,0.5,0.17666666666666667,0.21,0.8,2
0.302,0.5,0.19,0.198,0.8,2
0.314,0.5,0.20333333333333334,0.186,0.8,2
0.326,0.5,0.21666666666666667,0.174,0.8,2
0.338,0.5,0.23,0.162,0.8,2
0.35,0.5,0.24333333333333335,0.15,0.8,2
0.362,0.5,0.25666666666666665,0.138,0.8,2
0.374,0.5,0.27,0.126,0.8,2
0.386,0.5,0.2833333333333333,0.114,0.8,2
0.398,0.5,0.2966666666666667,0.102,0.8,2
0.41,0.5,0.31,0.09,0.8,2
0.422,0.5,0.3233333333333333,0.078,0.8,2
0.434,0.5,0.33666666666666667,0.066,0.8,2
0.446,0.5,0.35,0.054,0.8,2
0.458,0.5,0.36333333333333334,0.042,0.8,2
0.47,0.5,0.37666666666666665,0.03,0.8,2
0.482,0.5,0.39,0.018,0.8,2
0.494,0.5,0.4033333333333333,0.006,0.8,2
0.506,0.5,0.4166666666666667,-0.006,0.8,2
0.518,0.5,0.43,-0.018,0.8,2
0.53,0.5,0.44333333333333336,-0.03,0.8,2
0.542,0.5,0.45666666666666667,-0.042,0.8,2
0.554,0.5,0.47,-0.054,0.8,2
0.566,0.5,0.48333333333333334,-0.066,0.8,2
0.578,0.5,0.49666666666666665,-0.078,0.8,2
0.59,0.5,0.51,-0.09,0.8,2
0.602,0.5,0.5233333333333333,-0.102,0.8,2
0.614,0.5,0.5366666666666666,-0.114,0.8,2
0.626,0.5,0.55,-0.126,0.8,2
0.638,0.5,0.5633333333333334,-0.138,0.8,2
0.65,0.5,0.5766666666666667,-0.15,0.8,2
0.662,0.5,0.59,-0.162,0.8,2
0.674,0.5,0.6033333333333334,-0.174,0.8,2
0.686,0.5,0.6166666666666667,-0.186,0.8,2
0.698,0.5,0.63,-0.198,0.8,2
0.71,0.5,0.6433333333333333,-0.21,0.8,2
0.722,0.5,0.6566666666666666,-0.222,0.8,2
0.734,0.5,0.67,-0.234,0.8,2
0.746,0.5,0.6833333333333333,-0.246,0.8,2
0.758,0.5,0.6966666666666667,-0.258,0.8,2
0.77,0.5,0.71,-0.27,0.8,2
0.77,0.5,0.7233333333333334,-0.27,0.8,1
0.77,0.5,0.7366666666666667,-0.27,0.8,1
0.77,0.5,0.75,-0.27,0.8,1
0.77,0.5,0.7633333333333333,-0.27,0.8,1
0.77,0.5,0.7766666666666666,-0.27,0.8,1
0.77,0.5,0.79,-0.27,0.8,1
0.77,0.5,0.8033333333333333,-0.27,0.8,1
0.77,0.5,0.8166666666666667,-0.27,0.8,1
0.77,0.5,0.83,-0.27,0.8,1
0.77,0.5,0.8433333333333334,-0.27,0.8,1
0.77,0.5,0.8566666666666667,-0.27,0.8,1
0.77,0.5,0.87,-0.27,0.8,1
0.77,0.5,0.8833333333333333,-0.27,0.8,1
0.77,0.5,0.8966666666666666,-0.27,0.8,1
0.77,0.5,0.91,-0.27,0.8,1
0.77,0.5,0.9233333333333333,-0.27,0.8,1
0.77,0.5,0.9366666666666666,-0.27,0.8,1
0.77,0.5,0.95,-0.27,0.8,1
0.77,0.5,0.9633333333333334,-0.27,0.8,1
0.77,0.5,0.9766666666666667,-0.27,0.8,1
0.77,0.5,0.99,-0.27,0.8,1
0.77,0.5,1.0033333333333334,-0.27,0.8,1
0.77,0.912,-0.03666666666666667,0.142,0.8,1
0.77,0.912,-0.023333333333333334,0.142,0.8,1
0.77,0.912,-0.01,0.142,0.8,1
0.758,0.912,0.0033333333333333335,0.154,0.8,0
0.746,0.912,0.016666666666666666,0.166,0.8,0
0.734,0.912,0.03,0.178,0.8,0
0.722,0.912,0.043333333333333335,0.19,0.8,0
0.71,0.912,0.056666666666666664,0.202,0.8,0
0.698,0.912,0.07,0.214,0.8,0
0.686,0.912,0.08333333333333333,0.226,0.8,0
0.674,0.912,0.09666666666666666,0.238,0.8,0
0.662,0.912,0.11,0.25,0.8,0
0.65,0.912,0.12333333333333334,0.262,0.8,0
0.638,0.912,0.13666666666666666,0.274,0.8,0
0.626,0.912,0.15,0.286,0.8,0
0.614,0.912,0.16333333333333333,0.298,0.8,0
0.602,0.912,0.17666666666666667,0.31,0.8,0
0.59,0.912,0.19,0.322,0.8,0
0.578,0.912,0.20333333333333334,0.334,0.8,0
0.566,0.912,0.21666666666666667,0.346,0.8,0
0.554,0.912,0.23,0.358,0.8,0
0.542,0.912,0.24333333333333335,0.37,0.8,0
0.53,0.912,0.25666666666666665,0.382,0.8,0
0.518,0.912,0.27,0.394,0.8,0
0.506,0.912,0.2833333333333333,0.406,0.8,0
0.494,0.912,0.2966666666666667,0.418,0.8,0
0.482,0.912,0.31,0.43,0.8,0
0.47,0.912,0.3233333333333333,0.442,0.8,0
0.458,0.912,0.33666666666666667,0.454,0.8,0
0.446,0.912,0.35,0.466,0.8,0
0.434,0.912,0.36333333333333334,0.478,0.8,0
0.422,0.912,0.37666666666666665,0.49,0.8,0
0.41,0.912,0.39,0.502,0.8,0
0.398,0.912,0.4033333333333333,0.514,0.8,0
0.386,0.912,0.4166666666666667,0.526,0.8,0
0.374,0.912,0.43,0.538,0.8,0
0.362,0.912,0.44333333333333336,0.55,0.8,0
0.35,0.912,0.45666666666666667,0.562,0.8,0
0.338,0.912,0.47,0.574,0.8,0
0.326,0.912,0.48333333333333334,0.586,0.8,0
0.314,0.912,0.49666666666666665,0.598,0.8,0
0.302,0.912,0.51,0.61,0.8,0
0.29,0.912,0.5233333333333333,0.622,0.8,0
0.278,0.912,0.5366666666666666,0.634,0.8,0
0.266,0.912,0.55,0.646,0.8,0
0.254,0.912,0.5633333333333334,0.658,0.8,0
0.242,0.912,0.5766666666666667,0.67,0.8,0
0.23,0.912,0.59,0.682,0.8,0
0.218,0.912,0.6033333333333334,0.694,0.8,0
0.206,0.912,0.6166666666666667,0.706,0.8,0
0.194,0.912,0.63,0.718,0.8,0
0.182,0.912,0.6433333333333333,0.73,0.8,0
0.17,0.912,0.6566666666666666,0.742,0.8,0
0.158,0.912,0.67,0.754,0.8,0
0.146,0.912,0.6833333333333333,0.766,0.8,0
0.134,0.912,0.6966666666666667,0.778,0.8,0
0.122,0.912,0.71,0.79,0.8,0
0.11,0.912,0.7233333333333334,0.802,0.8,0
0.098,0.912,0.7366666666666667,0.814,0.8,0
0.098,0.912,0.75,0.814,0.8,1
0.098,0.912,0.7633333333333333,0.814,0.8,1
0.098,0.912,0.7766666666666666,0.814,0.8,1
0.098,0.912,0.79,0.814,0.8,1
0.098,0.912,0.8033333333333333,0.814,0.8,1
0.098,0.912,0.8166666666666667,0.814,0.8,1
0.098,0.912,0.83,0.814,0.8,1
0.098,0.912,0.8433333333333334,0.814,0.8,1
0.098,0.912,0.8566666666666667,0.814,0.8,1
0.098,0.912,0.87,0.814,0.8,1
0.098,0.912,0.8833333333333333,0.814,0.8,1
0.098,0.912,0.8966666666666666,0.814,0.8,1
0.098,0.912,0.91,0.814,0.8,1
0.098,0.912,0.9233333333333333,0.814,0.8,1
0.098,0.912,0.9366666666666666,0.814,0.8,1
0.098,0.912,0.95,0.814,0.8,1
0.098,0.912,0.9633333333333334,0.814,0.8,1
0.098,0.912,0.9766666666666667,0.814,0.8,1
0.098,0.912,0.99,0.814,0.8,1
0.098,0.912,1.0033333333333334,0.814,0.8,1
0.098,0.798,-0.03833333333333333,0.7,0.7,1
0.098,0.798,-0.02666666666666667,0.7,0.7,1
0.098,0.798,-0.015,0.7,0.7,1
0.098,0.798,-0.0033333333333333335,0.7,0.7,1
0.098,0.798,0.008333333333333333,0.7,0.7,1
0.098,0.798,0.02,0.7,0.7,1
0.098,0.798,0.03166666666666667,0.7,0.7,1
0.098,0.798,0.043333333333333335,0.7,0.7,1
0.098,0.798,0.055,0.7,0.7,1
0.098,0.798,0.06666666666666667,0.7,0.7,1
0.11,0.798,0.07833333333333334,0.688,0.7,2
0.122,0.798,0.09,0.676,0.7,2
0.134,0.798,0.10166666666666667,0.664,0.7,2
0.146,0.798,0.11333333333333333,0.652,0.7,2
0.158,0.798,0.125,0.64,0.7,2
0.17,0.798,0.13666666666666666,0.628,0.7,2
0.182,0.798,0.14833333333333334,0.616,0.7,2
0.194,0.798,0.16,0.604,0.7,2
0.206,0.798,0.17166666666666666,0.592,0.7,2
0.218,0.798,0.18333333333333332,0.58,0.7,2
0.23,0.798,0.195,0.568,0.7,2
0.242,0.798,0.20666666666666667,0.556,0.7,2
0.254,0.798,0.21833333333333332,0.544,0.7,2
0.266,0.798,0.23,0.532,0.7,2
0.278,0.798,0.24166666666666667,0.52,0.7,2
0.29,0.798,0.25333333333333335,0.508,0.7,2
0.302,0.798,0.265,0.496,0.7,2
0.314,0.798,0.27666666666666667,0.484,0.7,2
0.326,0.798,0.28833333333333333,0.472,0.7,2
0.338,0.798,0.3,0.46,0.7,2
0.35,0.798,0.31166666666666665,0.448,0.7,2
0.362,0.798,0.3233333333333333,0.436,0.7,2
0.374,0.798,0.335,0.424,0.7,2
0.386,0.798,0.3466666666666667,0.412,0.7,2
0.398,0.798,0.35833333333333334,0.4,0.7,2
0.41,0.798,0.37,0.388,0.7,2
0.422,0.798,0.38166666666666665,0.376,0.7,2
0.434,0.798,0.3933333333333333,0.364,0.7,2
0.446,0.798,0.405,0.352,0.7,2
0.458,0.798,0.4166666666666667,0.34,0.7,2
0.458,0.798,0.42833333333333334,0.34,0.7,1
0.458,0.798,0.44,0.34,0.7,1
0.458,0.798,0.45166666666666666,0.34,0.7,1
0.458,0.798,0.4633333333333333,0.34,0.7,1
0.458,0.798,0.475,0.34,0.7,1
0.458,0.798,0.4866666666666667,0.34,0.7,1
0.446,0.798,0.49833333333333335,0.352,0.7,0
0.434,0.798,0.51,0.364,0.7,0
0.422,0.798,0.5216666666666666,0.376,0.7,0
0.41,0.798,0.5333333333333333,0.388,0.7,0
0.398,0.798,0.545,0.4,0.7,0
0.386,0.798,0.5566666666666666,0.412,0.7,0
0.374,0.798,0.5683333333333334,0.424,0.7,0
0.362,0.798,0.58,0.436,0.7,0
0.35,0.798,0.5916666666666667,0.448,0.7,0
0.35,0.798,0.6033333333333334,0.448,0.7,1
0.35,0.798,0.615,0.448,0.7,1
0.35,0.798,0.6266666666666667,0.448,0.7,1
0.35,0.798,0.6383333333333333,0.448,0.7,1
0.35,0.798,0.65,0.448,0.7,1
0.35,0.798,0.6616666666666666,0.448,0.7,1
0.35,0.798,0.6733333333333333,0.448,0.7,1
0.35,0.798,0.685,0.448,0.7,1
0.362,0.798,0.6966666666666667,0.436,0.7,2
0.374,0.798,0.7083333333333334,0.424,0.7,2
0.386,0.798,0.72,0.412,0.7,2
0.398,0.798,0.7316666666666667,0.4,0.7,2
0.41,0.798,0.7433333333333333,0.388,0.7,2
0.422,0.798,0.755,0.376,0.7,2
0.434,0.798,0.7666666666666667,0.364,0.7,2
0.446,0.798,0.7783333333333333,0.352,0.7,2
0.458,0.798,0.79,0.34,0.7,2
0.47,0.798,0.8016666666666666,0.328,0.7,2
0.482,0.798,0.8133333333333334,0.316,0.7,2
0.494,0.798,0.825,0.304,0.7,2
0.506,0.798,0.8366666666666667,0.292,0.7,2
0.518,0.798,0.8483333333333334,0.28,0.7,2
0.53,0.798,0.86,0.268,0.7,2
0.53,0.798,0.8716666666666667,0.268,0.7,1
0.53,0.798,0.8833333333333333,0.268,0.7,1
0.53,0.798,0.895,0.268,0.7,1
0.53,0.798,0.9066666666666666,0.268,0.7,1
0.53,0.798,0.9183333333333333,0.268,0.7,1
0.53,0.798,0.93,0.268,0.7,1
0.518,0.798,0.9416666666666667,0.28,0.7,0
0.506,0.798,0.9533333333333334,0.292,0.7,0
0.494,0.798,0.965,0.304,0.7,0
0.482,0.798,0.9766666666666667,0.316,0.7,0
0.47,0.798,0.9883333333333333,0.328,0.7,0
0.458,0.798,1.0,0.34,0.7,0
0.446,0.798,1.0116666666666667,0.352,0.7,0
0.446,0.342,-0.03833333333333333,-0.104,0.7,1
0.446,0.342,-0.02666666666666667,-0.104,0.7,1
0.458,0.342,-0.015,-0.116,0.7,2
0.47,0.342,-0.0033333333333333335,-0.128,0.7,2
0.482,0.342,0.008333333333333333,-0.14,0.7,2
0.494,0.342,0.02,-0.152,0.7,2
0.506,0.342,0.03166666666666667,-0.164,0.7,2
0.518,0.342,0.043333333333333335,-0.176,0.7,2
0.53,0.342,0.055,-0.188,0.7,2
0.542,0.342,0.06666666666666667,-0.2,0.7,2
0.554,0.342,0.07833333333333334,-0.212,0.7,2
0.566,0.342,0.09,-0.224,0.7,2
0.578,0.342,0.10166666666666667,-0.236,0.7,2
0.59,0.342,0.11333333333333333,-0.248,0.7,2
0.602,0.342,0.125,-0.26,0.7,2
0.614,0.342,0.13666666666666666,-0.272,0.7,2
0.626,0.342,0.14833333333333334,-0.284,0.7,2
0.638,0.342,0.16,-0.296,0.7,2
0.65,0.342,0.17166666666666666,-0.308,0.7,2
0.662,0.342,0.18333333333333332,-0.32,0.7,2
0.674,0.342,0.195,-0.332,0.7,2
0.686,0.342,0.20666666666666667,-0.344,0.7,2
0.698,0.342,0.21833333333333332,-0.356,0.7,2
0.71,0.342,0.23,-0.368,0.7,2
0.722,0.342,0.24166666666666667,-0.38,0.7,2
0.734,0.342,0.25333333333333335,-0.392,0.7,2
0.746,0.342,0.265,-0.404,0.7,2
0.758,0.342,0.27666666666666667,-0.416,0.7,2
0.77,0.342,0.28833333333333333,-0.428,0.7,2
0.782,0.342,0.3,-0.44,0.7,2
0.782,0.342,0.31166666666666665,-0.44,0.7,1
0.782,0.342,0.3233333333333333,-0.44,0.7,1
0.782,0.342,0.335,-0.44,0.7,1
0.782,0.342,0.3466666666666667,-0.44,0.7,1
0.782,0.342,0.35833333333333334,-0.44,0.7,1
0.782,0.342,0.37,-0.44,0.7,1
0.782,0.342,0.38166666666666665,-0.44,0.7,1
0.782,0.342,0.3933333333333333,-0.44,0.7,1
0.782,0.342,0.405,-0.44,0.7,1
0.77,0.342,0.4166666666666667,-0.428,0.7,0
0.758,0.342,0.42833333333333334,-0.416,0.7,0
0.746,0.342,0.44,-0.404,0.7,0
0.734,0.342,0.45166666666666666,-0.392,0.7,0
0.722,0.342,0.4633333333333333,-0.38,0.7,0
0.71,0.342,0.475,-0.368,0.7,0
0.698,0.342,0.4866666666666667,-0.356,0.7,0
0.686,0.342,0.49833333333333335,-0.344,0.7,0
0.674,0.342,0.51,-0.332,0.7,0
0.662,0.342,0.5216666666666666,-0.32,0.7,0
0.65,0.342,0.5333333333333333,-0.308,0.7,0
0.65,0.342,0.545,-0.308,0.7,1
0.65,0.342,0.5566666666666666,-0.308,0.7,1
0.65,0.342,0.5683333333333334,-0.308,0.7,1
0.65,0.342,0.58,-0.308,0.7,1
0.65,0.342,0.5916666666666667,-0.308,0.7,1
0.65,0.342,0.6033333333333334,-0.308,0.7,1
0.65,0.342,0.615,-0.308,0.7,1
0.65,0.342,0.6266666666666667,-0.308,0.7,1
0.65,0.342,0.6383333333333333,-0.308,0.7,1
0.65,0.342,0.65,-0.308,0.7,1
0.65,0.342,0.6616666666666666,-0.308,0.7,1
0.65,0.342,0.6733333333333333,-0.308,0.7,1
0.662,0.342,0.685,-0.32,0.7,2
0.674,0.342,0.6966666666666667,-0.332,0.7,2
0.686,0.342,0.7083333333333334,-0.344,0.7,2
0.698,0.342,0.72,-0.356,0.7,2
0.71,0.342,0.7316666666666667,-0.368,0.7,2
0.722,0.342,0.7433333333333333,-0.38,0.7,2
0.734,0.342,0.755,-0.392,0.7,2
0.746,0.342,0.7666666666666667,-0.404,0.7,2
0.758,0.342,0.7783333333333333,-0.416,0.7,2
0.77,0.342,0.79,-0.428,0.7,2
0.782,0.342,0.8016666666666666,-0.44,0.7,2
0.794,0.342,0.8133333333333334,-0.452,0.7,2
0.794,0.342,0.825,-0.452,0.7,1
0.794,0.342,0.8366666666666667,-0.452,0.7,1
0.794,0.342,0.8483333333333334,-0.452,0.7,1
0.794,0.342,0.86,-0.452,0.7,1
0.794,0.342,0.8716666666666667,-0.452,0.7,1
0.794,0.342,0.8833333333333333,-0.452,0.7,1
0.794,0.342,0.895,-0.452,0.7,1
0.794,0.342,0.9066666666666666,-0.452,0.7,1
0.794,0.342,0.9183333333333333,-0.452,0.7,1
0.794,0.342,0.93,-0.452,0.7,1
0.794,0.342,0.9416666666666667,-0.452,0.7,1
0.794,0.342,0.9533333333333334,-0.452,0.7,1
0.794,0.342,0.965,-0.452,0.7,1
0.794,0.342,0.9766666666666667,-0.452,0.7,1
0.794,0.342,0.9883333333333333,-0.452,0.7,1
0.794,0.342,1.0,-0.452,0.7,1
0.794,0.342,1.0116666666666667,-0.452,0.7,1
0.782,0.62,-0.041666666666666664,-0.162,0.5,0
0.77,0.62,-0.03333333333333333,-0.15,0.5,0
0.758,0.62,-0.025,-0.138,0.5,0
0.746,0.62,-0.016666666666666666,-0.126,0.5,0
0.734,0.62,-0.008333333333333333,-0.114,0.5,0
0.722,0.62,0.0,-0.102,0.5,0
0.71,0.62,0.008333333333333333,-0.09,0.5,0
0.698,0.62,0.016666666666666666,-0.078,0.5,0
0.686,0.62,0.025,-0.066,0.5,0
0.674,0.62,0.03333333333333333,-0.054,0.5,0
0.662,0.62,0.041666666666666664,-0.042,0.5,0
0.65,0.62,0.05,-0.03,0.5,0
0.638,0.62,0.058333333333333334,-0.018,0.5,0
0.626,0.62,0.06666666666666667,-0.006,0.5,0
0.614,0.62,0.075,0.006,0.5,0
0.602,0.62,0.08333333333333333,0.018,0.5,0
0.59,0.62,0.09166666666666666,0.03,0.5,0
0.578,0.62,0.1,0.042,0.5,0
0.566,0.62,0.10833333333333334,0.054,0.5,0
0.554,0.62,0.11666666666666667,0.066,0.5,0
0.542,0.62,0.125,0.078,0.5,0
0.53,0.62,0.13333333333333333,0.09,0.5,0
0.518,0.62,0.14166666666666666,0.102,0.5,0
0.506,0.62,0.15,0.114,0.5,0
0.494,0.62,0.15833333333333333,0.126,0.5,0
0.482,0.62,0.16666666666666666,0.138,0.5,0
0.47,0.62,0.175,0.15,0.5,0
0.458,0.62,0.18333333333333332,0.162,0.5,0
0.446,0.62,0.19166666666666668,0.174,0.5,0
0.434,0.62,0.2,0.186,0.5,0
0.422,0.62,0.20833333333333334,0.198,0.5,0
0.41,0.62,0.21666666666666667,0.21,0.5,0
0.398,0.62,0.225,0.222,0.5,0
0.386,0.62,0.23333333333333334,0.234,0.5,0
0.374,0.62,0.24166666666666667,0.246,0.5,0
0.362,0.62,0.25,0.258,0.5,0
0.35,0.62,0.25833333333333336,0.27,0.5,0
0.338,0.62,0.26666666666666666,0.282,0.5,0
0.338,0.62,0.275,0.282,0.5,1
0.338,0.62,0.2833333333333333,0.282,0.5,1
0.338,0.62,0.2916666666666667,0.282,0.5,1
0.338,0.62,0.3,0.282,0.5,1
0.338,0.62,0.30833333333333335,0.282,0.5,1
0.338,0.62,0.31666666666666665,0.282,0.5,1
0.338,0.62,0.325,0.282,0.5,1
0.338,0.62,0.3333333333333333,0.282,0.5,1
0.338,0.62,0.3416666666666667,0.282,0.5,1
0.338,0.62,0.35,0.282,0.5,1
0.338,0.62,0.35833333333333334,0.282,0.5,1
0.338,0.62,0.36666666666666664,0.282,0.5,1
0.326,0.62,0.375,0.294,0.5,0
0.314,0.62,0.38333333333333336,0.306,0.5,0
0.302,0.62,0.39166666666666666,0.318,0.5,0
0.29,0.62,0.4,0.33,0.5,0
0.302,0.62,0.4083333333333333,0.318,0.5,2
0.314,0.62,0.4166666666666667,0.306,0.5,2
0.326,0.62,0.425,0.294,0.5,2
0.338,0.62,0.43333333333333335,0.282,0.5,2
0.35,0.62,0.44166666666666665,0.27,0.5,2
0.362,0.62,0.45,0.258,0.5,2
0.374,0.62,0.4583333333333333,0.246,0.5,2
0.386,0.62,0.4666666666666667,0.234,0.5,2
0.398,0.62,0.475,0.222,0.5,2
0.41,0.62,0.48333333333333334,0.21,0.5,2
0.422,0.62,0.49166666666666664,0.198,0.5,2
0.422,0.62,0.5,0.198,0.5,1
0.422,0.62,0.5083333333333333,0.198,0.5,1
0.422,0.62,0.5166666666666667,0.198,0.5,1
0.422,0.62,0.525,0.198,0.5,1
0.422,0.62,0.5333333333333333,0.198,0.5,1
0.422,0.62,0.5416666666666666,0.198,0.5,1
0.422,0.62,0.55,0.198,0.5,1
0.422,0.62,0.5583333333333333,0.198,0.5,1
0.422,0.62,0.5666666666666667,0.198,0.5,1
0.422,0.62,0.575,0.198,0.5,1
0.41,0.62,0.5833333333333334,0.21,0.5,0
0.398,0.62,0.5916666666666667,0.222,0.5,0
0.386,0.62,0.6,0.234,0.5,0
0.374,0.62,0.6083333333333333,0.246,0.5,0
0.362,0.62,0.6166666666666667,0.258,0.5,0
0.35,0.62,0.625,0.27,0.5,0
0.338,0.62,0.6333333333333333,0.282,0.5,0
0.326,0.62,0.6416666666666667,0.294,0.5,0
0.314,0.62,0.65,0.306,0.5,0
0.302,0.62,0.6583333333333333,0.318,0.5,0
0.29,0.62,0.6666666666666666,0.33,0.5,0
0.278,0.62,0.675,0.342,0.5,0
0.266,0.62,0.6833333333333333,0.354,0.5,0
0.254,0.62,0.6916666666666667,0.366,0.5,0
0.242,0.62,0.7,0.378,0.5,0
0.242,0.62,0.7083333333333334,0.378,0.5,1
0.242,0.62,0.7166666666666667,0.378,0.5,1
0.242,0.62,0.725,0.378,0.5,1
0.242,0.62,0.7333333333333333,0.378,0.5,1
0.242,0.62,0.7416666666666667,0.378,0.5,1
0.242,0.62,0.75,0.378,0.5,1
0.242,0.62,0.7583333333333333,0.378,0.5,1
0.242,0.62,0.7666666666666667,0.378,0.5,1
0.242,0.62,0.775,0.378,0.5,1
0.242,0.62,0.7833333333333333,0.378,0.5,1
0.242,0.62,0.7916666666666666,0.378,0.5,1
0.242,0.62,0.8,0.378,0.5,1
0.242,0.62,0.8083333333333333,0.378,0.5,1
0.242,0.62,0.8166666666666667,0.378,0.5,1
0.242,0.62,0.825,0.378,0.5,1
0.242,0.62,0.8333333333333334,0.378,0.5,1
0.242,0.62,0.8416666666666667,0.378,0.5,1
0.242,0.62,0.85,0.378,0.5,1
0.242,0.62,0.8583333333333333,0.378,0.5,1
0.242,0.62,0.8666666666666667,0.378,0.5,1
0.242,0.62,0.875,0.378,0.5,1
0.242,0.62,0.8833333333333333,0.378,0.5,1
0.242,0.62,0.8916666666666667,0.378,0.5,1
0.242,0.62,0.9,0.378,0.5,1
0.242,0.62,0.9083333333333333,0.378,0.5,1
0.242,0.62,0.9166666666666666,0.378,0.5,1
0.242,0.62,0.925,0.378,0.5,1
0.242,0.62,0.9333333333333333,0.378,0.5,1
0.242,0.62,0.9416666666666667,0.378,0.5,1
0.242,0.62,0.95,0.378,0.5,1
0.242,0.62,0.9583333333333334,0.378,0.5,1
0.242,0.62,0.9666666666666667,0.378,0.5,1
0.242,0.62,0.975,0.378,0.5,1
0.242,0.62,0.9833333333333333,0.378,0.5,1
0.242,0.62,0.9916666666666667,0.378,0.5,1
0.242,0.62,1.0,0.378,0.5,1
0.242,0.62,1.0083333333333333,0.378,0.5,1
0.242,0.662,-0.03666666666666667,0.42,0.8,1
0.242,0.662,-0.023333333333333334,0.42,0.8,1
0.242,0.662,-0.01,0.42,0.8,1
0.242,0.662,0.0033333333333333335,0.42,0.8,1
0.242,0.662,0.016666666666666666,0.42,0.8,1
0.254,0.662,0.03,0.408,0.8,2
0.266,0.662,0.043333333333333335,0.396,0.8,2
0.278,0.662,0.056666666666666664,0.384,0.8,2
0.29,0.662,0.07,0.372,0.8,2
0.302,0.662,0.08333333333333333,0.36,0.8,2
0.314,0.662,0.09666666666666666,0.348,0.8,2
0.326,0.662,0.11,0.336,0.8,2
0.338,0.662,0.12333333333333334,0.324,0.8,2
0.35,0.662,0.13666666666666666,0.312,0.8,2
0.362,0.662,0.15,0.3,0.8,2
0.374,0.662,0.16333333333333333,0.288,0.8,2
0.386,0.662,0.17666666666666667,0.276,0.8,2
0.398,0.662,0.19,0.264,0.8,2
0.41,0.662,0.20333333333333334,0.252,0.8,2
0.422,0.662,0.21666666666666667,0.24,0.8,2
0.434,0.662,0.23,0.228,0.8,2
0.446,0.662,0.24333333333333335,0.216,0.8,2
0.458,0.662,0.25666666666666665,0.204,0.8,2
0.47,0.662,0.27,0.192,0.8,2
0.482,0.662,0.2833333333333333,0.18,0.8,2
0.482,0.662,0.2966666666666667,0.18,0.8,1
0.482,0.662,0.31,0.18,0.8,1
0.482,0.662,0.3233333333333333,0.18,0.8,1
0.47,0.662,0.33666666666666667,0.192,0.8,0
0.458,0.662,0.35,0.204,0.8,0
0.446,0.662,0.36333333333333334,0.216,0.8,0
0.434,0.662,0.37666666666666665,0.228,0.8,0
0.422,0.662,0.39,0.24,0.8,0
0.41,0.662,0.4033333333333333,0.252,0.8,0
0.398,0.662,0.4166666666666667,0.264,0.8,0
0.386,0.662,0.43,0.276,0.8,0
0.374,0.662,0.44333333333333336,0.288,0.8,0
0.362,0.662,0.45666666666666667,0.3,0.8,0
0.35,0.662,0.47,0.312,0.8,0
0.338,0.662,0.48333333333333334,0.324,0.8,0
0.326,0.662,0.49666666666666665,0.336,0.8,0
0.314,0.662,0.51,0.348,0.8,0
0.302,0.662,0.5233333333333333,0.36,0.8,0
0.29,0.662,0.5366666666666666,0.372,0.8,0
0.278,0.662,0.55,0.384,0.8,0
0.266,0.662,0.5633333333333334,0.396,0.8,0
0.254,0.662,0.5766666666666667,0.408,0.8,0
0.242,0.662,0.59,0.42,0.8,0
0.23,0.662,0.6033333333333334,0.432,0.8,0
0.218,0.662,0.6166666666666667,0.444,0.8,0
0.206,0.662,0.63,0.456,0.8,0
0.194,0.662,0.6433333333333333,0.468,0.8,0
0.182,0.662,0.6566666666666666,0.48,0.8,0
0.182,0.662,0.67,0.48,0.8,1
0.182,0.662,0.6833333333333333,0.48,0.8,1
0.182,0.662,0.6966666666666667,0.48,0.8,1
0.182,0.662,0.71,0.48,0.8,1
0.182,0.662,0.7233333333333334,0.48,0.8,1
0.182,0.662,0.7366666666666667,0.48,0.8,1
0.182,0.662,0.75,0.48,0.8,1
0.182,0.662,0.7633333333333333,0.48,0.8,1
0.182,0.662,0.7766666666666666,0.48,0.8,1
0.182,0.662,0.79,0.48,0.8,1
0.182,0.662,0.8033333333333333,0.48,0.8,1
0.182,0.662,0.8166666666666667,0.48,0.8,1
0.182,0.662,0.83,0.48,0.8,1
0.182,0.662,0.8433333333333334,0.48,0.8,1
0.182,0.662,0.8566666666666667,0.48,0.8,1
0.182,0.662,0.87,0.48,0.8,1
0.182,0.662,0.8833333333333333,0.48,0.8,1
0.182,0.662,0.8966666666666666,0.48,0.8,1
0.182,0.662,0.91,0.48,0.8,1
0.182,0.662,0.9233333333333333,0.48,0.8,1
0.194,0.662,0.9366666666666666,0.468,0.8,2
0.206,0.662,0.95,0.456,0.8,2
0.218,0.662,0.9633333333333334,0.444,0.8,2
0.23,0.662,0.9766666666666667,0.432,0.8,2
0.242,0.662,0.99,0.42,0.8,2
0.254,0.662,1.0033333333333334,0.408,0.8,2
0.266,0.958,-0.03833333333333333,0.692,0.7,2
0.278,0.958,-0.02666666666666667,0.68,0.7,2
0.29,0.958,-0.015,0.668,0.7,2
0.302,0.958,-0.0033333333333333335,0.656,0.7,2
0.302,0.958,0.008333333333333333,0.656,0.7,1
0.302,0.958,0.02,0.656,0.7,1
0.302,0.958,0.03166666666666667,0.656,0.7,1
0.302,0.958,0.043333333333333335,0.656,0.7,1
0.302,0.958,0.055,0.656,0.7,1
0.302,0.958,0.06666666666666667,0.656,0.7,1
0.302,0.958,0.07833333333333334,0.656,0.7,1
0.314,0.958,0.09,0.644,0.7,2
0.326,0.958,0.10166666666666667,0.632,0.7,2
0.338,0.958,0.11333333333333333,0.62,0.7,2
0.35,0.958,0.125,0.608,0.7,2
0.362,0.958,0.13666666666666666,0.596,0.7,2
0.374,0.958,0.14833333333333334,0.584,0.7,2
0.386,0.958,0.16,0.572,0.7,2
0.398,0.958,0.17166666666666666,0.56,0.7,2
0.41,0.958,0.18333333333333332,0.548,0.7,2
0.422,0.958,0.195,0.536,0.7,2
0.434,0.958,0.20666666666666667,0.524,0.7,2
0.446,0.958,0.21833333333333332,0.512,0.7,2
0.458,0.958,0.23,0.5,0.7,2
0.47,0.958,0.24166666666666667,0.488,0.7,2
0.482,0.958,0.25333333333333335,0.476,0.7,2
0.494,0.958,0.265,0.464,0.7,2
0.506,0.958,0.27666666666666667,0.452,0.7,2
0.518,0.958,0.28833333333333333,0.44,0.7,2
0.53,0.958,0.3,0.428,0.7,2
0.542,0.958,0.31166666666666665,0.416,0.7,2
0.554,0.958,0.3233333333333333,0.404,0.7,2
0.566,0.958,0.335,0.392,0.7,2
0.578,0.958,0.3466666666666667,0.38,0.7,2
0.59,0.958,0.35833333333333334,0.368,0.7,2
0.602,0.958,0.37,0.356,0.7,2
0.614,0.958,0.38166666666666665,0.344,0.7,2
0.626,0.958,0.3933333333333333,0.332,0.7,2
0.638,0.958,0.405,0.32,0.7,2
0.65,0.958,0.4166666666666667,0.308,0.7,2
0.662,0.958,0.42833333333333334,0.296,0.7,2
0.674,0.958,0.44,0.284,0.7,2
0.686,0.958,0.45166666666666666,0.272,0.7,2
0.698,0.958,0.4633333333333333,0.26,0.7,2
0.698,0.958,0.475,0.26,0.7,1
0.698,0.958,0.4866666666666667,0.26,0.7,1
0.698,0.958,0.49833333333333335,0.26,0.7,1
0.698,0.958,0.51,0.26,0.7,1
0.698,0.958,0.5216666666666666,0.26,0.7,1
0.698,0.958,0.5333333333333333,0.26,0.7,1
0.698,0.958,0.545,0.26,0.7,1
0.698,0.958,0.5566666666666666,0.26,0.7,1
0.698,0.958,0.5683333333333334,0.26,0.7,1
0.698,0.958,0.58,0.26,0.7,1
0.698,0.958,0.5916666666666667,0.26,0.7,1
0.698,0.958,0.6033333333333334,0.26,0.7,1
0.698,0.958,0.615,0.26,0.7,1
0.698,0.958,0.6266666666666667,0.26,0.7,1
0.698,0.958,0.6383333333333333,0.26,0.7,1
0.698,0.958,0.65,0.26,0.7,1
0.698,0.958,0.6616666666666666,0.26,0.7,1
0.698,0.958,0.6733333333333333,0.26,0.7,1
0.698,0.958,0.685,0.26,0.7,1
0.698,0.958,0.6966666666666667,0.26,0.7,1
0.698,0.958,0.7083333333333334,0.26,0.7,1
0.698,0.958,0.72,0.26,0.7,1
0.698,0.958,0.7316666666666667,0.26,0.7,1
0.698,0.958,0.7433333333333333,0.26,0.7,1
0.698,0.958,0.755,0.26,0.7,1
0.698,0.958,0.7666666666666667,0.26,0.7,1
0.698,0.958,0.7783333333333333,0.26,0.7,1
0.698,0.958,0.79,0.26,0.7,1
0.698,0.958,0.8016666666666666,0.26,0.7,1
0.698,0.958,0.8133333333333334,0.26,0.7,1
0.698,0.958,0.825,0.26,0.7,1
0.698,0.958,0.8366666666666667,0.26,0.7,1
0.698,0.958,0.8483333333333334,0.26,0.7,1
0.686,0.958,0.86,0.272,0.7,0
0.674,0.958,0.8716666666666667,0.284,0.7,0
0.662,0.958,0.8833333333333333,0.296,0.7,0
0.65,0.958,0.895,0.308,0.7,0
0.638,0.958,0.9066666666666666,0.32,0.7,0
0.626,0.958,0.9183333333333333,0.332,0.7,0
0.614,0.958,0.93,0.344,0.7,0
0.602,0.958,0.9416666666666667,0.356,0.7,0
0.59,0.958,0.9533333333333334,0.368,0.7,0
0.578,0.958,0.965,0.38,0.7,0
0.566,0.958,0.9766666666666667,0.392,0.7,0
0.554,0.958,0.9883333333333333,0.404,0.7,0
0.542,0.958,1.0,0.416,0.7,0
0.542,0.958,1.0116666666666667,0.416,0.7,1
0.542,0.672,-0.03666666666666667,0.13,0.8,1
0.542,0.672,-0.023333333333333334,0.13,0.8,1
0.542,0.672,-0.01,0.13,0.8,1
0.542,0.672,0.0033333333333333335,0.13,0.8,1
0.542,0.672,0.016666666666666666,0.13,0.8,1
0.542,0.672,0.03,0.13,0.8,1
0.542,0.672,0.043333333333333335,0.13,0.8,1
0.542,0.672,0.056666666666666664,0.13,0.8,1
0.542,0.672,0.07,0.13,0.8,1
0.542,0.672,0.08333333333333333,0.13,0.8,1
0.542,0.672,0.09666666666666666,0.13,0.8,1
0.542,0.672,0.11,0.13,0.8,1
0.542,0.672,0.12333333333333334,0.13,0.8,1
0.542,0.672,0.13666666666666666,0.13,0.8,1
0.542,0.672,0.15,0.13,0.8,1
0.542,0.672,0.16333333333333333,0.13,0.8,1
0.542,0.672,0.17666666666666667,0.13,0.8,1
0.542,0.672,0.19,0.13,0.8,1
0.542,0.672,0.20333333333333334,0.13,0.8,1
0.542,0.672,0.21666666666666667,0.13,0.8,1
0.542,0.672,0.23,0.13,0.8,1
0.542,0.672,0.24333333333333335,0.13,0.8,1
0.542,0.672,0.25666666666666665,0.13,0.8,1
0.542,0.672,0.27,0.13,0.8,1
0.542,0.672,0.2833333333333333,0.13,0.8,1
0.542,0.672,0.2966666666666667,0.13,0.8,1
0.542,0.672,0.31,0.13,0.8,1
0.53,0.672,0.3233333333333333,0.142,0.8,0
0.518,0.672,0.33666666666666667,0.154,0.8,0
0.506,0.672,0.35,0.166,0.8,0
0.494,0.672,0.36333333333333334,0.178,0.8,0
0.482,0.672,0.37666666666666665,0.19,0.8,0
0.47,0.672,0.39,0.202,0.8,0
0.458,0.672,0.4033333333333333,0.214,0.8,0
0.446,0.672,0.4166666666666667,0.226,0.8,0
0.434,0.672,0.43,0.238,0.8,0
0.422,0.672,0.44333333333333336,0.25,0.8,0
0.41,0.672,0.45666666666666667,0.262,0.8,0
0.398,0.672,0.47,0.274,0.8,0
0.386,0.672,0.48333333333333334,0.286,0.8,0
0.374,0.672,0.49666666666666665,0.298,0.8,0
0.362,0.672,0.51,0.31,0.8,0
0.362,0.672,0.5233333333333333,0.31,0.8,1
0.362,0.672,0.5366666666666666,0.31,0.8,1
0.362,0.672,0.55,0.31,0.8,1
0.362,0.672,0.5633333333333334,0.31,0.8,1
0.362,0.672,0.5766666666666667,0.31,0.8,1
0.362,0.672,0.59,0.31,0.8,1
0.362,0.672,0.6033333333333334,0.31,0.8,1
0.362,0.672,0.6166666666666667,0.31,0.8,1
0.362,0.672,0.63,0.31,0.8,1
0.362,0.672,0.6433333333333333,0.31,0.8,1
0.362,0.672,0.6566666666666666,0.31,0.8,1
0.362,0.672,0.67,0.31,0.8,1
0.362,0.672,0.6833333333333333,0.31,0.8,1
0.362,0.672,0.6966666666666667,0.31,0.8,1
0.362,0.672,0.71,0.31,0.8,1
0.362,0.672,0.7233333333333334,0.31,0.8,1
0.362,0.672,0.7366666666666667,0.31,0.8,1
0.362,0.672,0.75,0.31,0.8,1
0.362,0.672,0.7633333333333333,0.31,0.8,1
0.362,0.672,0.7766666666666666,0.31,0.8,1
0.362,0.672,0.79,0.31,0.8,1
0.362,0.672,0.8033333333333333,0.31,0.8,1
0.362,0.672,0.8166666666666667,0.31,0.8,1
0.362,0.672,0.83,0.31,0.8,1
0.362,0.672,0.8433333333333334,0.31,0.8,1
0.362,0.672,0.8566666666666667,0.31,0.8,1
0.362,0.672,0.87,0.31,0.8,1
0.362,0.672,0.8833333333333333,0.31,0.8,1
0.362,0.672,0.8966666666666666,0.31,0.8,1
0.362,0.672,0.91,0.31,0.8,1
0.362,0.672,0.9233333333333333,0.31,0.8,1
0.362,0.672,0.9366666666666666,0.31,0.8,1
0.362,0.672,0.95,0.31,0.8,1
0.362,0.672,0.9633333333333334,0.31,0.8,1
0.362,0.672,0.9766666666666667,0.31,0.8,1
0.362,0.672,0.99,0.31,0.8,1
0.362,0.672,1.0033333333333334,0.31,0.8,1
0.362,0.946,-0.041666666666666664,0.584,0.5,1
0.362,0.946,-0.03333333333333333,0.584,0.5,1
0.362,0.946,-0.025,0.584,0.5,1
0.362,0.946,-0.016666666666666666,0.584,0.5,1
0.362,0.946,-0.008333333333333333,0.584,0.5,1
0.362,0.946,0.0,0.584,0.5,1
0.362,0.946,0.008333333333333333,0.584,0.5,1
0.362,0.946,0.016666666666666666,0.584,0.5,1
0.362,0.946,0.025,0.584,0.5,1
0.362,0.946,0.03333333333333333,0.584,0.5,1
0.362,0.946,0.041666666666666664,0.584,0.5,1
0.374,0.946,0.05,0.572,0.5,2
0.386,0.946,0.058333333333333334,0.56,0.5,2
0.398,0.946,0.06666666666666667,0.548,0.5,2
0.41,0.946,0.075,0.536,0.5,2
0.422,0.946,0.08333333333333333,0.524,0.5,2
0.434,0.946,0.09166666666666666,0.512,0.5,2
0.446,0.946,0.1,0.5,0.5,2
0.458,0.946,0.10833333333333334,0.488,0.5,2
0.47,0.946,0.11666666666666667,0.476,0.5,2
0.482,0.946,0.125,0.464,0.5,2
0.494,0.946,0.13333333333333333,0.452,0.5,2
0.506,0.946,0.14166666666666666,0.44,0.5,2
0.518,0.946,0.15,0.428,0.5,2
0.53,0.946,0.15833333333333333,0.416,0.5,2
0.542,0.946,0.16666666666666666,0.404,0.5,2
0.554,0.946,0.175,0.392,0.5,2
0.566,0.946,0.18333333333333332,0.38,0.5,2
0.578,0.946,0.19166666666666668,0.368,0.5,2
0.59,0.946,0.2,0.356,0.5,2
0.602,0.946,0.20833333333333334,0.344,0.5,2
0.614,0.946,0.21666666666666667,0.332,0.5,2
0.626,0.946,0.225,0.32,0.5,2
0.638,0.946,0.23333333333333334,0.308,0.5,2
0.65,0.946,0.24166666666666667,0.296,0.5,2
0.662,0.946,0.25,0.284,0.5,2
0.674,0.946,0.25833333333333336,0.272,0.5,2
0.674,0.946,0.26666666666666666,0.272,0.5,1
0.674,0.946,0.275,0.272,0.5,1
0.674,0.946,0.2833333333333333,0.272,0.5,1
0.674,0.946,0.2916666666666667,0.272,0.5,1
0.674,0.946,0.3,0.272,0.5,1
0.674,0.946,0.30833333333333335,0.272,0.5,1
0.674,0.946,0.31666666666666665,0.272,0.5,1
0.674,0.946,0.325,0.272,0.5,1
0.674,0.946,0.3333333333333333,0.272,0.5,1
0.674,0.946,0.3416666666666667,0.272,0.5,1
0.674,0.946,0.35,0.272,0.5,1
0.674,0.946,0.35833333333333334,0.272,0.5,1
0.674,0.946,0.36666666666666664,0.272,0.5,1
0.674,0.946,0.375,0.272,0.5,1
0.674,0.946,0.38333333333333336,0.272,0.5,1
0.674,0.946,0.39166666666666666,0.272,0.5,1
0.674,0.946,0.4,0.272,0.5,1
0.674,0.946,0.4083333333333333,0.272,0.5,1
0.674,0.946,0.4166666666666667,0.272,0.5,1
0.674,0.946,0.425,0.272,0.5,1
0.674,0.946,0.43333333333333335,0.272,0.5,1
0.674,0.946,0.44166666666666665,0.272,0.5,1
0.674,0.946,0.45,0.272,0.5,1
0.674,0.946,0.4583333333333333,0.272,0.5,1
0.662,0.946,0.4666666666666667,0.284,0.5,0
0.65,0.946,0.475,0.296,0.5,0
0.638,0.946,0.48333333333333334,0.308,0.5,0
0.626,0.946,0.49166666666666664,0.32,0.5,0
0.614,0.946,0.5,0.332,0.5,0
0.602,0.946,0.5083333333333333,0.344,0.5,0
0.59,0.946,0.5166666666666667,0.356,0.5,0
0.578,0.946,0.525,0.368,0.5,0
0.578,0.946,0.5333333333333333,0.368,0.5,1
0.578,0.946,0.5416666666666666,0.368,0.5,1
0.578,0.946,0.55,0.368,0.5,1
0.578,0.946,0.5583333333333333,0.368,0.5,1
0.578,0.946,0.5666666666666667,0.368,0.5,1
0.578,0.946,0.575,0.368,0.5,1
0.578,0.946,0.5833333333333334,0.368,0.5,1
0.578,0.946,0.5916666666666667,0.368,0.5,1
0.578,0.946,0.6,0.368,0.5,1
0.578,0.946,0.6083333333333333,0.368,0.5,1
0.578,0.946,0.6166666666666667,0.368,0.5,1
0.578,0.946,0.625,0.368,0.5,1
0.578,0.946,0.6333333333333333,0.368,0.5,1
0.578,0.946,0.6416666666666667,0.368,0.5,1
0.578,0.946,0.65,0.368,0.5,1
0.578,0.946,0.6583333333333333,0.368,0.5,1
0.578,0.946,0.6666666666666666,0.368,0.5,1
0.578,0.946,0.675,0.368,0.5,1
0.578,0.946,0.6833333333333333,0.368,0.5,1
0.578,0.946,0.6916666666666667,0.368,0.5,1
0.578,0.946,0.7,0.368,0.5,1
0.578,0.946,0.7083333333333334,0.368,0.5,1
0.578,0.946,0.7166666666666667,0.368,0.5,1
0.578,0.946,0.725,0.368,0.5,1
0.578,0.946,0.7333333333333333,0.368,0.5,1
0.578,0.946,0.7416666666666667,0.368,0.5,1
0.578,0.946,0.75,0.368,0.5,1
0.578,0.946,0.7583333333333333,0.368,0.5,1
0.578,0.946,0.7666666666666667,0.368,0.5,1
0.578,0.946,0.775,0.368,0.5,1
0.578,0.946,0.7833333333333333,0.368,0.5,1
0.578,0.946,0.7916666666666666,0.368,0.5,1
0.578,0.946,0.8,0.368,0.5,1
0.578,0.946,0.8083333333333333,0.368,0.5,1
0.578,0.946,0.8166666666666667,0.368,0.5,1
0.578,0.946,0.825,0.368,0.5,1
0.578,0.946,0.8333333333333334,0.368,0.5,1
0.578,0.946,0.8416666666666667,0.368,0.5,1
0.578,0.946,0.85,0.368,0.5,1
0.578,0.946,0.8583333333333333,0.368,0.5,1
0.578,0.946,0.8666666666666667,0.368,0.5,1
0.578,0.946,0.875,0.368,0.5,1
0.578,0.946,0.8833333333333333,0.368,0.5,1
0.578,0.946,0.8916666666666667,0.368,0.5,1
0.578,0.946,0.9,0.368,0.5,1
0.578,0.946,0.9083333333333333,0.368,0.5,1
0.578,0.946,0.9166666666666666,0.368,0.5,1
0.578,0.946,0.925,0.368,0.5,1
0.578,0.946,0.9333333333333333,0.368,0.5,1
0.578,0.946,0.9416666666666667,0.368,0.5,1
0.578,0.946,0.95,0.368,0.5,1
0.578,0.946,0.9583333333333334,0.368,0.5,1
0.578,0.946,0.9666666666666667,0.368,0.5,1
0.578,0.946,0.975,0.368,0.5,1
0.578,0.946,0.9833333333333333,0.368,0.5,1
0.578,0.946,0.9916666666666667,0.368,0.5,1
0.578,0.946,1.0,0.368,0.5,1
0.578,0.946,1.0083333333333333,0.368,0.5,1
0.578,0.384,-0.04,-0.194,0.6,1
0.578,0.384,-0.03,-0.194,0.6,1
0.578,0.384,-0.02,-0.194,0.6,1
0.578,0.384,-0.01,-0.194,0.6,1
0.578,0.384,0.0,-0.194,0.6,1
0.578,0.384,0.01,-0.194,0.6,1
0.578,0.384,0.02,-0.194,0.6,1
0.578,0.384,0.03,-0.194,0.6,1
0.578,0.384,0.04,-0.194,0.6,1
0.578,0.384,0.05,-0.194,0.6,1
0.578,0.384,0.06,-0.194,0.6,1
0.578,0.384,0.07,-0.194,0.6,1
0.578,0.384,0.08,-0.194,0.6,1
0.578,0.384,0.09,-0.194,0.6,1
0.578,0.384,0.1,-0.194,0.6,1
0.578,0.384,0.11,-0.194,0.6,1
0.578,0.384,0.12,-0.194,0.6,1
0.578,0.384,0.13,-0.194,0.6,1
0.578,0.384,0.14,-0.194,0.6,1
0.578,0.384,0.15,-0.194,0.6,1
0.578,0.384,0.16,-0.194,0.6,1
0.578,0.384,0.17,-0.194,0.6,1
0.578,0.384,0.18,-0.194,0.6,1
0.578,0.384,0.19,-0.194,0.6,1
0.578,0.384,0.2,-0.194,0.6,1
0.578,0.384,0.21,-0.194,0.6,1
0.578,0.384,0.22,-0.194,0.6,1
0.578,0.384,0.23,-0.194,0.6,1
0.578,0.384,0.24,-0.194,0.6,1
0.578,0.384,0.25,-0.194,0.6,1
0.578,0.384,0.26,-0.194,0.6,1
0.578,0.384,0.27,-0.194,0.6,1
0.578,0.384,0.28,-0.194,0.6,1
0.578,0.384,0.29,-0.194,0.6,1
0.578,0.384,0.3,-0.194,0.6,1
0.578,0.384,0.31,-0.194,0.6,1
0.578,0.384,0.32,-0.194,0.6,1
0.578,0.384,0.33,-0.194,0.6,1
0.578,0.384,0.34,-0.194,0.6,1
0.578,0.384,0.35,-0.194,0.6,1
0.578,0.384,0.36,-0.194,0.6,1
0.578,0.384,0.37,-0.194,0.6,1
0.578,0.384,0.38,-0.194,0.6,1
0.578,0.384,0.39,-0.194,0.6,1
0.578,0.384,0.4,-0.194,0.6,1
0.578,0.384,0.41,-0.194,0.6,1
0.578,0.384,0.42,-0.194,0.6,1
0.578,0.384,0.43,-0.194,0.6,1
0.578,0.384,0.44,-0.194,0.6,1
0.578,0.384,0.45,-0.194,0.6,1
0.578,0.384,0.46,-0.194,0.6,1
0.578,0.384,0.47,-0.194,0.6,1
0.578,0.384,0.48,-0.194,0.6,1
0.578,0.384,0.49,-0.194,0.6,1
0.578,0.384,0.5,-0.194,0.6,1
0.578,0.384,0.51,-0.194,0.6,1
0.578,0.384,0.52,-0.194,0.6,1
0.578,0.384,0.53,-0.194,0.6,1
0.578,0.384,0.54,-0.194,0.6,1
0.578,0.384,0.55,-0.194,0.6,1
0.578,0.384,0.56,-0.194,0.6,1
0.578,0.384,0.57,-0.194,0.6,1
0.578,0.384,0.58,-0.194,0.6,1
0.578,0.384,0.59,-0.194,0.6,1
0.578,0.384,0.6,-0.194,0.6,1
0.578,0.384,0.61,-0.194,0.6,1
0.578,0.384,0.62,-0.194,0.6,1
0.578,0.384,0.63,-0.194,0.6,1
0.578,0.384,0.64,-0.194,0.6,1
0.578,0.384,0.65,-0.194,0.6,1
0.578,0.384,0.66,-0.194,0.6,1
0.578,0.384,0.67,-0.194,0.6,1
0.578,0.384,0.68,-0.194,0.6,1
0.578,0.384,0.69,-0.194,0.6,1
0.578,0.384,0.7,-0.194,0.6,1
0.578,0.384,0.71,-0.194,0.6,1
0.578,0.384,0.72,-0.194,0.6,1
0.578,0.384,0.73,-0.194,0.6,1
0.578,0.384,0.74,-0.194,0.6,1
0.578,0.384,0.75,-0.194,0.6,1
0.578,0.384,0.76,-0.194,0.6,1
0.578,0.384,0.77,-0.194,0.6,1
0.578,0.384,0.78,-0.194,0.6,1
0.578,0.384,0.79,-0.194,0.6,1
0.578,0.384,0.8,-0.194,0.6,1
0.578,0.384,0.81,-0.194,0.6,1
0.578,0.384,0.82,-0.194,0.6,1
0.578,0.384,0.83,-0.194,0.6,1
0.578,0.384,0.84,-0.194,0.6,1
0.578,0.384,0.85,-0.194,0.6,1
0.578,0.384,0.86,-0.194,0.6,1
0.578,0.384,0.87,-0.194,0.6,1
0.578,0.384,0.88,-0.194,0.6,1
0.578,0.384,0.89,-0.194,0.6,1
0.578,0.384,0.9,-0.194,0.6,1
0.578,0.384,0.91,-0.194,0.6,1
0.578,0.384,0.92,-0.194,0.6,1
0.578,0.384,0.93,-0.194,0.6,1
0.578,0.384,0.94,-0.194,0.6,1
0.578,0.384,0.95,-0.194,0.6,1
0.578,0.384,0.96,-0.194,0.6,1
0.578,0.384,0.97,-0.194,0.6,1
0.578,0.384,0.98,-0.194,0.6,1
0.578,0.384,0.99,-0.194,0.6,1
0.578,0.384,1.0,-0.194,0.6,1
0.578,0.384,1.01,-0.194,0.6,1
0.578,0.654,-0.03666666666666667,0.076,0.8,1
0.578,0.654,-0.023333333333333334,0.076,0.8,1
0.578,0.654,-0.01,0.076,0.8,1
0.578,0.654,0.0033333333333333335,0.076,0.8,1
0.578,0.654,0.016666666666666666,0.076,0.8,1
0.578,0.654,0.03,0.076,0.8,1
0.578,0.654,0.043333333333333335,0.076,0.8,1
0.578,0.654,0.056666666666666664,0.076,0.8,1
0.578,0.654,0.07,0.076,0.8,1
0.578,0.654,0.08333333333333333,0.076,0.8,1
0.578,0.654,0.09666666666666666,0.076,0.8,1
0.578,0.654,0.11,0.076,0.8,1
0.578,0.654,0.12333333333333334,0.076,0.8,1
0.578,0.654,0.13666666666666666,0.076,0.8,1
0.578,0.654,0.15,0.076,0.8,1
0.578,0.654,0.16333333333333333,0.076,0.8,1
0.566,0.654,0.17666666666666667,0.088,0.8,0
0.554,0.654,0.19,0.1,0.8,0
0.542,0.654,0.20333333333333334,0.112,0.8,0
0.53,0.654,0.21666666666666667,0.124,0.8,0
0.518,0.654,0.23,0.136,0.8,0
0.506,0.654,0.24333333333333335,0.148,0.8,0
0.494,0.654,0.25666666666666665,0.16,0.8,0
0.482,0.654,0.27,0.172,0.8,0
0.47,0.654,0.2833333333333333,0.184,0.8,0
0.458,0.654,0.2966666666666667,0.196,0.8,0
0.446,0.654,0.31,0.208,0.8,0
0.434,0.654,0.3233333333333333,0.22,0.8,0
0.422,0.654,0.33666666666666667,0.232,0.8,0
0.41,0.654,0.35,0.244,0.8,0
0.398,0.654,0.36333333333333334,0.256,0.8,0
0.386,0.654,0.37666666666666665,0.268,0.8,0
0.386,0.654,0.39,0.268,0.8,1
0.386,0.654,0.4033333333333333,0.268,0.8,1
0.386,0.654,0.4166666666666667,0.268,0.8,1
0.386,0.654,0.43,0.268,0.8,1
0.386,0.654,0.44333333333333336,0.268,0.8,1
0.386,0.654,0.45666666666666667,0.268,0.8,1
0.386,0.654,0.47,0.268,0.8,1
0.386,0.654,0.48333333333333334,0.268,0.8,1
0.386,0.654,0.49666666666666665,0.268,0.8,1
0.386,0.654,0.51,0.268,0.8,1
0.386,0.654,0.5233333333333333,0.268,0.8,1
0.386,0.654,0.5366666666666666,0.268,0.8,1
0.386,0.654,0.55,0.268,0.8,1
0.386,0.654,0.5633333333333334,0.268,0.8,1
0.386,0.654,0.5766666666666667,0.268,0.8,1
0.386,0.654,0.59,0.268,0.8,1
0.386,0.654,0.6033333333333334,0.268,0.8,1
0.386,0.654,0.6166666666666667,0.268,0.8,1
0.386,0.654,0.63,0.268,0.8,1
0.386,0.654,0.6433333333333333,0.268,0.8,1
0.386,0.654,0.6566666666666666,0.268,0.8,1
0.386,0.654,0.67,0.268,0.8,1
0.386,0.654,0.6833333333333333,0.268,0.8,1
0.386,0.654,0.6966666666666667,0.268,0.8,1
0.386,0.654,0.71,0.268,0.8,1
0.386,0.654,0.7233333333333334,0.268,0.8,1
0.386,0.654,0.7366666666666667,0.268,0.8,1
0.386,0.654,0.75,0.268,0.8,1
0.386,0.654,0.7633333333333333,0.268,0.8,1
0.386,0.654,0.7766666666666666,0.268,0.8,1
0.386,0.654,0.79,0.268,0.8,1
0.386,0.654,0.8033333333333333,0.268,0.8,1
0.386,0.654,0.8166666666666667,0.268,0.8,1
0.386,0.654,0.83,0.268,0.8,1
0.386,0.654,0.8433333333333334,0.268,0.8,1
0.386,0.654,0.8566666666666667,0.268,0.8,1
0.386,0.654,0.87,0.268,0.8,1
0.386,0.654,0.8833333333333333,0.268,0.8,1
0.386,0.654,0.8966666666666666,0.268,0.8,1
0.386,0.654,0.91,0.268,0.8,1
0.386,0.654,0.9233333333333333,0.268,0.8,1
0.386,0.654,0.9366666666666666,0.268,0.8,1
0.386,0.654,0.95,0.268,0.8,1
0.386,0.654,0.9633333333333334,0.268,0.8,1
0.386,0.654,0.9766666666666667,0.268,0.8,1
0.386,0.654,0.99,0.268,0.8,1
0.386,0.654,1.0033333333333334,0.268,0.8,1
0.386,0.162,-0.03666666666666667,-0.224,0.8,1
0.386,0.162,-0.023333333333333334,-0.224,0.8,1
0.386,0.162,-0.01,-0.224,0.8,1
0.386,0.162,0.0033333333333333335,-0.224,0.8,1
0.386,0.162,0.016666666666666666,-0.224,0.8,1
0.386,0.162,0.03,-0.224,0.8,1
0.386,0.162,0.043333333333333335,-0.224,0.8,1
0.386,0.162,0.056666666666666664,-0.224,0.8,1
0.386,0.162,0.07,-0.224,0.8,1
0.386,0.162,0.08333333333333333,-0.224,0.8,1
0.398,0.162,0.09666666666666666,-0.236,0.8,2
0.41,0.162,0.11,-0.248,0.8,2
0.422,0.162,0.12333333333333334,-0.26,0.8,2
0.434,0.162,0.13666666666666666,-0.272,0.8,2
0.446,0.162,0.15,-0.284,0.8,2
0.458,0.162,0.16333333333333333,-0.296,0.8,2
0.47,0.162,0.17666666666666667,-0.308,0.8,2
0.482,0.162,0.19,-0.32,0.8,2
0.494,0.162,0.20333333333333334,-0.332,0.8,2
0.506,0.162,0.21666666666666667,-0.344,0.8,2
0.518,0.162,0.23,-0.356,0.8,2
0.53,0.162,0.24333333333333335,-0.368,0.8,2
0.542,0.162,0.25666666666666665,-0.38,0.8,2
0.554,0.162,0.27,-0.392,0.8,2
0.566,0.162,0.2833333333333333,-0.404,0.8,2
0.578,0.162,0.2966666666666667,-0.416,0.8,2
0.59,0.162,0.31,-0.428,0.8,2
0.59,0.162,0.3233333333333333,-0.428,0.8,1
0.59,0.162,0.33666666666666667,-0.428,0.8,1
0.59,0.162,0.35,-0.428,0.8,1
0.59,0.162,0.36333333333333334,-0.428,0.8,1
0.59,0.162,0.37666666666666665,-0.428,0.8,1
0.59,0.162,0.39,-0.428,0.8,1
0.59,0.162,0.4033333333333333,-0.428,0.8,1
0.59,0.162,0.4166666666666667,-0.428,0.8,1
0.59,0.162,0.43,-0.428,0.8,1
0.59,0.162,0.44333333333333336,-0.428,0.8,1
0.59,0.162,0.45666666666666667,-0.428,0.8,1
0.59,0.162,0.47,-0.428,0.8,1
0.59,0.162,0.48333333333333334,-0.428,0.8,1
0.59,0.162,0.49666666666666665,-0.428,0.8,1
0.59,0.162,0.51,-0.428,0.8,1
0.59,0.162,0.5233333333333333,-0.428,0.8,1
0.59,0.162,0.5366666666666666,-0.428,0.8,1
0.59,0.162,0.55,-0.428,0.8,1
0.59,0.162,0.5633333333333334,-0.428,0.8,1
0.59,0.162,0.5766666666666667,-0.428,0.8,1
0.59,0.162,0.59,-0.428,0.8,1
0.59,0.162,0.6033333333333334,-0.428,0.8,1
0.59,0.162,0.6166666666666667,-0.428,0.8,1
0.59,0.162,0.63,-0.428,0.8,1
0.59,0.162,0.6433333333333333,-0.428,0.8,1
0.59,0.162,0.6566666666666666,-0.428,0.8,1
0.59,0.162,0.67,-0.428,0.8,1
0.59,0.162,0.6833333333333333,-0.428,0.8,1
0.59,0.162,0.6966666666666667,-0.428,0.8,1
0.59,0.162,0.71,-0.428,0.8,1
0.59,0.162,0.7233333333333334,-0.428,0.8,1
0.59,0.162,0.7366666666666667,-0.428,0.8,1
0.59,0.162,0.75,-0.428,0.8,1
0.59,0.162,0.7633333333333333,-0.428,0.8,1
0.59,0.162,0.7766666666666666,-0.428,0.8,1
0.59,0.162,0.79,-0.428,0.8,1
0.59,0.162,0.8033333333333333,-0.428,0.8,1
0.59,0.162,0.8166666666666667,-0.428,0.8,1
0.59,0.162,0.83,-0.428,0.8,1
0.59,0.162,0.8433333333333334,-0.428,0.8,1
0.59,0.162,0.8566666666666667,-0.428,0.8,1
0.59,0.162,0.87,-0.428,0.8,1
0.59,0.162,0.8833333333333333,-0.428,0.8,1
0.59,0.162,0.8966666666666666,-0.428,0.8,1
0.59,0.162,0.91,-0.428,0.8,1
0.59,0.162,0.9233333333333333,-0.428,0.8,1
0.59,0.162,0.9366666666666666,-0.428,0.8,1
0.59,0.162,0.95,-0.428,0.8,1
0.59,0.162,0.9633333333333334,-0.428,0.8,1
0.59,0.162,0.9766666666666667,-0.428,0.8,1
0.59,0.162,0.99,-0.428,0.8,1
0.59,0.162,1.0033333333333334,-0.428,0.8,1
0.578,0.874,-0.03666666666666667,0.296,0.8,0
0.566,0.874,-0.023333333333333334,0.308,0.8,0
0.554,0.874,-0.01,0.32,0.8,0
0.542,0.874,0.0033333333333333335,0.332,0.8,0
0.53,0.874,0.016666666666666666,0.344,0.8,0
0.518,0.874,0.03,0.356,0.8,0
0.506,0.874,0.043333333333333335,0.368,0.8,0
0.494,0.874,0.056666666666666664,0.38,0.8,0
0.482,0.874,0.07,0.392,0.8,0
0.47,0.874,0.08333333333333333,0.404,0.8,0
0.458,0.874,0.09666666666666666,0.416,0.8,0
0.446,0.874,0.11,0.428,0.8,0
0.434,0.874,0.12333333333333334,0.44,0.8,0
0.422,0.874,0.13666666666666666,0.452,0.8,0
0.422,0.874,0.15,0.452,0.8,1
0.422,0.874,0.16333333333333333,0.452,0.8,1
0.422,0.874,0.17666666666666667,0.452,0.8,1
0.422,0.874,0.19,0.452,0.8,1
0.422,0.874,0.20333333333333334,0.452,0.8,1
0.422,0.874,0.21666666666666667,0.452,0.8,1
0.422,0.874,0.23,0.452,0.8,1
0.422,0.874,0.24333333333333335,0.452,0.8,1
0.422,0.874,0.25666666666666665,0.452,0.8,1
0.422,0.874,0.27,0.452,0.8,1
0.434,0.874,0.2833333333333333,0.44,0.8,2
0.446,0.874,0.2966666666666667,0.428,0.8,2
0.458,0.874,0.31,0.416,0.8,2
0.47,0.874,0.3233333333333333,0.404,0.8,2
0.482,0.874,0.33666666666666667,0.392,0.8,2
0.494,0.874,0.35,0.38,0.8,2
0.506,0.874,0.36333333333333334,0.368,0.8,2
0.518,0.874,0.37666666666666665,0.356,0.8,2
0.53,0.874,0.39,0.344,0.8,2
0.542,0.874,0.4033333333333333,0.332,0.8,2
0.554,0.874,0.4166666666666667,0.32,0.8,2
0.566,0.874,0.43,0.308,0.8,2
0.566,0.874,0.44333333333333336,0.308,0.8,1
0.566,0.874,0.45666666666666667,0.308,0.8,1
0.566,0.874,0.47,0.308,0.8,1
0.566,0.874,0.48333333333333334,0.308,0.8,1
0.566,0.874,0.49666666666666665,0.308,0.8,1
0.566,0.874,0.51,0.308,0.8,1
0.566,0.874,0.5233333333333333,0.308,0.8,1
0.566,0.874,0.5366666666666666,0.308,0.8,1
0.566,0.874,0.55,0.308,0.8,1
0.566,0.874,0.5633333333333334,0.308,0.8,1
0.566,0.874,0.5766666666666667,0.308,0.8,1
0.566,0.874,0.59,0.308,0.8,1
0.566,0.874,0.6033333333333334,0.308,0.8,1
0.566,0.874,0.6166666666666667,0.308,0.8,1
0.566,0.874,0.63,0.308,0.8,1
0.566,0.874,0.6433333333333333,0.308,0.8,1
0.566,0.874,0.6566666666666666,0.308,0.8,1
0.566,0.874,0.67,0.308,0.8,1
0.566,0.874,0.6833333333333333,0.308,0.8,1
0.566,0.874,0.6966666666666667,0.308,0.8,1
0.566,0.874,0.71,0.308,0.8,1
0.566,0.874,0.7233333333333334,0.308,0.8,1
0.566,0.874,0.7366666666666667,0.308,0.8,1
0.566,0.874,0.75,0.308,0.8,1
0.566,0.874,0.7633333333333333,0.308,0.8,1
0.566,0.874,0.7766666666666666,0.308,0.8,1
0.566,0.874,0.79,0.308,0.8,1
0.566,0.874,0.8033333333333333,0.308,0.8,1
0.566,0.874,0.8166666666666667,0.308,0.8,1
0.566,0.874,0.83,0.308,0.8,1
0.566,0.874,0.8433333333333334,0.308,0.8,1
0.566,0.874,0.8566666666666667,0.308,0.8,1
0.566,0.874,0.87,0.308,0.8,1
0.566,0.874,0.8833333333333333,0.308,0.8,1
0.566,0.874,0.8966666666666666,0.308,0.8,1
0.566,0.874,0.91,0.308,0.8,1
0.566,0.874,0.9233333333333333,0.308,0.8,1
0.566,0.874,0.9366666666666666,0.308,0.8,1
0.566,0.874,0.95,0.308,0.8,1
0.566,0.874,0.9633333333333334,0.308,0.8,1
0.566,0.874,0.9766666666666667,0.308,0.8,1
0.566,0.874,0.99,0.308,0.8,1
0.566,0.874,1.0033333333333334,0.308,0.8,1
0.566,0.432,-0.043333333333333335,-0.134,0.4,1
0.566,0.432,-0.03666666666666667,-0.134,0.4,1
0.566,0.432,-0.03,-0.134,0.4,1
0.566,0.432,-0.023333333333333334,-0.134,0.4,1
0.566,0.432,-0.016666666666666666,-0.134,0.4,1
0.566,0.432,-0.01,-0.134,0.4,1
0.566,0.432,-0.0033333333333333335,-0.134,0.4,1
0.566,0.432,0.0033333333333333335,-0.134,0.4,1
0.566,0.432,0.01,-0.134,0.4,1
0.566,0.432,0.016666666666666666,-0.134,0.4,1
0.566,0.432,0.023333333333333334,-0.134,0.4,1
0.566,0.432,0.03,-0.134,0.4,1
0.566,0.432,0.03666666666666667,-0.134,0.4,1
0.566,0.432,0.043333333333333335,-0.134,0.4,1
0.566,0.432,0.05,-0.134,0.4,1
0.566,0.432,0.056666666666666664,-0.134,0.4,1
0.566,0.432,0.06333333333333334,-0.134,0.4,1
0.566,0.432,0.07,-0.134,0.4,1
0.566,0.432,0.07666666666666666,-0.134,0.4,1
0.566,0.432,0.08333333333333333,-0.134,0.4,1
0.566,0.432,0.09,-0.134,0.4,1
0.566,0.432,0.09666666666666666,-0.134,0.4,1
0.566,0.432,0.10333333333333333,-0.134,0.4,1
0.566,0.432,0.11,-0.134,0.4,1
0.566,0.432,0.11666666666666667,-0.134,0.4,1
0.566,0.432,0.12333333333333334,-0.134,0.4,1
0.578,0.432,0.13,-0.146,0.4,2
0.59,0.432,0.13666666666666666,-0.158,0.4,2
0.602,0.432,0.14333333333333334,-0.17,0.4,2
0.614,0.432,0.15,-0.182,0.4,2
0.626,0.432,0.15666666666666668,-0.194,0.4,2
0.638,0.432,0.16333333333333333,-0.206,0.4,2
0.65,0.432,0.17,-0.218,0.4,2
0.662,0.432,0.17666666666666667,-0.23,0.4,2
0.674,0.432,0.18333333333333332,-0.242,0.4,2
0.686,0.432,0.19,-0.254,0.4,2
0.698,0.432,0.19666666666666666,-0.266,0.4,2
0.71,0.432,0.20333333333333334,-0.278,0.4,2
0.71,0.432,0.21,-0.278,0.4,1
0.71,0.432,0.21666666666666667,-0.278,0.4,1
0.71,0.432,0.22333333333333333,-0.278,0.4,1
0.71,0.432,0.23,-0.278,0.4,1
0.71,0.432,0.23666666666666666,-0.278,0.4,1
0.71,0.432,0.24333333333333335,-0.278,0.4,1
0.71,0.432,0.25,-0.278,0.4,1
0.71,0.432,0.25666666666666665,-0.278,0.4,1
0.71,0.432,0.2633333333333333,-0.278,0.4,1
0.71,0.432,0.27,-0.278,0.4,1
0.71,0.432,0.27666666666666667,-0.278,0.4,1
0.71,0.432,0.2833333333333333,-0.278,0.4,1
0.71,0.432,0.29,-0.278,0.4,1
0.71,0.432,0.2966666666666667,-0.278,0.4,1
0.71,0.432,0.30333333333333334,-0.278,0.4,1
0.71,0.432,0.31,-0.278,0.4,1
0.71,0.432,0.31666666666666665,-0.278,0.4,1
0.71,0.432,0.3233333333333333,-0.278,0.4,1
0.71,0.432,0.33,-0.278,0.4,1
0.71,0.432,0.33666666666666667,-0.278,0.4,1
0.71,0.432,0.3433333333333333,-0.278,0.4,1
0.71,0.432,0.35,-0.278,0.4,1
0.71,0.432,0.3566666666666667,-0.278,0.4,1
0.71,0.432,0.36333333333333334,-0.278,0.4,1
0.71,0.432,0.37,-0.278,0.4,1
0.71,0.432,0.37666666666666665,-0.278,0.4,1
0.71,0.432,0.38333333333333336,-0.278,0.4,1
0.71,0.432,0.39,-0.278,0.4,1
0.71,0.432,0.39666666666666667,-0.278,0.4,1
0.71,0.432,0.4033333333333333,-0.278,0.4,1
0.71,0.432,0.41,-0.278,0.4,1
0.71,0.432,0.4166666666666667,-0.278,0.4,1
0.71,0.432,0.42333333333333334,-0.278,0.4,1
0.71,0.432,0.43,-0.278,0.4,1
0.71,0.432,0.43666666666666665,-0.278,0.4,1
0.71,0.432,0.44333333333333336,-0.278,0.4,1
0.71,0.432,0.45,-0.278,0.4,1
0.71,0.432,0.45666666666666667,-0.278,0.4,1
0.71,0.432,0.4633333333333333,-0.278,0.4,1
0.71,0.432,0.47,-0.278,0.4,1
0.71,0.432,0.4766666666666667,-0.278,0.4,1
0.71,0.432,0.48333333333333334,-0.278,0.4,1
0.71,0.432,0.49,-0.278,0.4,1
0.71,0.432,0.49666666666666665,-0.278,0.4,1
0.71,0.432,0.5033333333333333,-0.278,0.4,1
0.71,0.432,0.51,-0.278,0.4,1
0.71,0.432,0.5166666666666667,-0.278,0.4,1
0.71,0.432,0.5233333333333333,-0.278,0.4,1
0.71,0.432,0.53,-0.278,0.4,1
0.71,0.432,0.5366666666666666,-0.278,0.4,1
0.71,0.432,0.5433333333333333,-0.278,0.4,1
0.71,0.432,0.55,-0.278,0.4,1
0.71,0.432,0.5566666666666666,-0.278,0.4,1
0.71,0.432,0.5633333333333334,-0.278,0.4,1
0.71,0.432,0.57,-0.278,0.4,1
0.71,0.432,0.5766666666666667,-0.278,0.4,1
0.71,0.432,0.5833333333333334,-0.278,0.4,1
0.71,0.432,0.59,-0.278,0.4,1
0.71,0.432,0.5966666666666667,-0.278,0.4,1
0.71,0.432,0.6033333333333334,-0.278,0.4,1
0.71,0.432,0.61,-0.278,0.4,1
0.71,0.432,0.6166666666666667,-0.278,0.4,1
0.71,0.432,0.6233333333333333,-0.278,0.4,1
0.71,0.432,0.63,-0.278,0.4,1
0.71,0.432,0.6366666666666667,-0.278,0.4,1
0.71,0.432,0.6433333333333333,-0.278,0.4,1
0.71,0.432,0.65,-0.278,0.4,1
0.71,0.432,0.6566666666666666,-0.278,0.4,1
0.71,0.432,0.6633333333333333,-0.278,0.4,1
0.71,0.432,0.67,-0.278,0.4,1
0.71,0.432,0.6766666666666666,-0.278,0.4,1
0.71,0.432,0.6833333333333333,-0.278,0.4,1
0.71,0.432,0.69,-0.278,0.4,1
0.71,0.432,0.6966666666666667,-0.278,0.4,1
0.71,0.432,0.7033333333333334,-0.278,0.4,1
0.71,0.432,0.71,-0.278,0.4,1
0.71,0.432,0.7166666666666667,-0.278,0.4,1
0.71,0.432,0.7233333333333334,-0.278,0.4,1
0.71,0.432,0.73,-0.278,0.4,1
0.71,0.432,0.7366666666666667,-0.278,0.4,1
0.71,0.432,0.7433333333333333,-0.278,0.4,1
0.71,0.432,0.75,-0.278,0.4,1
0.71,0.432,0.7566666666666667,-0.278,0.4,1
0.71,0.432,0.7633333333333333,-0.278,0.4,1
0.71,0.432,0.77,-0.278,0.4,1
0.71,0.432,0.7766666666666666,-0.278,0.4,1
0.71,0.432,0.7833333333333333,-0.278,0.4,1
0.71,0.432,0.79,-0.278,0.4,1
0.71,0.432,0.7966666666666666,-0.278,0.4,1
0.71,0.432,0.8033333333333333,-0.278,0.4,1
0.71,0.432,0.81,-0.278,0.4,1
0.71,0.432,0.8166666666666667,-0.278,0.4,1
0.71,0.432,0.8233333333333334,-0.278,0.4,1
0.71,0.432,0.83,-0.278,0.4,1
0.71,0.432,0.8366666666666667,-0.278,0.4,1
0.71,0.432,0.8433333333333334,-0.278,0.4,1
0.71,0.432,0.85,-0.278,0.4,1
0.71,0.432,0.8566666666666667,-0.278,0.4,1
0.71,0.432,0.8633333333333333,-0.278,0.4,1
0.71,0.432,0.87,-0.278,0.4,1
0.71,0.432,0.8766666666666667,-0.278,0.4,1
0.71,0.432,0.8833333333333333,-0.278,0.4,1
0.71,0.432,0.89,-0.278,0.4,1
0.71,0.432,0.8966666666666666,-0.278,0.4,1
0.71,0.432,0.9033333333333333,-0.278,0.4,1
0.71,0.432,0.91,-0.278,0.4,1
0.71,0.432,0.9166666666666666,-0.278,0.4,1
0.71,0.432,0.9233333333333333,-0.278,0.4,1
0.71,0.432,0.93,-0.278,0.4,1
0.71,0.432,0.9366666666666666,-0.278,0.4,1
0.71,0.432,0.9433333333333334,-0.278,0.4,1
0.71,0.432,0.95,-0.278,0.4,1
0.71,0.432,0.9566666666666667,-0.278,0.4,1
0.71,0.432,0.9633333333333334,-0.278,0.4,1
0.71,0.432,0.97,-0.278,0.4,1
0.71,0.432,0.9766666666666667,-0.278,0.4,1
0.71,0.432,0.9833333333333333,-0.278,0.4,1
0.71,0.432,0.99,-0.278,0.4,1
0.71,0.432,0.9966666666666667,-0.278,0.4,1
0.71,0.432,1.0033333333333334,-0.278,0.4,1
0.71,0.146,-0.043333333333333335,-0.564,0.4,1
0.71,0.146,-0.03666666666666667,-0.564,0.4,1
0.71,0.146,-0.03,-0.564,0.4,1
0.71,0.146,-0.023333333333333334,-0.564,0.4,1
0.71,0.146,-0.016666666666666666,-0.564,0.4,1
0.71,0.146,-0.01,-0.564,0.4,1
0.71,0.146,-0.0033333333333333335,-0.564,0.4,1
0.71,0.146,0.0033333333333333335,-0.564,0.4,1
0.71,0.146,0.01,-0.564,0.4,1
0.71,0.146,0.016666666666666666,-0.564,0.4,1
0.71,0.146,0.023333333333333334,-0.564,0.4,1
0.71,0.146,0.03,-0.564,0.4,1
0.71,0.146,0.03666666666666667,-0.564,0.4,1
0.71,0.146,0.043333333333333335,-0.564,0.4,1
0.71,0.146,0.05,-0.564,0.4,1
0.71,0.146,0.056666666666666664,-0.564,0.4,1
0.71,0.146,0.06333333333333334,-0.564,0.4,1
0.71,0.146,0.07,-0.564,0.4,1
0.71,0.146,0.07666666666666666,-0.564,0.4,1
0.71,0.146,0.08333333333333333,-0.564,0.4,1
0.71,0.146,0.09,-0.564,0.4,1
0.71,0.146,0.09666666666666666,-0.564,0.4,1
0.71,0.146,0.10333333333333333,-0.564,0.4,1
0.71,0.146,0.11,-0.564,0.4,1
0.71,0.146,0.11666666666666667,-0.564,0.4,1
0.71,0.146,0.12333333333333334,-0.564,0.4,1
0.71,0.146,0.13,-0.564,0.4,1
0.71,0.146,0.13666666666666666,-0.564,0.4,1
0.71,0.146,0.14333333333333334,-0.564,0.4,1
0.71,0.146,0.15,-0.564,0.4,1
0.71,0.146,0.15666666666666668,-0.564,0.4,1
0.71,0.146,0.16333333333333333,-0.564,0.4,1
0.71,0.146,0.17,-0.564,0.4,1
0.71,0.146,0.17666666666666667,-0.564,0.4,1
0.71,0.146,0.18333333333333332,-0.564,0.4,1
0.71,0.146,0.19,-0.564,0.4,1
0.71,0.146,0.19666666666666666,-0.564,0.4,1
0.71,0.146,0.20333333333333334,-0.564,0.4,1
0.71,0.146,0.21,-0.564,0.4,1
0.71,0.146,0.21666666666666667,-0.564,0.4,1
0.71,0.146,0.22333333333333333,-0.564,0.4,1
0.71,0.146,0.23,-0.564,0.4,1
0.71,0.146,0.23666666666666666,-0.564,0.4,1
0.71,0.146,0.24333333333333335,-0.564,0.4,1
0.71,0.146,0.25,-0.564,0.4,1
0.71,0.146,0.25666666666666665,-0.564,0.4,1
0.71,0.146,0.2633333333333333,-0.564,0.4,1
0.71,0.146,0.27,-0.564,0.4,1
0.71,0.146,0.27666666666666667,-0.564,0.4,1
0.71,0.146,0.2833333333333333,-0.564,0.4,1
0.71,0.146,0.29,-0.564,0.4,1
0.71,0.146,0.2966666666666667,-0.564,0.4,1
0.71,0.146,0.30333333333333334,-0.564,0.4,1
0.71,0.146,0.31,-0.564,0.4,1
0.71,0.146,0.31666666666666665,-0.564,0.4,1
0.71,0.146,0.3233333333333333,-0.564,0.4,1
0.71,0.146,0.33,-0.564,0.4,1
0.71,0.146,0.33666666666666667,-0.564,0.4,1
0.71,0.146,0.3433333333333333,-0.564,0.4,1
0.71,0.146,0.35,-0.564,0.4,1
0.71,0.146,0.3566666666666667,-0.564,0.4,1
0.71,0.146,0.36333333333333334,-0.564,0.4,1
0.71,0.146,0.37,-0.564,0.4,1
0.71,0.146,0.37666666666666665,-0.564,0.4,1
0.71,0.146,0.38333333333333336,-0.564,0.4,1
0.71,0.146,0.39,-0.564,0.4,1
0.71,0.146,0.39666666666666667,-0.564,0.4,1
0.71,0.146,0.4033333333333333,-0.564,0.4,1
0.71,0.146,0.41,-0.564,0.4,1
0.71,0.146,0.4166666666666667,-0.564,0.4,1
0.71,0.146,0.42333333333333334,-0.564,0.4,1
0.71,0.146,0.43,-0.564,0.4,1
0.71,0.146,0.43666666666666665,-0.564,0.4,1
0.71,0.146,0.44333333333333336,-0.564,0.4,1
0.71,0.146,0.45,-0.564,0.4,1
0.71,0.146,0.45666666666666667,-0.564,0.4,1
0.71,0.146,0.4633333333333333,-0.564,0.4,1
0.71,0.146,0.47,-0.564,0.4,1
0.71,0.146,0.4766666666666667,-0.564,0.4,1
0.71,0.146,0.48333333333333334,-0.564,0.4,1
0.71,0.146,0.49,-0.564,0.4,1
0.71,0.146,0.49666666666666665,-0.564,0.4,1
0.71,0.146,0.5033333333333333,-0.564,0.4,1
0.71,0.146,0.51,-0.564,0.4,1
0.71,0.146,0.5166666666666667,-0.564,0.4,1
0.71,0.146,0.5233333333333333,-0.564,0.4,1
0.71,0.146,0.53,-0.564,0.4,1
0.71,0.146,0.5366666666666666,-0.564,0.4,1
0.71,0.146,0.5433333333333333,-0.564,0.4,1
0.71,0.146,0.55,-0.564,0.4,1
0.71,0.146,0.5566666666666666,-0.564,0.4,1
0.71,0.146,0.5633333333333334,-0.564,0.4,1
0.71,0.146,0.57,-0.564,0.4,1
0.71,0.146,0.5766666666666667,-0.564,0.4,1
0.71,0.146,0.5833333333333334,-0.564,0.4,1
0.71,0.146,0.59,-0.564,0.4,1
0.71,0.146,0.5966666666666667,-0.564,0.4,1
0.71,0.146,0.6033333333333334,-0.564,0.4,1
0.71,0.146,0.61,-0.564,0.4,1
0.71,0.146,0.6166666666666667,-0.564,0.4,1
0.71,0.146,0.6233333333333333,-0.564,0.4,1
0.71,0.146,0.63,-0.564,0.4,1
0.71,0.146,0.6366666666666667,-0.564,0.4,1
0.71,0.146,0.6433333333333333,-0.564,0.4,1
0.71,0.146,0.65,-0.564,0.4,1
0.71,0.146,0.6566666666666666,-0.564,0.4,1
0.71,0.146,0.6633333333333333,-0.564,0.4,1
0.71,0.146,0.67,-0.564,0.4,1
0.71,0.146,0.6766666666666666,-0.564,0.4,1
0.71,0.146,0.6833333333333333,-0.564,0.4,1
0.71,0.146,0.69,-0.564,0.4,1
0.71,0.146,0.6966666666666667,-0.564,0.4,1
0.71,0.146,0.7033333333333334,-0.564,0.4,1
0.71,0.146,0.71,-0.564,0.4,1
0.71,0.146,0.7166666666666667,-0.564,0.4,1
0.71,0.146,0.7233333333333334,-0.564,0.4,1
0.71,0.146,0.73,-0.564,0.4,1
0.71,0.146,0.7366666666666667,-0.564,0.4,1
0.71,0.146,0.7433333333333333,-0.564,0.4,1
0.71,0.146,0.75,-0.564,0.4,1
0.71,0.146,0.7566666666666667,-0.564,0.4,1
0.71,0.146,0.7633333333333333,-0.564,0.4,1
0.71,0.146,0.77,-0.564,0.4,1
0.71,0.146,0.7766666666666666,-0.564,0.4,1
0.71,0.146,0.7833333333333333,-0.564,0.4,1
0.71,0.146,0.79,-0.564,0.4,1
0.71,0.146,0.7966666666666666,-0.564,0.4,1
0.71,0.146,0.8033333333333333,-0.564,0.4,1
0.71,0.146,0.81,-0.564,0.4,1
0.71,0.146,0.8166666666666667,-0.564,0.4,1
0.71,0.146,0.8233333333333334,-0.564,0.4,1
0.71,0.146,0.83,-0.564,0.4,1
0.71,0.146,0.8366666666666667,-0.564,0.4,1
0.71,0.146,0.8433333333333334,-0.564,0.4,1
0.71,0.146,0.85,-0.564,0.4,1
0.71,0.146,0.8566666666666667,-0.564,0.4,1
0.71,0.146,0.8633333333333333,-0.564,0.4,1
0.71,0.146,0.87,-0.564,0.4,1
0.71,0.146,0.8766666666666667,-0.564,0.4,1
0.71,0.146,0.8833333333333333,-0.564,0.4,1
0.71,0.146,0.89,-0.564,0.4,1
0.71,0.146,0.8966666666666666,-0.564,0.4,1
0.71,0.146,0.9033333333333333,-0.564,0.4,1
0.71,0.146,0.91,-0.564,0.4,1
0.71,0.146,0.9166666666666666,-0.564,0.4,1
0.71,0.146,0.9233333333333333,-0.564,0.4,1
0.71,0.146,0.93,-0.564,0.4,1
0.71,0.146,0.9366666666666666,-0.564,0.4,1
0.71,0.146,0.9433333333333334,-0.564,0.4,1
0.71,0.146,0.95,-0.564,0.4,1
0.71,0.146,0.9566666666666667,-0.564,0.4,1
0.71,0.146,0.9633333333333334,-0.564,0.4,1
0.71,0.146,0.97,-0.564,0.4,1
0.71,0.146,0.9766666666666667,-0.564,0.4,1
0.71,0.146,0.9833333333333333,-0.564,0.4,1
0.71,0.146,0.99,-0.564,0.4,1
0.71,0.146,0.9966666666666667,-0.564,0.4,1
0.71,0.146,1.0033333333333334,-0.564,0.4,1
0.71,0.944,-0.03666666666666667,0.234,0.8,1
0.71,0.944,-0.023333333333333334,0.234,0.8,1
0.71,0.944,-0.01,0.234,0.8,1
0.71,0.944,0.0033333333333333335,0.234,0.8,1
0.71,0.944,0.016666666666666666,0.234,0.8,1
0.71,0.944,0.03,0.234,0.8,1
0.71,0.944,0.043333333333333335,0.234,0.8,1
0.71,0.944,0.056666666666666664,0.234,0.8,1
0.71,0.944,0.07,0.234,0.8,1
0.71,0.944,0.08333333333333333,0.234,0.8,1
0.71,0.944,0.09666666666666666,0.234,0.8,1
0.71,0.944,0.11,0.234,0.8,1
0.71,0.944,0.12333333333333334,0.234,0.8,1
0.71,0.944,0.13666666666666666,0.234,0.8,1
0.71,0.944,0.15,0.234,0.8,1
0.71,0.944,0.16333333333333333,0.234,0.8,1
0.5,0.318,-0.03833333333333333,-0.182,0.7,1
0.5,0.318,-0.02666666666666667,-0.182,0.7,1
0.5,0.318,-0.015,-0.182,0.7,1
0.5,0.318,-0.0033333333333333335,-0.182,0.7,1
0.5,0.318,0.008333333333333333,-0.182,0.7,1
0.5,0.318,0.02,-0.182,0.7,1
0.5,0.318,0.03166666666666667,-0.182,0.7,1
0.5,0.318,0.043333333333333335,-0.182,0.7,1
0.5,0.318,0.055,-0.182,0.7,1
0.5,0.318,0.06666666666666667,-0.182,0.7,1
0.5,0.318,0.07833333333333334,-0.182,0.7,1
0.5,0.318,0.09,-0.182,0.7,1
0.5,0.318,0.10166666666666667,-0.182,0.7,1
0.5,0.318,0.11333333333333333,-0.182,0.7,1
0.5,0.318,0.125,-0.182,0.7,1
0.5,0.318,0.13666666666666666,-0.182,0.7,1
0.5,0.318,0.14833333333333334,-0.182,0.7,1
0.5,0.318,0.16,-0.182,0.7,1
0.5,0.318,0.17166666666666666,-0.182,0.7,1
0.5,0.318,0.18333333333333332,-0.182,0.7,1
0.5,0.318,0.195,-0.182,0.7,1
0.5,0.318,0.20666666666666667,-0.182,0.7,1
0.5,0.318,0.21833333333333332,-0.182,0.7,1
0.5,0.318,0.23,-0.182,0.7,1
0.5,0.318,0.24166666666666667,-0.182,0.7,1
0.5,0.318,0.25333333333333335,-0.182,0.7,1
0.5,0.318,0.265,-0.182,0.7,1
0.5,0.318,0.27666666666666667,-0.182,0.7,1
0.5,0.318,0.28833333333333333,-0.182,0.7,1
0.5,0.318,0.3,-0.182,0.7,1
0.5,0.318,0.31166666666666665,-0.182,0.7,1
0.5,0.318,0.3233333333333333,-0.182,0.7,1
0.5,0.318,0.335,-0.182,0.7,1
0.5,0.318,0.3466666666666667,-0.182,0.7,1
0.5,0.318,0.35833333333333334,-0.182,0.7,1
0.5,0.318,0.37,-0.182,0.7,1
0.5,0.318,0.38166666666666665,-0.182,0.7,1
0.5,0.318,0.3933333333333333,-0.182,0.7,1
0.5,0.318,0.405,-0.182,0.7,1
0.5,0.318,0.4166666666666667,-0.182,0.7,1
0.5,0.318,0.42833333333333334,-0.182,0.7,1
0.5,0.318,0.44,-0.182,0.7,1
0.5,0.318,0.45166666666666666,-0.182,0.7,1
0.5,0.318,0.4633333333333333,-0.182,0.7,1
0.5,0.318,0.475,-0.182,0.7,1
0.5,0.318,0.4866666666666667,-0.182,0.7,1
0.5,0.318,0.49833333333333335,-0.182,0.7,1
0.5,0.318,0.51,-0.182,0.7,1
0.5,0.318,0.5216666666666666,-0.182,0.7,1
0.5,0.318,0.5333333333333333,-0.182,0.7,1
0.5,0.318,0.545,-0.182,0.7,1
0.5,0.318,0.5566666666666666,-0.182,0.7,1
0.5,0.318,0.5683333333333334,-0.182,0.7,1
0.5,0.318,0.58,-0.182,0.7,1
0.5,0.318,0.5916666666666667,-0.182,0.7,1
0.5,0.318,0.6033333333333334,-0.182,0.7,1
0.5,0.318,0.615,-0.182,0.7,1
0.5,0.318,0.6266666666666667,-0.182,0.7,1
0.5,0.318,0.6383333333333333,-0.182,0.7,1
0.5,0.318,0.65,-0.182,0.7,1
0.5,0.318,0.6616666666666666,-0.182,0.7,1
0.5,0.318,0.6733333333333333,-0.182,0.7,1
0.5,0.318,0.685,-0.182,0.7,1
0.5,0.318,0.6966666666666667,-0.182,0.7,1
0.5,0.318,0.7083333333333334,-0.182,0.7,1
0.5,0.318,0.72,-0.182,0.7,1
0.5,0.318,0.7316666666666667,-0.182,0.7,1
0.5,0.318,0.7433333333333333,-0.182,0.7,1
0.5,0.318,0.755,-0.182,0.7,1
0.5,0.318,0.7666666666666667,-0.182,0.7,1
0.5,0.318,0.7783333333333333,-0.182,0.7,1
0.5,0.318,0.79,-0.182,0.7,1
0.512,0.318,0.8016666666666666,-0.194,0.7,2
0.524,0.318,0.8133333333333334,-0.206,0.7,2
0.536,0.318,0.825,-0.218,0.7,2
0.548,0.318,0.8366666666666667,-0.23,0.7,2
0.56,0.318,0.8483333333333334,-0.242,0.7,2
0.572,0.318,0.86,-0.254,0.7,2
0.584,0.318,0.8716666666666667,-0.266,0.7,2
0.596,0.318,0.8833333333333333,-0.278,0.7,2
0.608,0.318,0.895,-0.29,0.7,2
0.62,0.318,0.9066666666666666,-0.302,0.7,2
0.632,0.318,0.9183333333333333,-0.314,0.7,2
0.644,0.318,0.93,-0.326,0.7,2
0.656,0.318,0.9416666666666667,-0.338,0.7,2
0.668,0.318,0.9533333333333334,-0.35,0.7,2
0.68,0.318,0.965,-0.362,0.7,2
0.692,0.318,0.9766666666666667,-0.374,0.7,2
0.704,0.318,0.9883333333333333,-0.386,0.7,2
0.716,0.318,1.0,-0.398,0.7,2
0.728,0.318,1.0116666666666667,-0.41,0.7,2
0.728,0.41,-0.043333333333333335,-0.318,0.4,1
0.728,0.41,-0.03666666666666667,-0.318,0.4,1
0.728,0.41,-0.03,-0.318,0.4,1
0.728,0.41,-0.023333333333333334,-0.318,0.4,1
0.728,0.41,-0.016666666666666666,-0.318,0.4,1
0.728,0.41,-0.01,-0.318,0.4,1
0.728,0.41,-0.0033333333333333335,-0.318,0.4,1
0.728,0.41,0.0033333333333333335,-0.318,0.4,1
0.728,0.41,0.01,-0.318,0.4,1
0.728,0.41,0.016666666666666666,-0.318,0.4,1
0.716,0.41,0.023333333333333334,-0.306,0.4,0
0.704,0.41,0.03,-0.294,0.4,0
0.692,0.41,0.03666666666666667,-0.282,0.4,0
0.68,0.41,0.043333333333333335,-0.27,0.4,0
0.668,0.41,0.05,-0.258,0.4,0
0.656,0.41,0.056666666666666664,-0.246,0.4,0
0.644,0.41,0.06333333333333334,-0.234,0.4,0
0.632,0.41,0.07,-0.222,0.4,0
0.62,0.41,0.07666666666666666,-0.21,0.4,0
0.608,0.41,0.08333333333333333,-0.198,0.4,0
0.608,0.41,0.09,-0.198,0.4,1
0.608,0.41,0.09666666666666666,-0.198,0.4,1
0.608,0.41,0.10333333333333333,-0.198,0.4,1
0.608,0.41,0.11,-0.198,0.4,1
0.608,0.41,0.11666666666666667,-0.198,0.4,1
0.608,0.41,0.12333333333333334,-0.198,0.4,1
0.608,0.41,0.13,-0.198,0.4,1
0.608,0.41,0.13666666666666666,-0.198,0.4,1
0.62,0.41,0.14333333333333334,-0.21,0.4,2
0.632,0.41,0.15,-0.222,0.4,2
0.644,0.41,0.15666666666666668,-0.234,0.4,2
0.656,0.41,0.16333333333333333,-0.246,0.4,2
0.668,0.41,0.17,-0.258,0.4,2
0.68,0.41,0.17666666666666667,-0.27,0.4,2
0.692,0.41,0.18333333333333332,-0.282,0.4,2
0.704,0.41,0.19,-0.294,0.4,2
0.716,0.41,0.19666666666666666,-0.306,0.4,2
0.728,0.41,0.20333333333333334,-0.318,0.4,2
0.74,0.41,0.21,-0.33,0.4,2
0.752,0.41,0.21666666666666667,-0.342,0.4,2
0.764,0.41,0.22333333333333333,-0.354,0.4,2
0.776,0.41,0.23,-0.366,0.4,2
0.788,0.41,0.23666666666666666,-0.378,0.4,2
0.8,0.41,0.24333333333333335,-0.39,0.4,2
0.8,0.41,0.25,-0.39,0.4,1
0.8,0.41,0.25666666666666665,-0.39,0.4,1
0.8,0.41,0.2633333333333333,-0.39,0.4,1
0.8,0.41,0.27,-0.39,0.4,1
0.8,0.41,0.27666666666666667,-0.39,0.4,1
0.788,0.41,0.2833333333333333,-0.378,0.4,0
0.776,0.41,0.29,-0.366,0.4,0
0.764,0.41,0.2966666666666667,-0.354,0.4,0
0.752,0.41,0.30333333333333334,-0.342,0.4,0
0.74,0.41,0.31,-0.33,0.4,0
0.728,0.41,0.31666666666666665,-0.318,0.4,0
0.716,0.41,0.3233333333333333,-0.306,0.4,0
0.704,0.41,0.33,-0.294,0.4,0
0.692,0.41,0.33666666666666667,-0.282,0.4,0
0.68,0.41,0.3433333333333333,-0.27,0.4,0
0.68,0.41,0.35,-0.27,0.4,1
0.68,0.41,0.3566666666666667,-0.27,0.4,1
0.68,0.41,0.36333333333333334,-0.27,0.4,1
0.68,0.41,0.37,-0.27,0.4,1
0.68,0.41,0.37666666666666665,-0.27,0.4,1
0.68,0.41,0.38333333333333336,-0.27,0.4,1
0.68,0.41,0.39,-0.27,0.4,1
0.692,0.41,0.39666666666666667,-0.282,0.4,2
0.704,0.41,0.4033333333333333,-0.294,0.4,2
0.716,0.41,0.41,-0.306,0.4,2
0.728,0.41,0.4166666666666667,-0.318,0.4,2
0.74,0.41,0.42333333333333334,-0.33,0.4,2
0.752,0.41,0.43,-0.342,0.4,2
0.764,0.41,0.43666666666666665,-0.354,0.4,2
0.776,0.41,0.44333333333333336,-0.366,0.4,2
0.788,0.41,0.45,-0.378,0.4,2
0.8,0.41,0.45666666666666667,-0.39,0.4,2
0.812,0.41,0.4633333333333333,-0.402,0.4,2
0.824,0.41,0.47,-0.414,0.4,2
0.824,0.41,0.4766666666666667,-0.414,0.4,1
0.824,0.41,0.48333333333333334,-0.414,0.4,1
0.824,0.41,0.49,-0.414,0.4,1
0.824,0.41,0.49666666666666665,-0.414,0.4,1
0.824,0.41,0.5033333333333333,-0.414,0.4,1
0.824,0.41,0.51,-0.414,0.4,1
0.824,0.41,0.5166666666666667,-0.414,0.4,1
0.824,0.41,0.5233333333333333,-0.414,0.4,1
0.824,0.41,0.53,-0.414,0.4,1
0.824,0.41,0.5366666666666666,-0.414,0.4,1
0.824,0.41,0.5433333333333333,-0.414,0.4,1
0.824,0.41,0.55,-0.414,0.4,1
0.812,0.41,0.5566666666666666,-0.402,0.4,0
0.8,0.41,0.5633333333333334,-0.39,0.4,0
0.788,0.41,0.57,-0.378,0.4,0
0.776,0.41,0.5766666666666667,-0.366,0.4,0
0.764,0.41,0.5833333333333334,-0.354,0.4,0
0.752,0.41,0.59,-0.342,0.4,0
0.74,0.41,0.5966666666666667,-0.33,0.4,0
0.728,0.41,0.6033333333333334,-0.318,0.4,0
0.716,0.41,0.61,-0.306,0.4,0
0.716,0.41,0.6166666666666667,-0.306,0.4,1
0.716,0.41,0.6233333333333333,-0.306,0.4,1
0.716,0.41,0.63,-0.306,0.4,1
0.716,0.41,0.6366666666666667,-0.306,0.4,1
0.716,0.41,0.6433333333333333,-0.306,0.4,1
0.716,0.41,0.65,-0.306,0.4,1
0.716,0.41,0.6566666666666666,-0.306,0.4,1
0.716,0.41,0.6633333333333333,-0.306,0.4,1
0.716,0.41,0.67,-0.306,0.4,1
0.716,0.41,0.6766666666666666,-0.306,0.4,1
0.716,0.41,0.6833333333333333,-0.306,0.4,1
0.716,0.41,0.69,-0.306,0.4,1
0.716,0.41,0.6966666666666667,-0.306,0.4,1
0.716,0.41,0.7033333333333334,-0.306,0.4,1
0.716,0.41,0.71,-0.306,0.4,1
0.716,0.41,0.7166666666666667,-0.306,0.4,1
0.716,0.41,0.7233333333333334,-0.306,0.4,1
0.716,0.41,0.73,-0.306,0.4,1
0.716,0.41,0.7366666666666667,-0.306,0.4,1
0.716,0.41,0.7433333333333333,-0.306,0.4,1
0.716,0.41,0.75,-0.306,0.4,1
0.716,0.41,0.7566666666666667,-0.306,0.4,1
0.704,0.41,0.7633333333333333,-0.294,0.4,0
0.692,0.41,0.77,-0.282,0.4,0
0.68,0.41,0.7766666666666666,-0.27,0.4,0
0.668,0.41,0.7833333333333333,-0.258,0.4,0
0.656,0.41,0.79,-0.246,0.4,0
0.644,0.41,0.7966666666666666,-0.234,0.4,0
0.632,0.41,0.8033333333333333,-0.222,0.4,0
0.62,0.41,0.81,-0.21,0.4,0
0.62,0.41,0.8166666666666667,-0.21,0.4,1
0.62,0.41,0.8233333333333334,-0.21,0.4,1
0.62,0.41,0.83,-0.21,0.4,1
0.62,0.41,0.8366666666666667,-0.21,0.4,1
0.62,0.41,0.8433333333333334,-0.21,0.4,1
0.62,0.41,0.85,-0.21,0.4,1
0.62,0.41,0.8566666666666667,-0.21,0.4,1
0.62,0.41,0.8633333333333333,-0.21,0.4,1
0.62,0.41,0.87,-0.21,0.4,1
0.62,0.41,0.8766666666666667,-0.21,0.4,1
0.62,0.41,0.8833333333333333,-0.21,0.4,1
0.632,0.41,0.89,-0.222,0.4,2
0.644,0.41,0.8966666666666666,-0.234,0.4,2
0.656,0.41,0.9033333333333333,-0.246,0.4,2
0.668,0.41,0.91,-0.258,0.4,2
0.68,0.41,0.9166666666666666,-0.27,0.4,2
0.68,0.41,0.9233333333333333,-0.27,0.4,1
0.68,0.41,0.93,-0.27,0.4,1
0.68,0.41,0.9366666666666666,-0.27,0.4,1
0.68,0.41,0.9433333333333334,-0.27,0.4,1
0.68,0.41,0.95,-0.27,0.4,1
0.68,0.41,0.9566666666666667,-0.27,0.4,1
0.68,0.41,0.9633333333333334,-0.27,0.4,1
0.68,0.41,0.97,-0.27,0.4,1
0.68,0.41,0.9766666666666667,-0.27,0.4,1
0.68,0.41,0.9833333333333333,-0.27,0.4,1
0.68,0.41,0.99,-0.27,0.4,1
0.68,0.41,0.9966666666666667,-0.27,0.4,1
0.668,0.41,1.0033333333333334,-0.258,0.4,0
0.656,0.93,-0.041666666666666664,0.274,0.5,0
0.644,0.93,-0.03333333333333333,0.286,0.5,0
0.632,0.93,-0.025,0.298,0.5,0
0.62,0.93,-0.016666666666666666,0.31,0.5,0
0.608,0.93,-0.008333333333333333,0.322,0.5,0
0.596,0.93,0.0,0.334,0.5,0
0.584,0.93,0.008333333333333333,0.346,0.5,0
0.572,0.93,0.016666666666666666,0.358,0.5,0
0.56,0.93,0.025,0.37,0.5,0
0.548,0.93,0.03333333333333333,0.382,0.5,0
0.536,0.93,0.041666666666666664,0.394,0.5,0
0.524,0.93,0.05,0.406,0.5,0
0.512,0.93,0.058333333333333334,0.418,0.5,0
0.5,0.93,0.06666666666666667,0.43,0.5,0
0.488,0.93,0.075,0.442,0.5,0
0.476,0.93,0.08333333333333333,0.454,0.5,0
0.464,0.93,0.09166666666666666,0.466,0.5,0
0.452,0.93,0.1,0.478,0.5,0
0.44,0.93,0.10833333333333334,0.49,0.5,0
0.428,0.93,0.11666666666666667,0.502,0.5,0
0.416,0.93,0.125,0.514,0.5,0
0.404,0.93,0.13333333333333333,0.526,0.5,0
0.392,0.93,0.14166666666666666,0.538,0.5,0
0.38,0.93,0.15,0.55,0.5,0
0.368,0.93,0.15833333333333333,0.562,0.5,0
0.356,0.93,0.16666666666666666,0.574,0.5,0
0.344,0.93,0.175,0.586,0.5,0
0.332,0.93,0.18333333333333332,0.598,0.5,0
0.32,0.93,0.19166666666666668,0.61,0.5,0
0.308,0.93,0.2,0.622,0.5,0
0.296,0.93,0.20833333333333334,0.634,0.5,0
0.284,0.93,0.21666666666666667,0.646,0.5,0
0.272,0.93,0.225,0.658,0.5,0
0.26,0.93,0.23333333333333334,0.67,0.5,0
0.248,0.93,0.24166666666666667,0.682,0.5,0
0.236,0.93,0.25,0.694,0.5,0
0.224,0.93,0.25833333333333336,0.706,0.5,0
0.212,0.93,0.26666666666666666,0.718,0.5,0
0.2,0.93,0.275,0.73,0.5,0
0.188,0.93,0.2833333333333333,0.742,0.5,0
0.176,0.93,0.2916666666666667,0.754,0.5,0
0.164,0.93,0.3,0.766,0.5,0
0.152,0.93,0.30833333333333335,0.778,0.5,0
0.164,0.93,0.31666666666666665,0.766,0.5,2
0.176,0.93,0.325,0.754,0.5,2
0.188,0.93,0.3333333333333333,0.742,0.5,2
0.2,0.93,0.3416666666666667,0.73,0.5,2
0.212,0.93,0.35,0.718,0.5,2
0.224,0.93,0.35833333333333334,0.706,0.5,2
0.236,0.93,0.36666666666666664,0.694,0.5,2
0.248,0.93,0.375,0.682,0.5,2
0.26,0.93,0.38333333333333336,0.67,0.5,2
0.272,0.93,0.39166666666666666,0.658,0.5,2
0.284,0.93,0.4,0.646,0.5,2
0.296,0.93,0.4083333333333333,0.634,0.5,2
0.308,0.93,0.4166666666666667,0.622,0.5,2
0.32,0.93,0.425,0.61,0.5,2
0.332,0.93,0.43333333333333335,0.598,0.5,2
0.344,0.93,0.44166666666666665,0.586,0.5,2
0.356,0.93,0.45,0.574,0.5,2
0.368,0.93,0.4583333333333333,0.562,0.5,2
0.38,0.93,0.4666666666666667,0.55,0.5,2
0.392,0.93,0.475,0.538,0.5,2
0.404,0.93,0.48333333333333334,0.526,0.5,2
0.416,0.93,0.49166666666666664,0.514,0.5,2
0.428,0.93,0.5,0.502,0.5,2
0.44,0.93,0.5083333333333333,0.49,0.5,2
0.452,0.93,0.5166666666666667,0.478,0.5,2
0.464,0.93,0.525,0.466,0.5,2
0.476,0.93,0.5333333333333333,0.454,0.5,2
0.488,0.93,0.5416666666666666,0.442,0.5,2
0.5,0.93,0.55,0.43,0.5,2
0.512,0.93,0.5583333333333333,0.418,0.5,2
0.524,0.93,0.5666666666666667,0.406,0.5,2
0.536,0.93,0.575,0.394,0.5,2
0.548,0.93,0.5833333333333334,0.382,0.5,2
0.56,0.93,0.5916666666666667,0.37,0.5,2
0.572,0.93,0.6,0.358,0.5,2
0.584,0.93,0.6083333333333333,0.346,0.5,2
0.596,0.93,0.6166666666666667,0.334,0.5,2
0.608,0.93,0.625,0.322,0.5,2
0.608,0.93,0.6333333333333333,0.322,0.5,1
0.608,0.93,0.6416666666666667,0.322,0.5,1
0.608,0.93,0.65,0.322,0.5,1
0.608,0.93,0.6583333333333333,0.322,0.5,1
0.596,0.93,0.6666666666666666,0.334,0.5,0
0.584,0.93,0.675,0.346,0.5,0
0.572,0.93,0.6833333333333333,0.358,0.5,0
0.56,0.93,0.6916666666666667,0.37,0.5,0
0.548,0.93,0.7,0.382,0.5,0
0.536,0.93,0.7083333333333334,0.394,0.5,0
0.524,0.93,0.7166666666666667,0.406,0.5,0
0.512,0.93,0.725,0.418,0.5,0
0.5,0.93,0.7333333333333333,0.43,0.5,0
0.488,0.93,0.7416666666666667,0.442,0.5,0
0.476,0.93,0.75,0.454,0.5,0
0.464,0.93,0.7583333333333333,0.466,0.5,0
0.452,0.93,0.7666666666666667,0.478,0.5,0
0.44,0.93,0.775,0.49,0.5,0
0.428,0.93,0.7833333333333333,0.502,0.5,0
0.416,0.93,0.7916666666666666,0.514,0.5,0
0.404,0.93,0.8,0.526,0.5,0
0.392,0.93,0.8083333333333333,0.538,0.5,0
0.38,0.93,0.8166666666666667,0.55,0.5,0
0.368,0.93,0.825,0.562,0.5,0
0.368,0.93,0.8333333333333334,0.562,0.5,1
0.368,0.93,0.8416666666666667,0.562,0.5,1
0.368,0.93,0.85,0.562,0.5,1
0.368,0.93,0.8583333333333333,0.562,0.5,1
0.368,0.93,0.8666666666666667,0.562,0.5,1
0.368,0.93,0.875,0.562,0.5,1
0.356,0.93,0.8833333333333333,0.574,0.5,0
0.344,0.93,0.8916666666666667,0.586,0.5,0
0.332,0.93,0.9,0.598,0.5,0
0.32,0.93,0.9083333333333333,0.61,0.5,0
0.308,0.93,0.9166666666666666,0.622,0.5,0
0.296,0.93,0.925,0.634,0.5,0
0.284,0.93,0.9333333333333333,0.646,0.5,0
0.272,0.93,0.9416666666666667,0.658,0.5,0
0.26,0.93,0.95,0.67,0.5,0
0.248,0.93,0.9583333333333334,0.682,0.5,0
0.236,0.93,0.9666666666666667,0.694,0.5,0
0.224,0.93,0.975,0.706,0.5,0
0.236,0.93,0.9833333333333333,0.694,0.5,2
0.248,0.93,0.9916666666666667,0.682,0.5,2
0.26,0.93,1.0,0.67,0.5,2
0.272,0.93,1.0083333333333333,0.658,0.5,2
0.284,0.24,-0.03833333333333333,-0.044,0.7,2
0.296,0.24,-0.02666666666666667,-0.056,0.7,2
0.308,0.24,-0.015,-0.068,0.7,2
0.32,0.24,-0.0033333333333333335,-0.08,0.7,2
0.332,0.24,0.008333333333333333,-0.092,0.7,2
0.344,0.24,0.02,-0.104,0.7,2
0.356,0.24,0.03166666666666667,-0.116,0.7,2
0.368,0.24,0.043333333333333335,-0.128,0.7,2
0.38,0.24,0.055,-0.14,0.7,2
0.392,0.24,0.06666666666666667,-0.152,0.7,2
0.404,0.24,0.07833333333333334,-0.164,0.7,2
0.416,0.24,0.09,-0.176,0.7,2
0.428,0.24,0.10166666666666667,-0.188,0.7,2
0.44,0.24,0.11333333333333333,-0.2,0.7,2
0.452,0.24,0.125,-0.212,0.7,2
0.464,0.24,0.13666666666666666,-0.224,0.7,2
0.476,0.24,0.14833333333333334,-0.236,0.7,2
0.488,0.24,0.16,-0.248,0.7,2
0.5,0.24,0.17166666666666666,-0.26,0.7,2
0.512,0.24,0.18333333333333332,-0.272,0.7,2
0.524,0.24,0.195,-0.284,0.7,2
0.536,0.24,0.20666666666666667,-0.296,0.7,2
0.548,0.24,0.21833333333333332,-0.308,0.7,2
0.56,0.24,0.23,-0.32,0.7,2
0.572,0.24,0.24166666666666667,-0.332,0.7,2
0.584,0.24,0.25333333333333335,-0.344,0.7,2
0.596,0.24,0.265,-0.356,0.7,2
0.608,0.24,0.27666666666666667,-0.368,0.7,2
0.62,0.24,0.28833333333333333,-0.38,0.7,2
0.632,0.24,0.3,-0.392,0.7,2
0.644,0.24,0.31166666666666665,-0.404,0.7,2
0.656,0.24,0.3233333333333333,-0.416,0.7,2
0.656,0.24,0.335,-0.416,0.7,1
0.656,0.24,0.3466666666666667,-0.416,0.7,1
0.656,0.24,0.35833333333333334,-0.416,0.7,1
0.656,0.24,0.37,-0.416,0.7,1
0.656,0.24,0.38166666666666665,-0.416,0.7,1
0.656,0.24,0.3933333333333333,-0.416,0.7,1
0.656,0.24,0.405,-0.416,0.7,1
0.656,0.24,0.4166666666666667,-0.416,0.7,1
0.656,0.24,0.42833333333333334,-0.416,0.7,1
0.644,0.24,0.44,-0.404,0.7,0
0.632,0.24,0.45166666666666666,-0.392,0.7,0
0.62,0.24,0.4633333333333333,-0.38,0.7,0
0.608,0.24,0.475,-0.368,0.7,0
0.596,0.24,0.4866666666666667,-0.356,0.7,0
0.584,0.24,0.49833333333333335,-0.344,0.7,0
0.572,0.24,0.51,-0.332,0.7,0
0.56,0.24,0.5216666666666666,-0.32,0.7,0
0.548,0.24,0.5333333333333333,-0.308,0.7,0
0.548,0.24,0.545,-0.308,0.7,1
0.548,0.24,0.5566666666666666,-0.308,0.7,1
0.548,0.24,0.5683333333333334,-0.308,0.7,1
0.548,0.24,0.58,-0.308,0.7,1
0.548,0.24,0.5916666666666667,-0.308,0.7,1
0.548,0.24,0.6033333333333334,-0.308,0.7,1
0.548,0.24,0.615,-0.308,0.7,1
0.548,0.24,0.6266666666666667,-0.308,0.7,1
0.548,0.24,0.6383333333333333,-0.308,0.7,1
0.548,0.24,0.65,-0.308,0.7,1
0.548,0.24,0.6616666666666666,-0.308,0.7,1
0.548,0.24,0.6733333333333333,-0.308,0.7,1
0.548,0.24,0.685,-0.308,0.7,1
0.548,0.24,0.6966666666666667,-0.308,0.7,1
0.548,0.24,0.7083333333333334,-0.308,0.7,1
0.548,0.24,0.72,-0.308,0.7,1
0.548,0.24,0.7316666666666667,-0.308,0.7,1
0.548,0.24,0.7433333333333333,-0.308,0.7,1
0.548,0.24,0.755,-0.308,0.7,1
0.548,0.24,0.7666666666666667,-0.308,0.7,1
0.548,0.24,0.7783333333333333,-0.308,0.7,1
0.548,0.24,0.79,-0.308,0.7,1
0.548,0.24,0.8016666666666666,-0.308,0.7,1
0.548,0.24,0.8133333333333334,-0.308,0.7,1
0.548,0.24,0.825,-0.308,0.7,1
0.548,0.24,0.8366666666666667,-0.308,0.7,1
0.548,0.24,0.8483333333333334,-0.308,0.7,1
0.548,0.24,0.86,-0.308,0.7,1
0.548,0.24,0.8716666666666667,-0.308,0.7,1
0.548,0.24,0.8833333333333333,-0.308,0.7,1
0.548,0.24,0.895,-0.308,0.7,1
0.548,0.24,0.9066666666666666,-0.308,0.7,1
0.548,0.24,0.9183333333333333,-0.308,0.7,1
0.548,0.24,0.93,-0.308,0.7,1
0.548,0.24,0.9416666666666667,-0.308,0.7,1
0.548,0.24,0.9533333333333334,-0.308,0.7,1
0.548,0.24,0.965,-0.308,0.7,1
0.548,0.24,0.9766666666666667,-0.308,0.7,1
0.548,0.24,0.9883333333333333,-0.308,0.7,1
0.548,0.24,1.0,-0.308,0.7,1
0.548,0.24,1.0116666666666667,-0.308,0.7,1
0.548,0.232,-0.041666666666666664,-0.316,0.5,1
0.548,0.232,-0.03333333333333333,-0.316,0.5,1
0.548,0.232,-0.025,-0.316,0.5,1
0.548,0.232,-0.016666666666666666,-0.316,0.5,1
0.548,0.232,-0.008333333333333333,-0.316,0.5,1
0.548,0.232,0.0,-0.316,0.5,1
0.548,0.232,0.008333333333333333,-0.316,0.5,1
0.548,0.232,0.016666666666666666,-0.316,0.5,1
0.548,0.232,0.025,-0.316,0.5,1
0.548,0.232,0.03333333333333333,-0.316,0.5,1
0.548,0.232,0.041666666666666664,-0.316,0.5,1
0.548,0.232,0.05,-0.316,0.5,1
0.548,0.232,0.058333333333333334,-0.316,0.5,1
0.548,0.232,0.06666666666666667,-0.316,0.5,1
0.548,0.232,0.075,-0.316,0.5,1
0.548,0.232,0.08333333333333333,-0.316,0.5,1
0.548,0.232,0.09166666666666666,-0.316,0.5,1
0.548,0.232,0.1,-0.316,0.5,1
0.548,0.232,0.10833333333333334,-0.316,0.5,1
0.548,0.232,0.11666666666666667,-0.316,0.5,1
0.548,0.232,0.125,-0.316,0.5,1
0.548,0.232,0.13333333333333333,-0.316,0.5,1
0.548,0.232,0.14166666666666666,-0.316,0.5,1
0.548,0.232,0.15,-0.316,0.5,1
0.548,0.232,0.15833333333333333,-0.316,0.5,1
0.548,0.232,0.16666666666666666,-0.316,0.5,1
0.548,0.232,0.175,-0.316,0.5,1
0.548,0.232,0.18333333333333332,-0.316,0.5,1
0.548,0.232,0.19166666666666668,-0.316,0.5,1
0.548,0.232,0.2,-0.316,0.5,1
0.548,0.232,0.20833333333333334,-0.316,0.5,1
0.548,0.232,0.21666666666666667,-0.316,0.5,1
0.548,0.232,0.225,-0.316,0.5,1
0.548,0.232,0.23333333333333334,-0.316,0.5,1
0.548,0.232,0.24166666666666667,-0.316,0.5,1
0.548,0.232,0.25,-0.316,0.5,1
0.548,0.232,0.25833333333333336,-0.316,0.5,1
0.548,0.232,0.26666666666666666,-0.316,0.5,1
0.548,0.232,0.275,-0.316,0.5,1
0.548,0.232,0.2833333333333333,-0.316,0.5,1
0.548,0.232,0.2916666666666667,-0.316,0.5,1
0.548,0.232,0.3,-0.316,0.5,1
0.548,0.232,0.30833333333333335,-0.316,0.5,1
0.548,0.232,0.31666666666666665,-0.316,0.5,1
0.548,0.232,0.325,-0.316,0.5,1
0.548,0.232,0.3333333333333333,-0.316,0.5,1
0.548,0.232,0.3416666666666667,-0.316,0.5,1
0.548,0.232,0.35,-0.316,0.5,1
0.548,0.232,0.35833333333333334,-0.316,0.5,1
0.548,0.232,0.36666666666666664,-0.316,0.5,1
0.548,0.232,0.375,-0.316,0.5,1
0.548,0.232,0.38333333333333336,-0.316,0.5,1
0.548,0.232,0.39166666666666666,-0.316,0.5,1
0.548,0.232,0.4,-0.316,0.5,1
0.548,0.232,0.4083333333333333,-0.316,0.5,1
0.548,0.232,0.4166666666666667,-0.316,0.5,1
0.548,0.232,0.425,-0.316,0.5,1
0.548,0.232,0.43333333333333335,-0.316,0.5,1
0.548,0.232,0.44166666666666665,-0.316,0.5,1
0.548,0.232,0.45,-0.316,0.5,1
0.548,0.232,0.4583333333333333,-0.316,0.5,1
0.548,0.232,0.4666666666666667,-0.316,0.5,1
0.548,0.232,0.475,-0.316,0.5,1
0.548,0.232,0.48333333333333334,-0.316,0.5,1
0.548,0.232,0.49166666666666664,-0.316,0.5,1
0.548,0.232,0.5,-0.316,0.5,1
0.548,0.232,0.5083333333333333,-0.316,0.5,1
0.548,0.232,0.5166666666666667,-0.316,0.5,1
0.548,0.232,0.525,-0.316,0.5,1
0.548,0.232,0.5333333333333333,-0.316,0.5,1
0.548,0.232,0.5416666666666666,-0.316,0.5,1
0.548,0.232,0.55,-0.316,0.5,1
0.548,0.232,0.5583333333333333,-0.316,0.5,1
0.548,0.232,0.5666666666666667,-0.316,0.5,1
0.548,0.232,0.575,-0.316,0.5,1
0.548,0.232,0.5833333333333334,-0.316,0.5,1
0.548,0.232,0.5916666666666667,-0.316,0.5,1
0.548,0.232,0.6,-0.316,0.5,1
0.548,0.232,0.6083333333333333,-0.316,0.5,1
0.548,0.232,0.6166666666666667,-0.316,0.5,1
0.548,0.232,0.625,-0.316,0.5,1
0.548,0.232,0.6333333333333333,-0.316,0.5,1
0.548,0.232,0.6416666666666667,-0.316,0.5,1
0.548,0.232,0.65,-0.316,0.5,1
0.548,0.232,0.6583333333333333,-0.316,0.5,1
0.548,0.232,0.6666666666666666,-0.316,0.5,1
0.548,0.232,0.675,-0.316,0.5,1
0.548,0.232,0.6833333333333333,-0.316,0.5,1
0.548,0.232,0.6916666666666667,-0.316,0.5,1
0.548,0.232,0.7,-0.316,0.5,1
0.548,0.232,0.7083333333333334,-0.316,0.5,1
0.548,0.232,0.7166666666666667,-0.316,0.5,1
0.548,0.232,0.725,-0.316,0.5,1
0.548,0.232,0.7333333333333333,-0.316,0.5,1
0.548,0.232,0.7416666666666667,-0.316,0.5,1
0.548,0.232,0.75,-0.316,0.5,1
0.548,0.232,0.7583333333333333,-0.316,0.5,1
0.548,0.232,0.7666666666666667,-0.316,0.5,1
0.548,0.232,0.775,-0.316,0.5,1
0.548,0.232,0.7833333333333333,-0.316,0.5,1
0.548,0.232,0.7916666666666666,-0.316,0.5,1
0.548,0.232,0.8,-0.316,0.5,1
0.548,0.232,0.8083333333333333,-0.316,0.5,1
0.548,0.232,0.8166666666666667,-0.316,0.5,1
0.548,0.232,0.825,-0.316,0.5,1
0.548,0.232,0.8333333333333334,-0.316,0.5,1
0.548,0.232,0.8416666666666667,-0.316,0.5,1
0.548,0.232,0.85,-0.316,0.5,1
0.548,0.232,0.8583333333333333,-0.316,0.5,1
0.548,0.232,0.8666666666666667,-0.316,0.5,1
0.548,0.232,0.875,-0.316,0.5,1
0.548,0.232,0.8833333333333333,-0.316,0.5,1
0.548,0.232,0.8916666666666667,-0.316,0.5,1
0.548,0.232,0.9,-0.316,0.5,1
0.548,0.232,0.9083333333333333,-0.316,0.5,1
0.548,0.232,0.9166666666666666,-0.316,0.5,1
0.548,0.232,0.925,-0.316,0.5,1
0.548,0.232,0.9333333333333333,-0.316,0.5,1
0.548,0.232,0.9416666666666667,-0.316,0.5,1
0.548,0.232,0.95,-0.316,0.5,1
0.548,0.232,0.9583333333333334,-0.316,0.5,1
0.548,0.232,0.9666666666666667,-0.316,0.5,1
0.548,0.232,0.975,-0.316,0.5,1
0.548,0.232,0.9833333333333333,-0.316,0.5,1
0.548,0.232,0.9916666666666667,-0.316,0.5,1
0.548,0.232,1.0,-0.316,0.5,1
0.548,0.232,1.0083333333333333,-0.316,0.5,1
0.548,0.524,-0.03833333333333333,-0.024,0.7,1
0.548,0.524,-0.02666666666666667,-0.024,0.7,1
0.548,0.524,-0.015,-0.024,0.7,1
0.548,0.524,-0.0033333333333333335,-0.024,0.7,1
0.548,0.524,0.008333333333333333,-0.024,0.7,1
0.548,0.524,0.02,-0.024,0.7,1
0.548,0.524,0.03166666666666667,-0.024,0.7,1
0.548,0.524,0.043333333333333335,-0.024,0.7,1
0.548,0.524,0.055,-0.024,0.7,1
0.548,0.524,0.06666666666666667,-0.024,0.7,1
0.548,0.524,0.07833333333333334,-0.024,0.7,1
0.548,0.524,0.09,-0.024,0.7,1
0.548,0.524,0.10166666666666667,-0.024,0.7,1
0.548,0.524,0.11333333333333333,-0.024,0.7,1
0.548,0.524,0.125,-0.024,0.7,1
0.548,0.524,0.13666666666666666,-0.024,0.7,1
0.548,0.524,0.14833333333333334,-0.024,0.7,1
0.548,0.524,0.16,-0.024,0.7,1
0.548,0.524,0.17166666666666666,-0.024,0.7,1
0.548,0.524,0.18333333333333332,-0.024,0.7,1
0.548,0.524,0.195,-0.024,0.7,1
0.548,0.524,0.20666666666666667,-0.024,0.7,1
0.548,0.524,0.21833333333333332,-0.024,0.7,1
0.548,0.524,0.23,-0.024,0.7,1
0.548,0.524,0.24166666666666667,-0.024,0.7,1
0.548,0.524,0.25333333333333335,-0.024,0.7,1
0.56,0.524,0.265,-0.036,0.7,2
0.572,0.524,0.27666666666666667,-0.048,0.7,2
0.584,0.524,0.28833333333333333,-0.06,0.7,2
0.596,0.524,0.3,-0.072,0.7,2
0.608,0.524,0.31166666666666665,-0.084,0.7,2
0.62,0.524,0.3233333333333333,-0.096,0.7,2
0.632,0.524,0.335,-0.108,0.7,2
0.644,0.524,0.3466666666666667,-0.12,0.7,2
0.656,0.524,0.35833333333333334,-0.132,0.7,2
0.668,0.524,0.37,-0.144,0.7,2
0.68,0.524,0.38166666666666665,-0.156,0.7,2
0.692,0.524,0.3933333333333333,-0.168,0.7,2
0.704,0.524,0.405,-0.18,0.7,2
0.716,0.524,0.4166666666666667,-0.192,0.7,2
0.728,0.524,0.42833333333333334,-0.204,0.7,2
0.74,0.524,0.44,-0.216,0.7,2
0.752,0.524,0.45166666666666666,-0.228,0.7,2
0.764,0.524,0.4633333333333333,-0.24,0.7,2
0.776,0.524,0.475,-0.252,0.7,2
0.776,0.524,0.4866666666666667,-0.252,0.7,1
0.776,0.524,0.49833333333333335,-0.252,0.7,1
0.776,0.524,0.51,-0.252,0.7,1
0.776,0.524,0.5216666666666666,-0.252,0.7,1
0.776,0.524,0.5333333333333333,-0.252,0.7,1
0.776,0.524,0.545,-0.252,0.7,1
0.776,0.524,0.5566666666666666,-0.252,0.7,1
0.776,0.524,0.5683333333333334,-0.252,0.7,1
0.776,0.524,0.58,-0.252,0.7,1
0.776,0.524,0.5916666666666667,-0.252,0.7,1
0.776,0.524,0.6033333333333334,-0.252,0.7,1
0.776,0.524,0.615,-0.252,0.7,1
0.776,0.524,0.6266666666666667,-0.252,0.7,1
0.776,0.524,0.6383333333333333,-0.252,0.7,1
0.776,0.524,0.65,-0.252,0.7,1
0.776,0.524,0.6616666666666666,-0.252,0.7,1
0.776,0.524,0.6733333333333333,-0.252,0.7,1
0.776,0.524,0.685,-0.252,0.7,1
0.776,0.524,0.6966666666666667,-0.252,0.7,1
0.776,0.524,0.7083333333333334,-0.252,0.7,1
0.776,0.524,0.72,-0.252,0.7,1
0.776,0.524,0.7316666666666667,-0.252,0.7,1
0.776,0.524,0.7433333333333333,-0.252,0.7,1
0.776,0.524,0.755,-0.252,0.7,1
0.776,0.524,0.7666666666666667,-0.252,0.7,1
0.776,0.524,0.7783333333333333,-0.252,0.7,1
0.776,0.524,0.79,-0.252,0.7,1
0.776,0.524,0.8016666666666666,-0.252,0.7,1
0.776,0.524,0.8133333333333334,-0.252,0.7,1
0.776,0.524,0.825,-0.252,0.7,1
0.776,0.524,0.8366666666666667,-0.252,0.7,1
0.776,0.524,0.8483333333333334,-0.252,0.7,1
0.776,0.524,0.86,-0.252,0.7,1
0.776,0.524,0.8716666666666667,-0.252,0.7,1
0.776,0.524,0.8833333333333333,-0.252,0.7,1
0.776,0.524,0.895,-0.252,0.7,1
0.776,0.524,0.9066666666666666,-0.252,0.7,1
0.776,0.524,0.9183333333333333,-0.252,0.7,1
0.776,0.524,0.93,-0.252,0.7,1
0.776,0.524,0.9416666666666667,-0.252,0.7,1
0.776,0.524,0.9533333333333334,-0.252,0.7,1
0.776,0.524,0.965,-0.252,0.7,1
0.776,0.524,0.9766666666666667,-0.252,0.7,1
0.776,0.524,0.9883333333333333,-0.252,0.7,1
0.776,0.524,1.0,-0.252,0.7,1
0.776,0.524,1.0116666666666667,-0.252,0.7,1
0.776,0.936,-0.03666666666666667,0.16,0.8,1
0.776,0.936,-0.023333333333333334,0.16,0.8,1
0.776,0.936,-0.01,0.16,0.8,1
0.776,0.936,0.0033333333333333335,0.16,0.8,1
0.776,0.936,0.016666666666666666,0.16,0.8,1
0.776,0.936,0.03,0.16,0.8,1
0.776,0.936,0.043333333333333335,0.16,0.8,1
0.776,0.936,0.056666666666666664,0.16,0.8,1
0.776,0.936,0.07,0.16,0.8,1
0.776,0.936,0.08333333333333333,0.16,0.8,1
0.776,0.936,0.09666666666666666,0.16,0.8,1
0.776,0.936,0.11,0.16,0.8,1
0.776,0.936,0.12333333333333334,0.16,0.8,1
0.776,0.936,0.13666666666666666,0.16,0.8,1
0.776,0.936,0.15,0.16,0.8,1
0.776,0.936,0.16333333333333333,0.16,0.8,1
0.776,0.936,0.17666666666666667,0.16,0.8,1
0.776,0.936,0.19,0.16,0.8,1
0.776,0.936,0.20333333333333334,0.16,0.8,1
0.776,0.936,0.21666666666666667,0.16,0.8,1
0.776,0.936,0.23,0.16,0.8,1
0.776,0.936,0.24333333333333335,0.16,0.8,1
0.764,0.936,0.25666666666666665,0.172,0.8,0
0.752,0.936,0.27,0.184,0.8,0
0.74,0.936,0.2833333333333333,0.196,0.8,0
0.728,0.936,0.2966666666666667,0.208,0.8,0
0.716,0.936,0.31,0.22,0.8,0
0.704,0.936,0.3233333333333333,0.232,0.8,0
0.692,0.936,0.33666666666666667,0.244,0.8,0
0.68,0.936,0.35,0.256,0.8,0
0.668,0.936,0.36333333333333334,0.268,0.8,0
0.656,0.936,0.37666666666666665,0.28,0.8,0
0.644,0.936,0.39,0.292,0.8,0
0.632,0.936,0.4033333333333333,0.304,0.8,0
0.62,0.936,0.4166666666666667,0.316,0.8,0
0.608,0.936,0.43,0.328,0.8,0
0.596,0.936,0.44333333333333336,0.34,0.8,0
0.596,0.936,0.45666666666666667,0.34,0.8,1
0.596,0.936,0.47,0.34,0.8,1
0.596,0.936,0.48333333333333334,0.34,0.8,1
0.596,0.936,0.49666666666666665,0.34,0.8,1
0.596,0.936,0.51,0.34,0.8,1
0.596,0.936,0.5233333333333333,0.34,0.8,1
0.596,0.936,0.5366666666666666,0.34,0.8,1
0.596,0.936,0.55,0.34,0.8,1
0.596,0.936,0.5633333333333334,0.34,0.8,1
0.596,0.936,0.5766666666666667,0.34,0.8,1
0.596,0.936,0.59,0.34,0.8,1
0.596,0.936,0.6033333333333334,0.34,0.8,1
0.596,0.936,0.6166666666666667,0.34,0.8,1
0.596,0.936,0.63,0.34,0.8,1
0.596,0.936,0.6433333333333333,0.34,0.8,1
0.596,0.936,0.6566666666666666,0.34,0.8,1
0.596,0.936,0.67,0.34,0.8,1
0.596,0.936,0.6833333333333333,0.34,0.8,1
0.596,0.936,0.6966666666666667,0.34,0.8,1
0.596,0.936,0.71,0.34,0.8,1
0.596,0.936,0.7233333333333334,0.34,0.8,1
0.596,0.936,0.7366666666666667,0.34,0.8,1
0.596,0.936,0.75,0.34,0.8,1
0.596,0.936,0.7633333333333333,0.34,0.8,1
0.596,0.936,0.7766666666666666,0.34,0.8,1
0.596,0.936,0.79,0.34,0.8,1
0.596,0.936,0.8033333333333333,0.34,0.8,1
0.596,0.936,0.8166666666666667,0.34,0.8,1
0.596,0.936,0.83,0.34,0.8,1
0.596,0.936,0.8433333333333334,0.34,0.8,1
0.596,0.936,0.8566666666666667,0.34,0.8,1
0.596,0.936,0.87,0.34,0.8,1
0.596,0.936,0.8833333333333333,0.34,0.8,1
0.596,0.936,0.8966666666666666,0.34,0.8,1
0.596,0.936,0.91,0.34,0.8,1
0.596,0.936,0.9233333333333333,0.34,0.8,1
0.596,0.936,0.9366666666666666,0.34,0.8,1
0.596,0.936,0.95,0.34,0.8,1
0.596,0.936,0.9633333333333334,0.34,0.8,1
0.596,0.936,0.9766666666666667,0.34,0.8,1
0.596,0.936,0.99,0.34,0.8,1
0.596,0.936,1.0033333333333334,0.34,0.8,1
0.596,0.822,-0.041666666666666664,0.226,0.5,1
0.596,0.822,-0.03333333333333333,0.226,0.5,1
0.596,0.822,-0.025,0.226,0.5,1
0.596,0.822,-0.016666666666666666,0.226,0.5,1
0.596,0.822,-0.008333333333333333,0.226,0.5,1
0.596,0.822,0.0,0.226,0.5,1
0.596,0.822,0.008333333333333333,0.226,0.5,1
0.596,0.822,0.016666666666666666,0.226,0.5,1
0.596,0.822,0.025,0.226,0.5,1
0.596,0.822,0.03333333333333333,0.226,0.5,1
0.596,0.822,0.041666666666666664,0.226,0.5,1
0.596,0.822,0.05,0.226,0.5,1
0.596,0.822,0.058333333333333334,0.226,0.5,1
0.596,0.822,0.06666666666666667,0.226,0.5,1
0.596,0.822,0.075,0.226,0.5,1
0.596,0.822,0.08333333333333333,0.226,0.5,1
0.596,0.822,0.09166666666666666,0.226,0.5,1
0.596,0.822,0.1,0.226,0.5,1
0.596,0.822,0.10833333333333334,0.226,0.5,1
0.596,0.822,0.11666666666666667,0.226,0.5,1
0.596,0.822,0.125,0.226,0.5,1
0.596,0.822,0.13333333333333333,0.226,0.5,1
0.596,0.822,0.14166666666666666,0.226,0.5,1
0.596,0.822,0.15,0.226,0.5,1
0.596,0.822,0.15833333333333333,0.226,0.5,1
0.596,0.822,0.16666666666666666,0.226,0.5,1
0.596,0.822,0.175,0.226,0.5,1
0.596,0.822,0.18333333333333332,0.226,0.5,1
0.584,0.822,0.19166666666666668,0.238,0.5,0
0.572,0.822,0.2,0.25,0.5,0
0.56,0.822,0.20833333333333334,0.262,0.5,0
0.548,0.822,0.21666666666666667,0.274,0.5,0
0.536,0.822,0.225,0.286,0.5,0
0.524,0.822,0.23333333333333334,0.298,0.5,0
0.512,0.822,0.24166666666666667,0.31,0.5,0
0.5,0.822,0.25,0.322,0.5,0
0.488,0.822,0.25833333333333336,0.334,0.5,0
0.488,0.822,0.26666666666666666,0.334,0.5,1
0.488,0.822,0.275,0.334,0.5,1
0.488,0.822,0.2833333333333333,0.334,0.5,1
0.488,0.822,0.2916666666666667,0.334,0.5,1
0.488,0.822,0.3,0.334,0.5,1
0.488,0.822,0.30833333333333335,0.334,0.5,1
0.488,0.822,0.31666666666666665,0.334,0.5,1
0.488,0.822,0.325,0.334,0.5,1
0.488,0.822,0.3333333333333333,0.334,0.5,1
0.488,0.822,0.3416666666666667,0.334,0.5,1
0.488,0.822,0.35,0.334,0.5,1
0.488,0.822,0.35833333333333334,0.334,0.5,1
0.488,0.822,0.36666666666666664,0.334,0.5,1
0.488,0.822,0.375,0.334,0.5,1
0.488,0.822,0.38333333333333336,0.334,0.5,1
0.488,0.822,0.39166666666666666,0.334,0.5,1
0.488,0.822,0.4,0.334,0.5,1
0.488,0.822,0.4083333333333333,0.334,0.5,1
0.488,0.822,0.4166666666666667,0.334,0.5,1
0.488,0.822,0.425,0.334,0.5,1
0.488,0.822,0.43333333333333335,0.334,0.5,1
0.488,0.822,0.44166666666666665,0.334,0.5,1
0.488,0.822,0.45,0.334,0.5,1
0.488,0.822,0.4583333333333333,0.334,0.5,1
0.488,0.822,0.4666666666666667,0.334,0.5,1
0.488,0.822,0.475,0.334,0.5,1
0.488,0.822,0.48333333333333334,0.334,0.5,1
0.488,0.822,0.49166666666666664,0.334,0.5,1
0.488,0.822,0.5,0.334,0.5,1
0.488,0.822,0.5083333333333333,0.334,0.5,1
0.488,0.822,0.5166666666666667,0.334,0.5,1
0.488,0.822,0.525,0.334,0.5,1
0.488,0.822,0.5333333333333333,0.334,0.5,1
0.488,0.822,0.5416666666666666,0.334,0.5,1
0.488,0.822,0.55,0.334,0.5,1
0.488,0.822,0.5583333333333333,0.334,0.5,1
0.488,0.822,0.5666666666666667,0.334,0.5,1
0.488,0.822,0.575,0.334,0.5,1
0.488,0.822,0.5833333333333334,0.334,0.5,1
0.488,0.822,0.5916666666666667,0.334,0.5,1
0.488,0.822,0.6,0.334,0.5,1
0.488,0.822,0.6083333333333333,0.334,0.5,1
0.488,0.822,0.6166666666666667,0.334,0.5,1
0.488,0.822,0.625,0.334,0.5,1
0.488,0.822,0.6333333333333333,0.334,0.5,1
0.488,0.822,0.6416666666666667,0.334,0.5,1
0.488,0.822,0.65,0.334,0.5,1
0.488,0.822,0.6583333333333333,0.334,0.5,1
0.488,0.822,0.6666666666666666,0.334,0.5,1
0.488,0.822,0.675,0.334,0.5,1
0.488,0.822,0.6833333333333333,0.334,0.5,1
0.488,0.822,0.6916666666666667,0.334,0.5,1
0.488,0.822,0.7,0.334,0.5,1
0.488,0.822,0.7083333333333334,0.334,0.5,1
0.488,0.822,0.7166666666666667,0.334,0.5,1
0.488,0.822,0.725,0.334,0.5,1
0.488,0.822,0.7333333333333333,0.334,0.5,1
0.488,0.822,0.7416666666666667,0.334,0.5,1
0.488,0.822,0.75,0.334,0.5,1
0.488,0.822,0.7583333333333333,0.334,0.5,1
0.488,0.822,0.7666666666666667,0.334,0.5,1
0.488,0.822,0.775,0.334,0.5,1
0.488,0.822,0.7833333333333333,0.334,0.5,1
0.488,0.822,0.7916666666666666,0.334,0.5,1
0.488,0.822,0.8,0.334,0.5,1
0.488,0.822,0.8083333333333333,0.334,0.5,1
0.488,0.822,0.8166666666666667,0.334,0.5,1
0.488,0.822,0.825,0.334,0.5,1
0.488,0.822,0.8333333333333334,0.334,0.5,1
0.488,0.822,0.8416666666666667,0.334,0.5,1
0.488,0.822,0.85,0.334,0.5,1
0.488,0.822,0.8583333333333333,0.334,0.5,1
0.488,0.822,0.8666666666666667,0.334,0.5,1
0.488,0.822,0.875,0.334,0.5,1
0.488,0.822,0.8833333333333333,0.334,0.5,1
0.488,0.822,0.8916666666666667,0.334,0.5,1
0.488,0.822,0.9,0.334,0.5,1
0.488,0.822,0.9083333333333333,0.334,0.5,1
0.488,0.822,0.9166666666666666,0.334,0.5,1
0.488,0.822,0.925,0.334,0.5,1
0.488,0.822,0.9333333333333333,0.334,0.5,1
0.488,0.822,0.9416666666666667,0.334,0.5,1
0.488,0.822,0.95,0.334,0.5,1
0.488,0.822,0.9583333333333334,0.334,0.5,1
0.488,0.822,0.9666666666666667,0.334,0.5,1
0.488,0.822,0.975,0.334,0.5,1
0.488,0.822,0.9833333333333333,0.334,0.5,1
0.488,0.822,0.9916666666666667,0.334,0.5,1
0.488,0.822,1.0,0.334,0.5,1
0.488,0.822,1.0083333333333333,0.334,0.5,1
0.488,0.676,-0.03833333333333333,0.188,0.7,1
0.488,0.676,-0.02666666666666667,0.188,0.7,1
0.488,0.676,-0.015,0.188,0.7,1
0.488,0.676,-0.0033333333333333335,0.188,0.7,1
0.488,0.676,0.008333333333333333,0.188,0.7,1
0.488,0.676,0.02,0.188,0.7,1
0.488,0.676,0.03166666666666667,0.188,0.7,1
0.488,0.676,0.043333333333333335,0.188,0.7,1
0.488,0.676,0.055,0.188,0.7,1
0.488,0.676,0.06666666666666667,0.188,0.7,1
0.488,0.676,0.07833333333333334,0.188,0.7,1
0.488,0.676,0.09,0.188,0.7,1
0.488,0.676,0.10166666666666667,0.188,0.7,1
0.488,0.676,0.11333333333333333,0.188,0.7,1
0.488,0.676,0.125,0.188,0.7,1
0.488,0.676,0.13666666666666666,0.188,0.7,1
0.488,0.676,0.14833333333333334,0.188,0.7,1
0.488,0.676,0.16,0.188,0.7,1
0.488,0.676,0.17166666666666666,0.188,0.7,1
0.488,0.676,0.18333333333333332,0.188,0.7,1
0.488,0.676,0.195,0.188,0.7,1
0.488,0.676,0.20666666666666667,0.188,0.7,1
0.488,0.676,0.21833333333333332,0.188,0.7,1
0.488,0.676,0.23,0.188,0.7,1
0.488,0.676,0.24166666666666667,0.188,0.7,1
0.488,0.676,0.25333333333333335,0.188,0.7,1
0.488,0.676,0.265,0.188,0.7,1
0.488,0.676,0.27666666666666667,0.188,0.7,1
0.488,0.676,0.28833333333333333,0.188,0.7,1
0.488,0.676,0.3,0.188,0.7,1
0.488,0.676,0.31166666666666665,0.188,0.7,1
0.488,0.676,0.3233333333333333,0.188,0.7,1
0.488,0.676,0.335,0.188,0.7,1
0.488,0.676,0.3466666666666667,0.188,0.7,1
0.488,0.676,0.35833333333333334,0.188,0.7,1
0.488,0.676,0.37,0.188,0.7,1
0.488,0.676,0.38166666666666665,0.188,0.7,1
0.488,0.676,0.3933333333333333,0.188,0.7,1
0.488,0.676,0.405,0.188,0.7,1
0.488,0.676,0.4166666666666667,0.188,0.7,1
0.476,0.676,0.42833333333333334,0.2,0.7,0
0.464,0.676,0.44,0.212,0.7,0
0.452,0.676,0.45166666666666666,0.224,0.7,0
0.44,0.676,0.4633333333333333,0.236,0.7,0
0.428,0.676,0.475,0.248,0.7,0
0.416,0.676,0.4866666666666667,0.26,0.7,0
0.404,0.676,0.49833333333333335,0.272,0.7,0
0.392,0.676,0.51,0.284,0.7,0
0.38,0.676,0.5216666666666666,0.296,0.7,0
0.368,0.676,0.5333333333333333,0.308,0.7,0
0.356,0.676,0.545,0.32,0.7,0
0.344,0.676,0.5566666666666666,0.332,0.7,0
0.332,0.676,0.5683333333333334,0.344,0.7,0
0.32,0.676,0.58,0.356,0.7,0
0.308,0.676,0.5916666666666667,0.368,0.7,0
0.296,0.676,0.6033333333333334,0.38,0.7,0
0.284,0.676,0.615,0.392,0.7,0
0.272,0.676,0.6266666666666667,0.404,0.7,0
0.26,0.676,0.6383333333333333,0.416,0.7,0
0.248,0.676,0.65,0.428,0.7,0
0.236,0.676,0.6616666666666666,0.44,0.7,0
0.236,0.676,0.6733333333333333,0.44,0.7,1
0.236,0.676,0.685,0.44,0.7,1
0.236,0.676,0.6966666666666667,0.44,0.7,1
0.236,0.676,0.7083333333333334,0.44,0.7,1
0.236,0.676,0.72,0.44,0.7,1
0.236,0.676,0.7316666666666667,0.44,0.7,1
0.236,0.676,0.7433333333333333,0.44,0.7,1
0.236,0.676,0.755,0.44,0.7,1
0.236,0.676,0.7666666666666667,0.44,0.7,1
0.236,0.676,0.7783333333333333,0.44,0.7,1
0.236,0.676,0.79,0.44,0.7,1
0.236,0.676,0.8016666666666666,0.44,0.7,1
0.236,0.676,0.8133333333333334,0.44,0.7,1
0.236,0.676,0.825,0.44,0.7,1
0.236,0.676,0.8366666666666667,0.44,0.7,1
0.236,0.676,0.8483333333333334,0.44,0.7,1
0.236,0.676,0.86,0.44,0.7,1
0.236,0.676,0.8716666666666667,0.44,0.7,1
0.236,0.676,0.8833333333333333,0.44,0.7,1
0.236,0.676,0.895,0.44,0.7,1
0.236,0.676,0.9066666666666666,0.44,0.7,1
0.236,0.676,0.9183333333333333,0.44,0.7,1
0.236,0.676,0.93,0.44,0.7,1
0.236,0.676,0.9416666666666667,0.44,0.7,1
0.236,0.676,0.9533333333333334,0.44,0.7,1
0.236,0.676,0.965,0.44,0.7,1
0.236,0.676,0.9766666666666667,0.44,0.7,1
0.236,0.676,0.9883333333333333,0.44,0.7,1
0.236,0.676,1.0,0.44,0.7,1
0.236,0.676,1.0116666666666667,0.44,0.7,1
0.236,0.792,-0.03833333333333333,0.556,0.7,1
0.236,0.792,-0.02666666666666667,0.556,0.7,1
0.236,0.792,-0.015,0.556,0.7,1
0.236,0.792,-0.0033333333333333335,0.556,0.7,1
0.236,0.792,0.008333333333333333,0.556,0.7,1
0.236,0.792,0.02,0.556,0.7,1
0.236,0.792,0.03166666666666667,0.556,0.7,1
0.236,0.792,0.043333333333333335,0.556,0.7,1
0.236,0.792,0.055,0.556,0.7,1
0.236,0.792,0.06666666666666667,0.556,0.7,1
0.236,0.792,0.07833333333333334,0.556,0.7,1
0.236,0.792,0.09,0.556,0.7,1
0.236,0.792,0.10166666666666667,0.556,0.7,1
0.236,0.792,0.11333333333333333,0.556,0.7,1
0.236,0.792,0.125,0.556,0.7,1
0.236,0.792,0.13666666666666666,0.556,0.7,1
0.236,0.792,0.14833333333333334,0.556,0.7,1
0.248,0.792,0.16,0.544,0.7,2
0.26,0.792,0.17166666666666666,0.532,0.7,2
0.272,0.792,0.18333333333333332,0.52,0.7,2
0.284,0.792,0.195,0.508,0.7,2
0.296,0.792,0.20666666666666667,0.496,0.7,2
0.308,0.792,0.21833333333333332,0.484,0.7,2
0.32,0.792,0.23,0.472,0.7,2
0.332,0.792,0.24166666666666667,0.46,0.7,2
0.344,0.792,0.25333333333333335,0.448,0.7,2
0.356,0.792,0.265,0.436,0.7,2
0.356,0.792,0.27666666666666667,0.436,0.7,1
0.356,0.792,0.28833333333333333,0.436,0.7,1
0.356,0.792,0.3,0.436,0.7,1
0.356,0.792,0.31166666666666665,0.436,0.7,1
0.356,0.792,0.3233333333333333,0.436,0.7,1
0.356,0.792,0.335,0.436,0.7,1
0.356,0.792,0.3466666666666667,0.436,0.7,1
0.356,0.792,0.35833333333333334,0.436,0.7,1
0.356,0.792,0.37,0.436,0.7,1
0.356,0.792,0.38166666666666665,0.436,0.7,1
0.356,0.792,0.3933333333333333,0.436,0.7,1
0.356,0.792,0.405,0.436,0.7,1
0.356,0.792,0.4166666666666667,0.436,0.7,1
0.356,0.792,0.42833333333333334,0.436,0.7,1
0.356,0.792,0.44,0.436,0.7,1
0.356,0.792,0.45166666666666666,0.436,0.7,1
0.356,0.792,0.4633333333333333,0.436,0.7,1
0.356,0.792,0.475,0.436,0.7,1
0.356,0.792,0.4866666666666667,0.436,0.7,1
0.356,0.792,0.49833333333333335,0.436,0.7,1
0.356,0.792,0.51,0.436,0.7,1
0.356,0.792,0.5216666666666666,0.436,0.7,1
0.356,0.792,0.5333333333333333,0.436,0.7,1
0.356,0.792,0.545,0.436,0.7,1
0.356,0.792,0.5566666666666666,0.436,0.7,1
0.356,0.792,0.5683333333333334,0.436,0.7,1
0.356,0.792,0.58,0.436,0.7,1
0.356,0.792,0.5916666666666667,0.436,0.7,1
0.356,0.792,0.6033333333333334,0.436,0.7,1
0.356,0.792,0.615,0.436,0.7,1
0.356,0.792,0.6266666666666667,0.436,0.7,1
0.356,0.792,0.6383333333333333,0.436,0.7,1
0.356,0.792,0.65,0.436,0.7,1
0.356,0.792,0.6616666666666666,0.436,0.7,1
0.356,0.792,0.6733333333333333,0.436,0.7,1
0.356,0.792,0.685,0.436,0.7,1
0.356,0.792,0.6966666666666667,0.436,0.7,1
0.356,0.792,0.7083333333333334,0.436,0.7,1
0.356,0.792,0.72,0.436,0.7,1
0.356,0.792,0.7316666666666667,0.436,0.7,1
0.356,0.792,0.7433333333333333,0.436,0.7,1
0.356,0.792,0.755,0.436,0.7,1
0.356,0.792,0.7666666666666667,0.436,0.7,1
0.356,0.792,0.7783333333333333,0.436,0.7,1
0.356,0.792,0.79,0.436,0.7,1
0.356,0.792,0.8016666666666666,0.436,0.7,1
0.356,0.792,0.8133333333333334,0.436,0.7,1
0.356,0.792,0.825,0.436,0.7,1
0.356,0.792,0.8366666666666667,0.436,0.7,1
0.356,0.792,0.8483333333333334,0.436,0.7,1
0.356,0.792,0.86,0.436,0.7,1
0.356,0.792,0.8716666666666667,0.436,0.7,1
0.356,0.792,0.8833333333333333,0.436,0.7,1
0.356,0.792,0.895,0.436,0.7,1
0.356,0.792,0.9066666666666666,0.436,0.7,1
0.356,0.792,0.9183333333333333,0.436,0.7,1
0.356,0.792,0.93,0.436,0.7,1
0.356,0.792,0.9416666666666667,0.436,0.7,1
0.356,0.792,0.9533333333333334,0.436,0.7,1
0.356,0.792,0.965,0.436,0.7,1
0.356,0.792,0.9766666666666667,0.436,0.7,1
0.356,0.792,0.9883333333333333,0.436,0.7,1
0.356,0.792,1.0,0.436,0.7,1
0.356,0.792,1.0116666666666667,0.436,0.7,1
0.356,0.048,-0.03666666666666667,-0.308,0.8,1
0.356,0.048,-0.023333333333333334,-0.308,0.8,1
0.356,0.048,-0.01,-0.308,0.8,1
0.356,0.048,0.0033333333333333335,-0.308,0.8,1
0.356,0.048,0.016666666666666666,-0.308,0.8,1
0.356,0.048,0.03,-0.308,0.8,1
0.356,0.048,0.043333333333333335,-0.308,0.8,1
0.356,0.048,0.056666666666666664,-0.308,0.8,1
0.356,0.048,0.07,-0.308,0.8,1
0.356,0.048,0.08333333333333333,-0.308,0.8,1
0.356,0.048,0.09666666666666666,-0.308,0.8,1
0.356,0.048,0.11,-0.308,0.8,1
0.356,0.048,0.12333333333333334,-0.308,0.8,1
0.356,0.048,0.13666666666666666,-0.308,0.8,1
0.356,0.048,0.15,-0.308,0.8,1
0.356,0.048,0.16333333333333333,-0.308,0.8,1
0.356,0.048,0.17666666666666667,-0.308,0.8,1
0.356,0.048,0.19,-0.308,0.8,1
0.356,0.048,0.20333333333333334,-0.308,0.8,1
0.356,0.048,0.21666666666666667,-0.308,0.8,1
0.356,0.048,0.23,-0.308,0.8,1
0.356,0.048,0.24333333333333335,-0.308,0.8,1
0.356,0.048,0.25666666666666665,-0.308,0.8,1
0.356,0.048,0.27,-0.308,0.8,1
0.356,0.048,0.2833333333333333,-0.308,0.8,1
0.356,0.048,0.2966666666666667,-0.308,0.8,1
0.356,0.048,0.31,-0.308,0.8,1
0.356,0.048,0.3233333333333333,-0.308,0.8,1
0.356,0.048,0.33666666666666667,-0.308,0.8,1
0.356,0.048,0.35,-0.308,0.8,1
0.356,0.048,0.36333333333333334,-0.308,0.8,1
0.356,0.048,0.37666666666666665,-0.308,0.8,1
0.356,0.048,0.39,-0.308,0.8,1
0.356,0.048,0.4033333333333333,-0.308,0.8,1
0.356,0.048,0.4166666666666667,-0.308,0.8,1
0.356,0.048,0.43,-0.308,0.8,1
0.356,0.048,0.44333333333333336,-0.308,0.8,1
0.356,0.048,0.45666666666666667,-0.308,0.8,1
0.356,0.048,0.47,-0.308,0.8,1
0.356,0.048,0.48333333333333334,-0.308,0.8,1
0.356,0.048,0.49666666666666665,-0.308,0.8,1
0.356,0.048,0.51,-0.308,0.8,1
0.368,0.048,0.5233333333333333,-0.32,0.8,2
0.38,0.048,0.5366666666666666,-0.332,0.8,2
0.392,0.048,0.55,-0.344,0.8,2
0.404,0.048,0.5633333333333334,-0.356,0.8,2
0.416,0.048,0.5766666666666667,-0.368,0.8,2
0.428,0.048,0.59,-0.38,0.8,2
0.44,0.048,0.6033333333333334,-0.392,0.8,2
0.452,0.048,0.6166666666666667,-0.404,0.8,2
0.464,0.048,0.63,-0.416,0.8,2
0.476,0.048,0.6433333333333333,-0.428,0.8,2
0.488,0.048,0.6566666666666666,-0.44,0.8,2
0.5,0.048,0.67,-0.452,0.8,2
0.512,0.048,0.6833333333333333,-0.464,0.8,2
0.512,0.048,0.6966666666666667,-0.464,0.8,1
0.512,0.048,0.71,-0.464,0.8,1
0.512,0.048,0.7233333333333334,-0.464,0.8,1
0.512,0.048,0.7366666666666667,-0.464,0.8,1
0.512,0.048,0.75,-0.464,0.8,1
0.512,0.048,0.7633333333333333,-0.464,0.8,1
0.512,0.048,0.7766666666666666,-0.464,0.8,1
0.512,0.048,0.79,-0.464,0.8,1
0.512,0.048,0.8033333333333333,-0.464,0.8,1
0.512,0.048,0.8166666666666667,-0.464,0.8,1
0.512,0.048,0.83,-0.464,0.8,1
0.512,0.048,0.8433333333333334,-0.464,0.8,1
0.512,0.048,0.8566666666666667,-0.464,0.8,1
0.512,0.048,0.87,-0.464,0.8,1
0.512,0.048,0.8833333333333333,-0.464,0.8,1
0.512,0.048,0.8966666666666666,-0.464,0.8,1
0.512,0.048,0.91,-0.464,0.8,1
0.512,0.048,0.9233333333333333,-0.464,0.8,1
0.512,0.048,0.9366666666666666,-0.464,0.8,1
0.512,0.048,0.95,-0.464,0.8,1
0.512,0.048,0.9633333333333334,-0.464,0.8,1
0.512,0.048,0.9766666666666667,-0.464,0.8,1
0.512,0.048,0.99,-0.464,0.8,1
0.512,0.048,1.0033333333333334,-0.464,0.8,1
0.512,0.366,-0.03666666666666667,-0.146,0.8,1
0.512,0.366,-0.023333333333333334,-0.146,0.8,1
0.512,0.366,-0.01,-0.146,0.8,1
0.512,0.366,0.0033333333333333335,-0.146,0.8,1
0.512,0.366,0.016666666666666666,-0.146,0.8,1
0.512,0.366,0.03,-0.146,0.8,1
0.512,0.366,0.043333333333333335,-0.146,0.8,1
0.512,0.366,0.056666666666666664,-0.146,0.8,1
0.512,0.366,0.07,-0.146,0.8,1
0.512,0.366,0.08333333333333333,-0.146,0.8,1
0.512,0.366,0.09666666666666666,-0.146,0.8,1
0.512,0.366,0.11,-0.146,0.8,1
0.512,0.366,0.12333333333333334,-0.146,0.8,1
0.512,0.366,0.13666666666666666,-0.146,0.8,1
0.512,0.366,0.15,-0.146,0.8,1
0.512,0.366,0.16333333333333333,-0.146,0.8,1
0.512,0.366,0.17666666666666667,-0.146,0.8,1
0.512,0.366,0.19,-0.146,0.8,1
0.512,0.366,0.20333333333333334,-0.146,0.8,1
0.512,0.366,0.21666666666666667,-0.146,0.8,1
0.512,0.366,0.23,-0.146,0.8,1
0.512,0.366,0.24333333333333335,-0.146,0.8,1
0.512,0.366,0.25666666666666665,-0.146,0.8,1
0.512,0.366,0.27,-0.146,0.8,1
0.512,0.366,0.2833333333333333,-0.146,0.8,1
0.512,0.366,0.2966666666666667,-0.146,0.8,1
0.512,0.366,0.31,-0.146,0.8,1
0.512,0.366,0.3233333333333333,-0.146,0.8,1
0.512,0.366,0.33666666666666667,-0.146,0.8,1
0.524,0.366,0.35,-0.158,0.8,2
0.536,0.366,0.36333333333333334,-0.17,0.8,2
0.548,0.366,0.37666666666666665,-0.182,0.8,2
0.56,0.366,0.39,-0.194,0.8,2
0.572,0.366,0.4033333333333333,-0.206,0.8,2
0.584,0.366,0.4166666666666667,-0.218,0.8,2
0.596,0.366,0.43,-0.23,0.8,2
0.608,0.366,0.44333333333333336,-0.242,0.8,2
0.62,0.366,0.45666666666666667,-0.254,0.8,2
0.632,0.366,0.47,-0.266,0.8,2
0.644,0.366,0.48333333333333334,-0.278,0.8,2
0.656,0.366,0.49666666666666665,-0.29,0.8,2
0.656,0.366,0.51,-0.29,0.8,1
0.656,0.366,0.5233333333333333,-0.29,0.8,1
0.656,0.366,0.5366666666666666,-0.29,0.8,1
0.656,0.366,0.55,-0.29,0.8,1
0.656,0.366,0.5633333333333334,-0.29,0.8,1
0.656,0.366,0.5766666666666667,-0.29,0.8,1
0.656,0.366,0.59,-0.29,0.8,1
0.656,0.366,0.6033333333333334,-0.29,0.8,1
0.656,0.366,0.6166666666666667,-0.29,0.8,1
0.656,0.366,0.63,-0.29,0.8,1
0.656,0.366,0.6433333333333333,-0.29,0.8,1
0.656,0.366,0.6566666666666666,-0.29,0.8,1
0.656,0.366,0.67,-0.29,0.8,1
0.656,0.366,0.6833333333333333,-0.29,0.8,1
0.656,0.366,0.6966666666666667,-0.29,0.8,1
0.656,0.366,0.71,-0.29,0.8,1
0.656,0.366,0.7233333333333334,-0.29,0.8,1
0.656,0.366,0.7366666666666667,-0.29,0.8,1
0.656,0.366,0.75,-0.29,0.8,1
0.656,0.366,0.7633333333333333,-0.29,0.8,1
0.656,0.366,0.7766666666666666,-0.29,0.8,1
0.656,0.366,0.79,-0.29,0.8,1
0.656,0.366,0.8033333333333333,-0.29,0.8,1
0.656,0.366,0.8166666666666667,-0.29,0.8,1
0.656,0.366,0.83,-0.29,0.8,1
0.656,0.366,0.8433333333333334,-0.29,0.8,1
0.656,0.366,0.8566666666666667,-0.29,0.8,1
0.656,0.366,0.87,-0.29,0.8,1
0.656,0.366,0.8833333333333333,-0.29,0.8,1
0.656,0.366,0.8966666666666666,-0.29,0.8,1
0.656,0.366,0.91,-0.29,0.8,1
0.656,0.366,0.9233333333333333,-0.29,0.8,1
0.656,0.366,0.9366666666666666,-0.29,0.8,1
0.656,0.366,0.95,-0.29,0.8,1
0.656,0.366,0.9633333333333334,-0.29,0.8,1
0.656,0.366,0.9766666666666667,-0.29,0.8,1
0.656,0.366,0.99,-0.29,0.8,1
0.656,0.366,1.0033333333333334,-0.29,0.8,1
0.656,0.644,-0.03666666666666667,-0.012,0.8,1
0.656,0.644,-0.023333333333333334,-0.012,0.8,1
0.656,0.644,-0.01,-0.012,0.8,1
0.656,0.644,0.0033333333333333335,-0.012,0.8,1
0.656,0.644,0.016666666666666666,-0.012,0.8,1
0.656,0.644,0.03,-0.012,0.8,1
0.656,0.644,0.043333333333333335,-0.012,0.8,1
0.656,0.644,0.056666666666666664,-0.012,0.8,1
0.656,0.644,0.07,-0.012,0.8,1
0.656,0.644,0.08333333333333333,-0.012,0.8,1
0.656,0.644,0.09666666666666666,-0.012,0.8,1
0.656,0.644,0.11,-0.012,0.8,1
0.656,0.644,0.12333333333333334,-0.012,0.8,1
0.656,0.644,0.13666666666666666,-0.012,0.8,1
0.656,0.644,0.15,-0.012,0.8,1
0.656,0.644,0.16333333333333333,-0.012,0.8,1
0.656,0.644,0.17666666666666667,-0.012,0.8,1
0.656,0.644,0.19,-0.012,0.8,1
0.656,0.644,0.20333333333333334,-0.012,0.8,1
0.656,0.644,0.21666666666666667,-0.012,0.8,1
0.656,0.644,0.23,-0.012,0.8,1
0.656,0.644,0.24333333333333335,-0.012,0.8,1
0.656,0.644,0.25666666666666665,-0.012,0.8,1
0.656,0.644,0.27,-0.012,0.8,1
0.656,0.644,0.2833333333333333,-0.012,0.8,1
0.656,0.644,0.2966666666666667,-0.012,0.8,1
0.656,0.644,0.31,-0.012,0.8,1
0.656,0.644,0.3233333333333333,-0.012,0.8,1
0.656,0.644,0.33666666666666667,-0.012,0.8,1
0.644,0.644,0.35,0.0,0.8,0
0.632,0.644,0.36333333333333334,0.012,0.8,0
0.62,0.644,0.37666666666666665,0.024,0.8,0
0.62,0.644,0.39,0.024,0.8,1
0.62,0.644,0.4033333333333333,0.024,0.8,1
0.62,0.644,0.4166666666666667,0.024,0.8,1
0.62,0.644,0.43,0.024,0.8,1
0.62,0.644,0.44333333333333336,0.024,0.8,1
0.62,0.644,0.45666666666666667,0.024,0.8,1
0.608,0.644,0.47,0.036,0.8,0
0.596,0.644,0.48333333333333334,0.048,0.8,0
0.584,0.644,0.49666666666666665,0.06,0.8,0
0.572,0.644,0.51,0.072,0.8,0
0.56,0.644,0.5233333333333333,0.084,0.8,0
0.548,0.644,0.5366666666666666,0.096,0.8,0
0.536,0.644,0.55,0.108,0.8,0
0.524,0.644,0.5633333333333334,0.12,0.8,0
0.512,0.644,0.5766666666666667,0.132,0.8,0
0.5,0.644,0.59,0.144,0.8,0
0.488,0.644,0.6033333333333334,0.156,0.8,0
0.476,0.644,0.6166666666666667,0.168,0.8,0
0.464,0.644,0.63,0.18,0.8,0
0.452,0.644,0.6433333333333333,0.192,0.8,0
0.44,0.644,0.6566666666666666,0.204,0.8,0
0.428,0.644,0.67,0.216,0.8,0
0.416,0.644,0.6833333333333333,0.228,0.8,0
0.404,0.644,0.6966666666666667,0.24,0.8,0
0.392,0.644,0.71,0.252,0.8,0
0.38,0.644,0.7233333333333334,0.264,0.8,0
0.368,0.644,0.7366666666666667,0.276,0.8,0
0.356,0.644,0.75,0.288,0.8,0
0.344,0.644,0.7633333333333333,0.3,0.8,0
0.332,0.644,0.7766666666666666,0.312,0.8,0
0.332,0.644,0.79,0.312,0.8,1
0.332,0.644,0.8033333333333333,0.312,0.8,1
0.332,0.644,0.8166666666666667,0.312,0.8,1
0.332,0.644,0.83,0.312,0.8,1
0.332,0.644,0.8433333333333334,0.312,0.8,1
0.332,0.644,0.8566666666666667,0.312,0.8,1
0.332,0.644,0.87,0.312,0.8,1
0.332,0.644,0.8833333333333333,0.312,0.8,1
0.332,0.644,0.8966666666666666,0.312,0.8,1
0.332,0.644,0.91,0.312,0.8,1
0.332,0.644,0.9233333333333333,0.312,0.8,1
0.332,0.644,0.9366666666666666,0.312,0.8,1
0.332,0.644,0.95,0.312,0.8,1
0.332,0.644,0.9633333333333334,0.312,0.8,1
0.332,0.644,0.9766666666666667,0.312,0.8,1
0.332,0.644,0.99,0.312,0.8,1
0.332,0.644,1.0033333333333334,0.312,0.8,1
0.332,0.132,-0.03666666666666667,-0.2,0.8,1
0.332,0.132,-0.023333333333333334,-0.2,0.8,1
0.332,0.132,-0.01,-0.2,0.8,1
0.332,0.132,0.0033333333333333335,-0.2,0.8,1
0.332,0.132,0.016666666666666666,-0.2,0.8,1
0.332,0.132,0.03,-0.2,0.8,1
0.332,0.132,0.043333333333333335,-0.2,0.8,1
0.332,0.132,0.056666666666666664,-0.2,0.8,1
0.332,0.132,0.07,-0.2,0.8,1
0.332,0.132,0.08333333333333333,-0.2,0.8,1
0.332,0.132,0.09666666666666666,-0.2,0.8,1
0.332,0.132,0.11,-0.2,0.8,1
0.332,0.132,0.12333333333333334,-0.2,0.8,1
0.332,0.132,0.13666666666666666,-0.2,0.8,1
0.332,0.132,0.15,-0.2,0.8,1
0.332,0.132,0.16333333333333333,-0.2,0.8,1
0.332,0.132,0.17666666666666667,-0.2,0.8,1
0.332,0.132,0.19,-0.2,0.8,1
0.332,0.132,0.20333333333333334,-0.2,0.8,1
0.332,0.132,0.21666666666666667,-0.2,0.8,1
0.332,0.132,0.23,-0.2,0.8,1
0.344,0.132,0.24333333333333335,-0.212,0.8,2
0.356,0.132,0.25666666666666665,-0.224,0.8,2
0.368,0.132,0.27,-0.236,0.8,2
0.38,0.132,0.2833333333333333,-0.248,0.8,2
0.392,0.132,0.2966666666666667,-0.26,0.8,2
0.404,0.132,0.31,-0.272,0.8,2
0.416,0.132,0.3233333333333333,-0.284,0.8,2
0.428,0.132,0.33666666666666667,-0.296,0.8,2
0.44,0.132,0.35,-0.308,0.8,2
0.452,0.132,0.36333333333333334,-0.32,0.8,2
0.464,0.132,0.37666666666666665,-0.332,0.8,2
0.476,0.132,0.39,-0.344,0.8,2
0.488,0.132,0.4033333333333333,-0.356,0.8,2
0.5,0.132,0.4166666666666667,-0.368,0.8,2
0.5,0.132,0.43,-0.368,0.8,1
0.5,0.132,0.44333333333333336,-0.368,0.8,1
0.5,0.132,0.45666666666666667,-0.368,0.8,1
0.5,0.132,0.47,-0.368,0.8,1
0.5,0.132,0.48333333333333334,-0.368,0.8,1
0.5,0.132,0.49666666666666665,-0.368,0.8,1
0.5,0.132,0.51,-0.368,0.8,1
0.5,0.132,0.5233333333333333,-0.368,0.8,1
0.5,0.132,0.5366666666666666,-0.368,0.8,1
0.5,0.132,0.55,-0.368,0.8,1
0.5,0.132,0.5633333333333334,-0.368,0.8,1
0.5,0.132,0.5766666666666667,-0.368,0.8,1
0.5,0.132,0.59,-0.368,0.8,1
0.5,0.132,0.6033333333333334,-0.368,0.8,1
0.5,0.132,0.6166666666666667,-0.368,0.8,1
0.5,0.132,0.63,-0.368,0.8,1
0.5,0.132,0.6433333333333333,-0.368,0.8,1
0.5,0.132,0.6566666666666666,-0.368,0.8,1
0.5,0.132,0.67,-0.368,0.8,1
0.5,0.132,0.6833333333333333,-0.368,0.8,1
0.5,0.132,0.6966666666666667,-0.368,0.8,1
0.5,0.132,0.71,-0.368,0.8,1
0.5,0.132,0.7233333333333334,-0.368,0.8,1
0.5,0.132,0.7366666666666667,-0.368,0.8,1
0.5,0.132,0.75,-0.368,0.8,1
0.5,0.132,0.7633333333333333,-0.368,0.8,1
0.5,0.132,0.7766666666666666,-0.368,0.8,1
0.5,0.132,0.79,-0.368,0.8,1
0.5,0.132,0.8033333333333333,-0.368,0.8,1
0.5,0.132,0.8166666666666667,-0.368,0.8,1
0.5,0.132,0.83,-0.368,0.8,1
0.5,0.132,0.8433333333333334,-0.368,0.8,1
0.512,0.132,0.8566666666666667,-0.38,0.8,2
0.524,0.132,0.87,-0.392,0.8,2
0.536,0.132,0.8833333333333333,-0.404,0.8,2
0.548,0.132,0.8966666666666666,-0.416,0.8,2
0.56,0.132,0.91,-0.428,0.8,2
0.572,0.132,0.9233333333333333,-0.44,0.8,2
0.584,0.132,0.9366666666666666,-0.452,0.8,2
0.596,0.132,0.95,-0.464,0.8,2
0.596,0.132,0.9633333333333334,-0.464,0.8,1
0.596,0.132,0.9766666666666667,-0.464,0.8,1
0.596,0.132,0.99,-0.464,0.8,1
0.596,0.132,1.0033333333333334,-0.464,0.8,1
0.596,0.054,-0.04,-0.542,0.6,1
0.596,0.054,-0.03,-0.542,0.6,1
0.596,0.054,-0.02,-0.542,0.6,1
0.596,0.054,-0.01,-0.542,0.6,1
0.596,0.054,0.0,-0.542,0.6,1
0.596,0.054,0.01,-0.542,0.6,1
0.596,0.054,0.02,-0.542,0.6,1
0.596,0.054,0.03,-0.542,0.6,1
0.596,0.054,0.04,-0.542,0.6,1
0.596,0.054,0.05,-0.542,0.6,1
0.596,0.054,0.06,-0.542,0.6,1
0.596,0.054,0.07,-0.542,0.6,1
0.596,0.054,0.08,-0.542,0.6,1
0.596,0.054,0.09,-0.542,0.6,1
0.596,0.054,0.1,-0.542,0.6,1
0.596,0.054,0.11,-0.542,0.6,1
0.596,0.054,0.12,-0.542,0.6,1
0.596,0.054,0.13,-0.542,0.6,1
0.596,0.054,0.14,-0.542,0.6,1
0.596,0.054,0.15,-0.542,0.6,1
0.596,0.054,0.16,-0.542,0.6,1
0.596,0.054,0.17,-0.542,0.6,1
0.596,0.054,0.18,-0.542,0.6,1
0.596,0.054,0.19,-0.542,0.6,1
0.596,0.054,0.2,-0.542,0.6,1
0.596,0.054,0.21,-0.542,0.6,1
0.596,0.054,0.22,-0.542,0.6,1
0.596,0.054,0.23,-0.542,0.6,1
0.596,0.054,0.24,-0.542,0.6,1
0.596,0.054,0.25,-0.542,0.6,1
0.596,0.054,0.26,-0.542,0.6,1
0.596,0.054,0.27,-0.542,0.6,1
0.596,0.054,0.28,-0.542,0.6,1
0.596,0.054,0.29,-0.542,0.6,1
0.596,0.054,0.3,-0.542,0.6,1
0.596,0.054,0.31,-0.542,0.6,1
0.596,0.054,0.32,-0.542,0.6,1
0.596,0.054,0.33,-0.542,0.6,1
0.596,0.054,0.34,-0.542,0.6,1
0.596,0.054,0.35,-0.542,0.6,1
0.596,0.054,0.36,-0.542,0.6,1
0.596,0.054,0.37,-0.542,0.6,1
0.596,0.054,0.38,-0.542,0.6,1
0.596,0.054,0.39,-0.542,0.6,1
0.596,0.054,0.4,-0.542,0.6,1
0.596,0.054,0.41,-0.542,0.6,1
0.596,0.054,0.42,-0.542,0.6,1
0.596,0.054,0.43,-0.542,0.6,1
0.596,0.054,0.44,-0.542,0.6,1
0.596,0.054,0.45,-0.542,0.6,1
0.596,0.054,0.46,-0.542,0.6,1
0.596,0.054,0.47,-0.542,0.6,1
0.596,0.054,0.48,-0.542,0.6,1
0.596,0.054,0.49,-0.542,0.6,1
0.596,0.054,0.5,-0.542,0.6,1
0.596,0.054,0.51,-0.542,0.6,1
0.596,0.054,0.52,-0.542,0.6,1
0.596,0.054,0.53,-0.542,0.6,1
0.596,0.054,0.54,-0.542,0.6,1
0.596,0.054,0.55,-0.542,0.6,1
0.596,0.054,0.56,-0.542,0.6,1
0.596,0.054,0.57,-0.542,0.6,1
0.596,0.054,0.58,-0.542,0.6,1
0.596,0.054,0.59,-0.542,0.6,1
0.596,0.054,0.6,-0.542,0.6,1
0.596,0.054,0.61,-0.542,0.6,1
0.596,0.054,0.62,-0.542,0.6,1
0.596,0.054,0.63,-0.542,0.6,1
0.596,0.054,0.64,-0.542,0.6,1
0.596,0.054,0.65,-0.542,0.6,1
0.596,0.054,0.66,-0.542,0.6,1
0.596,0.054,0.67,-0.542,0.6,1
0.596,0.054,0.68,-0.542,0.6,1
0.596,0.054,0.69,-0.542,0.6,1
0.596,0.054,0.7,-0.542,0.6,1
0.596,0.054,0.71,-0.542,0.6,1
0.596,0.054,0.72,-0.542,0.6,1
0.596,0.054,0.73,-0.542,0.6,1
0.596,0.054,0.74,-0.542,0.6,1
0.596,0.054,0.75,-0.542,0.6,1
0.596,0.054,0.76,-0.542,0.6,1
0.596,0.054,0.77,-0.542,0.6,1
0.596,0.054,0.78,-0.542,0.6,1
0.596,0.054,0.79,-0.542,0.6,1
0.596,0.054,0.8,-0.542,0.6,1
0.596,0.054,0.81,-0.542,0.6,1
0.596,0.054,0.82,-0.542,0.6,1
0.596,0.054,0.83,-0.542,0.6,1
0.596,0.054,0.84,-0.542,0.6,1
0.596,0.054,0.85,-0.542,0.6,1
0.596,0.054,0.86,-0.542,0.6,1
0.596,0.054,0.87,-0.542,0.6,1
0.596,0.054,0.88,-0.542,0.6,1
0.596,0.054,0.89,-0.542,0.6,1
0.596,0.054,0.9,-0.542,0.6,1
0.596,0.054,0.91,-0.542,0.6,1
0.596,0.054,0.92,-0.542,0.6,1
0.596,0.054,0.93,-0.542,0.6,1
0.596,0.054,0.94,-0.542,0.6,1
0.596,0.054,0.95,-0.542,0.6,1
0.596,0.054,0.96,-0.542,0.6,1
0.596,0.054,0.97,-0.542,0.6,1
0.596,0.054,0.98,-0.542,0.6,1
0.596,0.054,0.99,-0.542,0.6,1
0.596,0.054,1.0,-0.542,0.6,1
0.596,0.054,1.01,-0.542,0.6,1
0.596,0.484,-0.04,-0.112,0.6,1
0.596,0.484,-0.03,-0.112,0.6,1
0.596,0.484,-0.02,-0.112,0.6,1
0.596,0.484,-0.01,-0.112,0.6,1
0.596,0.484,0.0,-0.112,0.6,1
0.596,0.484,0.01,-0.112,0.6,1
0.596,0.484,0.02,-0.112,0.6,1
0.596,0.484,0.03,-0.112,0.6,1
0.596,0.484,0.04,-0.112,0.6,1
0.596,0.484,0.05,-0.112,0.6,1
0.596,0.484,0.06,-0.112,0.6,1
0.596,0.484,0.07,-0.112,0.6,1
0.596,0.484,0.08,-0.112,0.6,1
0.596,0.484,0.09,-0.112,0.6,1
0.596,0.484,0.1,-0.112,0.6,1
0.596,0.484,0.11,-0.112,0.6,1
0.596,0.484,0.12,-0.112,0.6,1
0.596,0.484,0.13,-0.112,0.6,1
0.596,0.484,0.14,-0.112,0.6,1
0.596,0.484,0.15,-0.112,0.6,1
0.596,0.484,0.16,-0.112,0.6,1
0.596,0.484,0.17,-0.112,0.6,1
0.596,0.484,0.18,-0.112,0.6,1
0.596,0.484,0.19,-0.112,0.6,1
0.596,0.484,0.2,-0.112,0.6,1
0.596,0.484,0.21,-0.112,0.6,1
0.596,0.484,0.22,-0.112,0.6,1
0.596,0.484,0.23,-0.112,0.6,1
0.596,0.484,0.24,-0.112,0.6,1
0.608,0.484,0.25,-0.124,0.6,2
0.62,0.484,0.26,-0.136,0.6,2
0.632,0.484,0.27,-0.148,0.6,2
0.644,0.484,0.28,-0.16,0.6,2
0.656,0.484,0.29,-0.172,0.6,2
0.668,0.484,0.3,-0.184,0.6,2
0.68,0.484,0.31,-0.196,0.6,2
0.692,0.484,0.32,-0.208,0.6,2
0.704,0.484,0.33,-0.22,0.6,2
0.716,0.484,0.34,-0.232,0.6,2
0.728,0.484,0.35,-0.244,0.6,2
0.74,0.484,0.36,-0.256,0.6,2
0.752,0.484,0.37,-0.268,0.6,2
0.764,0.484,0.38,-0.28,0.6,2
0.776,0.484,0.39,-0.292,0.6,2
0.776,0.484,0.4,-0.292,0.6,1
0.776,0.484,0.41,-0.292,0.6,1
0.776,0.484,0.42,-0.292,0.6,1
0.776,0.484,0.43,-0.292,0.6,1
0.776,0.484,0.44,-0.292,0.6,1
0.776,0.484,0.45,-0.292,0.6,1
0.776,0.484,0.46,-0.292,0.6,1
0.776,0.484,0.47,-0.292,0.6,1
0.776,0.484,0.48,-0.292,0.6,1
0.776,0.484,0.49,-0.292,0.6,1
0.776,0.484,0.5,-0.292,0.6,1
0.776,0.484,0.51,-0.292,0.6,1
0.776,0.484,0.52,-0.292,0.6,1
0.776,0.484,0.53,-0.292,0.6,1
0.776,0.484,0.54,-0.292,0.6,1
0.776,0.484,0.55,-0.292,0.6,1
0.776,0.484,0.56,-0.292,0.6,1
0.776,0.484,0.57,-0.292,0.6,1
0.776,0.484,0.58,-0.292,0.6,1
0.776,0.484,0.59,-0.292,0.6,1
0.776,0.484,0.6,-0.292,0.6,1
0.776,0.484,0.61,-0.292,0.6,1
0.776,0.484,0.62,-0.292,0.6,1
0.776,0.484,0.63,-0.292,0.6,1
0.776,0.484,0.64,-0.292,0.6,1
0.776,0.484,0.65,-0.292,0.6,1
0.776,0.484,0.66,-0.292,0.6,1
0.776,0.484,0.67,-0.292,0.6,1
0.776,0.484,0.68,-0.292,0.6,1
0.776,0.484,0.69,-0.292,0.6,1
0.776,0.484,0.7,-0.292,0.6,1
0.776,0.484,0.71,-0.292,0.6,1
0.776,0.484,0.72,-0.292,0.6,1
0.776,0.484,0.73,-0.292,0.6,1
0.776,0.484,0.74,-0.292,0.6,1
0.776,0.484,0.75,-0.292,0.6,1
0.776,0.484,0.76,-0.292,0.6,1
0.776,0.484,0.77,-0.292,0.6,1
0.776,0.484,0.78,-0.292,0.6,1
0.776,0.484,0.79,-0.292,0.6,1
0.776,0.484,0.8,-0.292,0.6,1
0.776,0.484,0.81,-0.292,0.6,1
0.776,0.484,0.82,-0.292,0.6,1
0.776,0.484,0.83,-0.292,0.6,1
0.776,0.484,0.84,-0.292,0.6,1
0.776,0.484,0.85,-0.292,0.6,1
0.776,0.484,0.86,-0.292,0.6,1
0.776,0.484,0.87,-0.292,0.6,1
0.776,0.484,0.88,-0.292,0.6,1
0.776,0.484,0.89,-0.292,0.6,1
0.776,0.484,0.9,-0.292,0.6,1
0.776,0.484,0.91,-0.292,0.6,1
0.776,0.484,0.92,-0.292,0.6,1
0.776,0.484,0.93,-0.292,0.6,1
0.776,0.484,0.94,-0.292,0.6,1
0.776,0.484,0.95,-0.292,0.6,1
0.776,0.484,0.96,-0.292,0.6,1
0.776,0.484,0.97,-0.292,0.6,1
0.776,0.484,0.98,-0.292,0.6,1
0.776,0.484,0.99,-0.292,0.6,1
0.776,0.484,1.0,-0.292,0.6,1
0.776,0.484,1.01,-0.292,0.6,1
0.776,0.216,-0.041666666666666664,-0.56,0.5,1
0.776,0.216,-0.03333333333333333,-0.56,0.5,1
0.776,0.216,-0.025,-0.56,0.5,1
0.776,0.216,-0.016666666666666666,-0.56,0.5,1
0.776,0.216,-0.008333333333333333,-0.56,0.5,1
0.776,0.216,0.0,-0.56,0.5,1
0.776,0.216,0.008333333333333333,-0.56,0.5,1
0.776,0.216,0.016666666666666666,-0.56,0.5,1
0.776,0.216,0.025,-0.56,0.5,1
0.776,0.216,0.03333333333333333,-0.56,0.5,1
0.776,0.216,0.041666666666666664,-0.56,0.5,1
0.776,0.216,0.05,-0.56,0.5,1
0.776,0.216,0.058333333333333334,-0.56,0.5,1
0.776,0.216,0.06666666666666667,-0.56,0.5,1
0.764,0.216,0.075,-0.548,0.5,0
0.752,0.216,0.08333333333333333,-0.536,0.5,0
0.74,0.216,0.09166666666666666,-0.524,0.5,0
0.728,0.216,0.1,-0.512,0.5,0
0.716,0.216,0.10833333333333334,-0.5,0.5,0
0.704,0.216,0.11666666666666667,-0.488,0.5,0
0.692,0.216,0.125,-0.476,0.5,0
0.68,0.216,0.13333333333333333,-0.464,0.5,0
0.668,0.216,0.14166666666666666,-0.452,0.5,0
0.656,0.216,0.15,-0.44,0.5,0
0.656,0.216,0.15833333333333333,-0.44,0.5,1
0.656,0.216,0.16666666666666666,-0.44,0.5,1
0.656,0.216,0.175,-0.44,0.5,1
0.656,0.216,0.18333333333333332,-0.44,0.5,1
0.656,0.216,0.19166666666666668,-0.44,0.5,1
0.656,0.216,0.2,-0.44,0.5,1
0.656,0.216,0.20833333333333334,-0.44,0.5,1
0.656,0.216,0.21666666666666667,-0.44,0.5,1
0.656,0.216,0.225,-0.44,0.5,1
0.656,0.216,0.23333333333333334,-0.44,0.5,1
0.656,0.216,0.24166666666666667,-0.44,0.5,1
0.656,0.216,0.25,-0.44,0.5,1
0.644,0.216,0.25833333333333336,-0.428,0.5,0
0.632,0.216,0.26666666666666666,-0.416,0.5,0
0.62,0.216,0.275,-0.404,0.5,0
0.608,0.216,0.2833333333333333,-0.392,0.5,0
0.596,0.216,0.2916666666666667,-0.38,0.5,0
0.584,0.216,0.3,-0.368,0.5,0
0.572,0.216,0.30833333333333335,-0.356,0.5,0
0.56,0.216,0.31666666666666665,-0.344,0.5,0
0.56,0.216,0.325,-0.344,0.5,1
0.56,0.216,0.3333333333333333,-0.344,0.5,1
0.56,0.216,0.3416666666666667,-0.344,0.5,1
0.56,0.216,0.35,-0.344,0.5,1
0.56,0.216,0.35833333333333334,-0.344,0.5,1
0.56,0.216,0.36666666666666664,-0.344,0.5,1
0.56,0.216,0.375,-0.344,0.5,1
0.56,0.216,0.38333333333333336,-0.344,0.5,1
0.56,0.216,0.39166666666666666,-0.344,0.5,1
0.56,0.216,0.4,-0.344,0.5,1
0.56,0.216,0.4083333333333333,-0.344,0.5,1
0.548,0.216,0.4166666666666667,-0.332,0.5,0
0.536,0.216,0.425,-0.32,0.5,0
0.524,0.216,0.43333333333333335,-0.308,0.5,0
0.512,0.216,0.44166666666666665,-0.296,0.5,0
0.5,0.216,0.45,-0.284,0.5,0
0.5,0.216,0.4583333333333333,-0.284,0.5,1
0.5,0.216,0.4666666666666667,-0.284,0.5,1
0.5,0.216,0.475,-0.284,0.5,1
0.5,0.216,0.48333333333333334,-0.284,0.5,1
0.5,0.216,0.49166666666666664,-0.284,0.5,1
0.5,0.216,0.5,-0.284,0.5,1
0.5,0.216,0.5083333333333333,-0.284,0.5,1
0.5,0.216,0.5166666666666667,-0.284,0.5,1
0.5,0.216,0.525,-0.284,0.5,1
0.512,0.216,0.5333333333333333,-0.296,0.5,2
0.524,0.216,0.5416666666666666,-0.308,0.5,2
0.536,0.216,0.55,-0.32,0.5,2
0.548,0.216,0.5583333333333333,-0.332,0.5,2
0.56,0.216,0.5666666666666667,-0.344,0.5,2
0.572,0.216,0.575,-0.356,0.5,2
0.584,0.216,0.5833333333333334,-0.368,0.5,2
0.596,0.216,0.5916666666666667,-0.38,0.5,2
0.608,0.216,0.6,-0.392,0.5,2
0.62,0.216,0.6083333333333333,-0.404,0.5,2
0.632,0.216,0.6166666666666667,-0.416,0.5,2
0.644,0.216,0.625,-0.428,0.5,2
0.644,0.216,0.6333333333333333,-0.428,0.5,1
0.644,0.216,0.6416666666666667,-0.428,0.5,1
0.644,0.216,0.65,-0.428,0.5,1
0.644,0.216,0.6583333333333333,-0.428,0.5,1
0.644,0.216,0.6666666666666666,-0.428,0.5,1
0.644,0.216,0.675,-0.428,0.5,1
0.644,0.216,0.6833333333333333,-0.428,0.5,1
0.644,0.216,0.6916666666666667,-0.428,0.5,1
0.644,0.216,0.7,-0.428,0.5,1
0.644,0.216,0.7083333333333334,-0.428,0.5,1
0.644,0.216,0.7166666666666667,-0.428,0.5,1
0.644,0.216,0.725,-0.428,0.5,1
0.644,0.216,0.7333333333333333,-0.428,0.5,1
0.644,0.216,0.7416666666666667,-0.428,0.5,1
0.644,0.216,0.75,-0.428,0.5,1
0.644,0.216,0.7583333333333333,-0.428,0.5,1
0.644,0.216,0.7666666666666667,-0.428,0.5,1
0.644,0.216,0.775,-0.428,0.5,1
0.644,0.216,0.7833333333333333,-0.428,0.5,1
0.644,0.216,0.7916666666666666,-0.428,0.5,1
0.644,0.216,0.8,-0.428,0.5,1
0.644,0.216,0.8083333333333333,-0.428,0.5,1
0.632,0.216,0.8166666666666667,-0.416,0.5,0
0.62,0.216,0.825,-0.404,0.5,0
0.608,0.216,0.8333333333333334,-0.392,0.5,0
0.596,0.216,0.8416666666666667,-0.38,0.5,0
0.584,0.216,0.85,-0.368,0.5,0
0.572,0.216,0.8583333333333333,-0.356,0.5,0
0.56,0.216,0.8666666666666667,-0.344,0.5,0
0.548,0.216,0.875,-0.332,0.5,0
0.548,0.216,0.8833333333333333,-0.332,0.5,1
0.548,0.216,0.8916666666666667,-0.332,0.5,1
0.548,0.216,0.9,-0.332,0.5,1
0.548,0.216,0.9083333333333333,-0.332,0.5,1
0.548,0.216,0.9166666666666666,-0.332,0.5,1
0.548,0.216,0.925,-0.332,0.5,1
0.548,0.216,0.9333333333333333,-0.332,0.5,1
0.548,0.216,0.9416666666666667,-0.332,0.5,1
0.548,0.216,0.95,-0.332,0.5,1
0.548,0.216,0.9583333333333334,-0.332,0.5,1
0.548,0.216,0.9666666666666667,-0.332,0.5,1
0.548,0.216,0.975,-0.332,0.5,1
0.548,0.216,0.9833333333333333,-0.332,0.5,1
0.536,0.216,0.9916666666666667,-0.32,0.5,0
0.524,0.216,1.0,-0.308,0.5,0
0.512,0.216,1.0083333333333333,-0.296,0.5,0
0.5,0.144,-0.04,-0.356,0.6,0
0.488,0.144,-0.03,-0.344,0.6,0
0.476,0.144,-0.02,-0.332,0.6,0
0.464,0.144,-0.01,-0.32,0.6,0
0.452,0.144,0.0,-0.308,0.6,0
0.452,0.144,0.01,-0.308,0.6,1
0.452,0.144,0.02,-0.308,0.6,1
0.452,0.144,0.03,-0.308,0.6,1
0.452,0.144,0.04,-0.308,0.6,1
0.452,0.144,0.05,-0.308,0.6,1
0.452,0.144,0.06,-0.308,0.6,1
0.452,0.144,0.07,-0.308,0.6,1
0.452,0.144,0.08,-0.308,0.6,1
0.452,0.144,0.09,-0.308,0.6,1
0.452,0.144,0.1,-0.308,0.6,1
0.452,0.144,0.11,-0.308,0.6,1
0.452,0.144,0.12,-0.308,0.6,1
0.452,0.144,0.13,-0.308,0.6,1
0.452,0.144,0.14,-0.308,0.6,1
0.452,0.144,0.15,-0.308,0.6,1
0.452,0.144,0.16,-0.308,0.6,1
0.452,0.144,0.17,-0.308,0.6,1
0.452,0.144,0.18,-0.308,0.6,1
0.452,0.144,0.19,-0.308,0.6,1
0.452,0.144,0.2,-0.308,0.6,1
0.452,0.144,0.21,-0.308,0.6,1
0.464,0.144,0.22,-0.32,0.6,2
0.476,0.144,0.23,-0.332,0.6,2
0.488,0.144,0.24,-0.344,0.6,2
0.5,0.144,0.25,-0.356,0.6,2
0.512,0.144,0.26,-0.368,0.6,2
0.524,0.144,0.27,-0.38,0.6,2
0.536,0.144,0.28,-0.392,0.6,2
0.548,0.144,0.29,-0.404,0.6,2
0.56,0.144,0.3,-0.416,0.6,2
0.572,0.144,0.31,-0.428,0.6,2
0.584,0.144,0.32,-0.44,0.6,2
0.596,0.144,0.33,-0.452,0.6,2
0.608,0.144,0.34,-0.464,0.6,2
0.62,0.144,0.35,-0.476,0.6,2
0.632,0.144,0.36,-0.488,0.6,2
0.644,0.144,0.37,-0.5,0.6,2
0.656,0.144,0.38,-0.512,0.6,2
0.668,0.144,0.39,-0.524,0.6,2
0.68,0.144,0.4,-0.536,0.6,2
0.692,0.144,0.41,-0.548,0.6,2
0.704,0.144,0.42,-0.56,0.6,2
0.716,0.144,0.43,-0.572,0.6,2
0.728,0.144,0.44,-0.584,0.6,2
0.74,0.144,0.45,-0.596,0.6,2
0.752,0.144,0.46,-0.608,0.6,2
0.752,0.144,0.47,-0.608,0.6,1
0.752,0.144,0.48,-0.608,0.6,1
0.752,0.144,0.49,-0.608,0.6,1
0.752,0.144,0.5,-0.608,0.6,1
0.752,0.144,0.51,-0.608,0.6,1
0.752,0.144,0.52,-0.608,0.6,1
0.752,0.144,0.53,-0.608,0.6,1
0.752,0.144,0.54,-0.608,0.6,1
0.752,0.144,0.55,-0.608,0.6,1
0.752,0.144,0.56,-0.608,0.6,1
0.752,0.144,0.57,-0.608,0.6,1
0.752,0.144,0.58,-0.608,0.6,1
0.752,0.144,0.59,-0.608,0.6,1
0.752,0.144,0.6,-0.608,0.6,1
0.752,0.144,0.61,-0.608,0.6,1
0.752,0.144,0.62,-0.608,0.6,1
0.752,0.144,0.63,-0.608,0.6,1
0.752,0.144,0.64,-0.608,0.6,1
0.752,0.144,0.65,-0.608,0.6,1
0.752,0.144,0.66,-0.608,0.6,1
0.752,0.144,0.67,-0.608,0.6,1
0.752,0.144,0.68,-0.608,0.6,1
0.752,0.144,0.69,-0.608,0.6,1
0.752,0.144,0.7,-0.608,0.6,1
0.752,0.144,0.71,-0.608,0.6,1
0.752,0.144,0.72,-0.608,0.6,1
0.752,0.144,0.73,-0.608,0.6,1
0.752,0.144,0.74,-0.608,0.6,1
0.752,0.144,0.75,-0.608,0.6,1
0.752,0.144,0.76,-0.608,0.6,1
0.752,0.144,0.77,-0.608,0.6,1
0.752,0.144,0.78,-0.608,0.6,1
0.752,0.144,0.79,-0.608,0.6,1
0.752,0.144,0.8,-0.608,0.6,1
0.752,0.144,0.81,-0.608,0.6,1
0.752,0.144,0.82,-0.608,0.6,1
0.752,0.144,0.83,-0.608,0.6,1
0.74,0.144,0.84,-0.596,0.6,0
0.728,0.144,0.85,-0.584,0.6,0
0.716,0.144,0.86,-0.572,0.6,0
0.704,0.144,0.87,-0.56,0.6,0
0.692,0.144,0.88,-0.548,0.6,0
0.68,0.144,0.89,-0.536,0.6,0
0.668,0.144,0.9,-0.524,0.6,0
0.656,0.144,0.91,-0.512,0.6,0
0.644,0.144,0.92,-0.5,0.6,0
0.632,0.144,0.93,-0.488,0.6,0
0.62,0.144,0.94,-0.476,0.6,0
0.62,0.144,0.95,-0.476,0.6,1
0.62,0.144,0.96,-0.476,0.6,1
0.62,0.144,0.97,-0.476,0.6,1
0.62,0.144,0.98,-0.476,0.6,1
0.62,0.144,0.99,-0.476,0.6,1
0.62,0.144,1.0,-0.476,0.6,1
0.62,0.144,1.01,-0.476,0.6,1
0.62,0.7,-0.043333333333333335,0.08,0.4,1
0.62,0.7,-0.03666666666666667,0.08,0.4,1
0.62,0.7,-0.03,0.08,0.4,1
0.62,0.7,-0.023333333333333334,0.08,0.4,1
0.62,0.7,-0.016666666666666666,0.08,0.4,1
0.62,0.7,-0.01,0.08,0.4,1
0.608,0.7,-0.0033333333333333335,0.092,0.4,0
0.596,0.7,0.0033333333333333335,0.104,0.4,0
0.584,0.7,0.01,0.116,0.4,0
0.572,0.7,0.016666666666666666,0.128,0.4,0
0.56,0.7,0.023333333333333334,0.14,0.4,0
0.548,0.7,0.03,0.152,0.4,0
0.536,0.7,0.03666666666666667,0.164,0.4,0
0.524,0.7,0.043333333333333335,0.176,0.4,0
0.512,0.7,0.05,0.188,0.4,0
0.5,0.7,0.056666666666666664,0.2,0.4,0
0.488,0.7,0.06333333333333334,0.212,0.4,0
0.476,0.7,0.07,0.224,0.4,0
0.464,0.7,0.07666666666666666,0.236,0.4,0
0.452,0.7,0.08333333333333333,0.248,0.4,0
0.44,0.7,0.09,0.26,0.4,0
0.428,0.7,0.09666666666666666,0.272,0.4,0
0.416,0.7,0.10333333333333333,0.284,0.4,0
0.404,0.7,0.11,0.296,0.4,0
0.392,0.7,0.11666666666666667,0.308,0.4,0
0.38,0.7,0.12333333333333334,0.32,0.4,0
0.368,0.7,0.13,0.332,0.4,0
0.356,0.7,0.13666666666666666,0.344,0.4,0
0.356,0.7,0.14333333333333334,0.344,0.4,1
0.356,0.7,0.15,0.344,0.4,1
0.356,0.7,0.15666666666666668,0.344,0.4,1
0.356,0.7,0.16333333333333333,0.344,0.4,1
0.356,0.7,0.17,0.344,0.4,1
0.356,0.7,0.17666666666666667,0.344,0.4,1
0.356,0.7,0.18333333333333332,0.344,0.4,1
0.356,0.7,0.19,0.344,0.4,1
0.356,0.7,0.19666666666666666,0.344,0.4,1
0.356,0.7,0.20333333333333334,0.344,0.4,1
0.356,0.7,0.21,0.344,0.4,1
0.356,0.7,0.21666666666666667,0.344,0.4,1
0.356,0.7,0.22333333333333333,0.344,0.4,1
0.356,0.7,0.23,0.344,0.4,1
0.356,0.7,0.23666666666666666,0.344,0.4,1
0.356,0.7,0.24333333333333335,0.344,0.4,1
0.368,0.7,0.25,0.332,0.4,2
0.38,0.7,0.25666666666666665,0.32,0.4,2
0.392,0.7,0.2633333333333333,0.308,0.4,2
0.404,0.7,0.27,0.296,0.4,2
0.416,0.7,0.27666666666666667,0.284,0.4,2
0.428,0.7,0.2833333333333333,0.272,0.4,2
0.44,0.7,0.29,0.26,0.4,2
0.452,0.7,0.2966666666666667,0.248,0.4,2
0.464,0.7,0.30333333333333334,0.236,0.4,2
0.476,0.7,0.31,0.224,0.4,2
0.488,0.7,0.31666666666666665,0.212,0.4,2
0.5,0.7,0.3233333333333333,0.2,0.4,2
0.512,0.7,0.33,0.188,0.4,2
0.524,0.7,0.33666666666666667,0.176,0.4,2
0.536,0.7,0.3433333333333333,0.164,0.4,2
0.536,0.7,0.35,0.164,0.4,1
0.536,0.7,0.3566666666666667,0.164,0.4,1
0.536,0.7,0.36333333333333334,0.164,0.4,1
0.536,0.7,0.37,0.164,0.4,1
0.536,0.7,0.37666666666666665,0.164,0.4,1
0.536,0.7,0.38333333333333336,0.164,0.4,1
0.536,0.7,0.39,0.164,0.4,1
0.536,0.7,0.39666666666666667,0.164,0.4,1
0.536,0.7,0.4033333333333333,0.164,0.4,1
0.536,0.7,0.41,0.164,0.4,1
0.536,0.7,0.4166666666666667,0.164,0.4,1
0.536,0.7,0.42333333333333334,0.164,0.4,1
0.536,0.7,0.43,0.164,0.4,1
0.536,0.7,0.43666666666666665,0.164,0.4,1
0.536,0.7,0.44333333333333336,0.164,0.4,1
0.536,0.7,0.45,0.164,0.4,1
0.536,0.7,0.45666666666666667,0.164,0.4,1
0.524,0.7,0.4633333333333333,0.176,0.4,0
0.512,0.7,0.47,0.188,0.4,0
0.5,0.7,0.4766666666666667,0.2,0.4,0
0.488,0.7,0.48333333333333334,0.212,0.4,0
0.476,0.7,0.49,0.224,0.4,0
0.464,0.7,0.49666666666666665,0.236,0.4,0
0.452,0.7,0.5033333333333333,0.248,0.4,0
0.44,0.7,0.51,0.26,0.4,0
0.428,0.7,0.5166666666666667,0.272,0.4,0
0.416,0.7,0.5233333333333333,0.284,0.4,0
0.404,0.7,0.53,0.296,0.4,0
0.392,0.7,0.5366666666666666,0.308,0.4,0
0.38,0.7,0.5433333333333333,0.32,0.4,0
0.368,0.7,0.55,0.332,0.4,0
0.356,0.7,0.5566666666666666,0.344,0.4,0
0.356,0.7,0.5633333333333334,0.344,0.4,1
0.356,0.7,0.57,0.344,0.4,1
0.356,0.7,0.5766666666666667,0.344,0.4,1
0.356,0.7,0.5833333333333334,0.344,0.4,1
0.356,0.7,0.59,0.344,0.4,1
0.356,0.7,0.5966666666666667,0.344,0.4,1
0.356,0.7,0.6033333333333334,0.344,0.4,1
0.368,0.7,0.61,0.332,0.4,2
0.38,0.7,0.6166666666666667,0.32,0.4,2
0.392,0.7,0.6233333333333333,0.308,0.4,2
0.404,0.7,0.63,0.296,0.4,2
0.416,0.7,0.6366666666666667,0.284,0.4,2
0.428,0.7,0.6433333333333333,0.272,0.4,2
0.44,0.7,0.65,0.26,0.4,2
0.452,0.7,0.6566666666666666,0.248,0.4,2
0.464,0.7,0.6633333333333333,0.236,0.4,2
0.476,0.7,0.67,0.224,0.4,2
0.476,0.7,0.6766666666666666,0.224,0.4,1
0.476,0.7,0.6833333333333333,0.224,0.4,1
0.476,0.7,0.69,0.224,0.4,1
0.476,0.7,0.6966666666666667,0.224,0.4,1
0.476,0.7,0.7033333333333334,0.224,0.4,1
0.464,0.7,0.71,0.236,0.4,0
0.452,0.7,0.7166666666666667,0.248,0.4,0
0.44,0.7,0.7233333333333334,0.26,0.4,0
0.428,0.7,0.73,0.272,0.4,0
0.416,0.7,0.7366666666666667,0.284,0.4,0
0.404,0.7,0.7433333333333333,0.296,0.4,0
0.392,0.7,0.75,0.308,0.4,0
0.38,0.7,0.7566666666666667,0.32,0.4,0
0.368,0.7,0.7633333333333333,0.332,0.4,0
0.356,0.7,0.77,0.344,0.4,0
0.344,0.7,0.7766666666666666,0.356,0.4,0
0.332,0.7,0.7833333333333333,0.368,0.4,0
0.32,0.7,0.79,0.38,0.4,0
0.308,0.7,0.7966666666666666,0.392,0.4,0
0.296,0.7,0.8033333333333333,0.404,0.4,0
0.284,0.7,0.81,0.416,0.4,0
0.272,0.7,0.8166666666666667,0.428,0.4,0
0.26,0.7,0.8233333333333334,0.44,0.4,0
0.26,0.7,0.83,0.44,0.4,1
0.26,0.7,0.8366666666666667,0.44,0.4,1
0.26,0.7,0.8433333333333334,0.44,0.4,1
0.26,0.7,0.85,0.44,0.4,1
0.26,0.7,0.8566666666666667,0.44,0.4,1
0.26,0.7,0.8633333333333333,0.44,0.4,1
0.26,0.7,0.87,0.44,0.4,1
0.26,0.7,0.8766666666666667,0.44,0.4,1
0.26,0.7,0.8833333333333333,0.44,0.4,1
0.26,0.7,0.89,0.44,0.4,1
0.26,0.7,0.8966666666666666,0.44,0.4,1
0.26,0.7,0.9033333333333333,0.44,0.4,1
0.26,0.7,0.91,0.44,0.4,1
0.26,0.7,0.9166666666666666,0.44,0.4,1
0.26,0.7,0.9233333333333333,0.44,0.4,1
0.26,0.7,0.93,0.44,0.4,1
0.272,0.7,0.9366666666666666,0.428,0.4,2
0.284,0.7,0.9433333333333334,0.416,0.4,2
0.296,0.7,0.95,0.404,0.4,2
0.308,0.7,0.9566666666666667,0.392,0.4,2
0.32,0.7,0.9633333333333334,0.38,0.4,2
0.332,0.7,0.97,0.368,0.4,2
0.344,0.7,0.9766666666666667,0.356,0.4,2
0.356,0.7,0.9833333333333333,0.344,0.4,2
0.368,0.7,0.99,0.332,0.4,2
0.38,0.7,0.9966666666666667,0.32,0.4,2
0.392,0.7,1.0033333333333334,0.308,0.4,2
0.404,0.506,-0.03833333333333333,0.102,0.7,2
0.404,0.506,-0.02666666666666667,0.102,0.7,1
0.404,0.506,-0.015,0.102,0.7,1
0.404,0.506,-0.0033333333333333335,0.102,0.7,1
0.404,0.506,0.008333333333333333,0.102,0.7,1
0.404,0.506,0.02,0.102,0.7,1
0.404,0.506,0.03166666666666667,0.102,0.7,1
0.404,0.506,0.043333333333333335,0.102,0.7,1
0.416,0.506,0.055,0.09,0.7,2
0.428,0.506,0.06666666666666667,0.078,0.7,2
0.44,0.506,0.07833333333333334,0.066,0.7,2
0.452,0.506,0.09,0.054,0.7,2
0.464,0.506,0.10166666666666667,0.042,0.7,2
0.476,0.506,0.11333333333333333,0.03,0.7,2
0.488,0.506,0.125,0.018,0.7,2
0.5,0.506,0.13666666666666666,0.006,0.7,2
0.512,0.506,0.14833333333333334,-0.006,0.7,2
0.524,0.506,0.16,-0.018,0.7,2
0.536,0.506,0.17166666666666666,-0.03,0.7,2
0.548,0.506,0.18333333333333332,-0.042,0.7,2
0.548,0.506,0.195,-0.042,0.7,1
0.548,0.506,0.20666666666666667,-0.042,0.7,1
0.548,0.506,0.21833333333333332,-0.042,0.7,1
0.548,0.506,0.23,-0.042,0.7,1
0.548,0.506,0.24166666666666667,-0.042,0.7,1
0.548,0.506,0.25333333333333335,-0.042,0.7,1
0.548,0.506,0.265,-0.042,0.7,1
0.548,0.506,0.27666666666666667,-0.042,0.7,1
0.548,0.506,0.28833333333333333,-0.042,0.7,1
0.548,0.506,0.3,-0.042,0.7,1
0.56,0.506,0.31166666666666665,-0.054,0.7,2
0.572,0.506,0.3233333333333333,-0.066,0.7,2
0.584,0.506,0.335,-0.078,0.7,2
0.596,0.506,0.3466666666666667,-0.09,0.7,2
0.608,0.506,0.35833333333333334,-0.102,0.7,2
0.62,0.506,0.37,-0.114,0.7,2
0.632,0.506,0.38166666666666665,-0.126,0.7,2
0.644,0.506,0.3933333333333333,-0.138,0.7,2
0.656,0.506,0.405,-0.15,0.7,2
0.668,0.506,0.4166666666666667,-0.162,0.7,2
0.68,0.506,0.42833333333333334,-0.174,0.7,2
0.692,0.506,0.44,-0.186,0.7,2
0.704,0.506,0.45166666666666666,-0.198,0.7,2
0.716,0.506,0.4633333333333333,-0.21,0.7,2
0.728,0.506,0.475,-0.222,0.7,2
0.74,0.506,0.4866666666666667,-0.234,0.7,2
0.752,0.506,0.49833333333333335,-0.246,0.7,2
0.764,0.506,0.51,-0.258,0.7,2
0.776,0.506,0.5216666666666666,-0.27,0.7,2
0.788,0.506,0.5333333333333333,-0.282,0.7,2
0.788,0.506,0.545,-0.282,0.7,1
0.788,0.506,0.5566666666666666,-0.282,0.7,1
0.788,0.506,0.5683333333333334,-0.282,0.7,1
0.788,0.506,0.58,-0.282,0.7,1
0.788,0.506,0.5916666666666667,-0.282,0.7,1
0.788,0.506,0.6033333333333334,-0.282,0.7,1
0.788,0.506,0.615,-0.282,0.7,1
0.788,0.506,0.6266666666666667,-0.282,0.7,1
0.788,0.506,0.6383333333333333,-0.282,0.7,1
0.788,0.506,0.65,-0.282,0.7,1
0.788,0.506,0.6616666666666666,-0.282,0.7,1
0.788,0.506,0.6733333333333333,-0.282,0.7,1
0.788,0.506,0.685,-0.282,0.7,1
0.788,0.506,0.6966666666666667,-0.282,0.7,1
0.788,0.506,0.7083333333333334,-0.282,0.7,1
0.788,0.506,0.72,-0.282,0.7,1
0.788,0.506,0.7316666666666667,-0.282,0.7,1
0.788,0.506,0.7433333333333333,-0.282,0.7,1
0.788,0.506,0.755,-0.282,0.7,1
0.788,0.506,0.7666666666666667,-0.282,0.7,1
0.788,0.506,0.7783333333333333,-0.282,0.7,1
0.788,0.506,0.79,-0.282,0.7,1
0.788,0.506,0.8016666666666666,-0.282,0.7,1
0.788,0.506,0.8133333333333334,-0.282,0.7,1
0.788,0.506,0.825,-0.282,0.7,1
0.788,0.506,0.8366666666666667,-0.282,0.7,1
0.788,0.506,0.8483333333333334,-0.282,0.7,1
0.788,0.506,0.86,-0.282,0.7,1
0.788,0.506,0.8716666666666667,-0.282,0.7,1
0.788,0.506,0.8833333333333333,-0.282,0.7,1
0.788,0.506,0.895,-0.282,0.7,1
0.788,0.506,0.9066666666666666,-0.282,0.7,1
0.788,0.506,0.9183333333333333,-0.282,0.7,1
0.788,0.506,0.93,-0.282,0.7,1
0.788,0.506,0.9416666666666667,-0.282,0.7,1
0.788,0.506,0.9533333333333334,-0.282,0.7,1
0.776,0.506,0.965,-0.27,0.7,0
0.764,0.506,0.9766666666666667,-0.258,0.7,0
0.752,0.506,0.9883333333333333,-0.246,0.7,0
0.74,0.506,1.0,-0.234,0.7,0
0.728,0.506,1.0116666666666667,-0.222,0.7,0
0.716,0.754,-0.043333333333333335,0.038,0.4,0
0.704,0.754,-0.03666666666666667,0.05,0.4,0
0.692,0.754,-0.03,0.062,0.4,0
0.68,0.754,-0.023333333333333334,0.074,0.4,0
0.668,0.754,-0.016666666666666666,0.086,0.4,0
0.656,0.754,-0.01,0.098,0.4,0
0.644,0.754,-0.0033333333333333335,0.11,0.4,0
0.632,0.754,0.0033333333333333335,0.122,0.4,0
0.62,0.754,0.01,0.134,0.4,0
0.608,0.754,0.016666666666666666,0.146,0.4,0
0.596,0.754,0.023333333333333334,0.158,0.4,0
0.584,0.754,0.03,0.17,0.4,0
0.572,0.754,0.03666666666666667,0.182,0.4,0
0.56,0.754,0.043333333333333335,0.194,0.4,0
0.548,0.754,0.05,0.206,0.4,0
0.536,0.754,0.056666666666666664,0.218,0.4,0
0.524,0.754,0.06333333333333334,0.23,0.4,0
0.512,0.754,0.07,0.242,0.4,0
0.5,0.754,0.07666666666666666,0.254,0.4,0
0.488,0.754,0.08333333333333333,0.266,0.4,0
0.476,0.754,0.09,0.278,0.4,0
0.464,0.754,0.09666666666666666,0.29,0.4,0
0.452,0.754,0.10333333333333333,0.302,0.4,0
0.44,0.754,0.11,0.314,0.4,0
0.428,0.754,0.11666666666666667,0.326,0.4,0
0.416,0.754,0.12333333333333334,0.338,0.4,0
0.404,0.754,0.13,0.35,0.4,0
0.392,0.754,0.13666666666666666,0.362,0.4,0
0.392,0.754,0.14333333333333334,0.362,0.4,1
0.392,0.754,0.15,0.362,0.4,1
0.392,0.754,0.15666666666666668,0.362,0.4,1
0.392,0.754,0.16333333333333333,0.362,0.4,1
0.392,0.754,0.17,0.362,0.4,1
0.404,0.754,0.17666666666666667,0.35,0.4,2
0.416,0.754,0.18333333333333332,0.338,0.4,2
0.428,0.754,0.19,0.326,0.4,2
0.44,0.754,0.19666666666666666,0.314,0.4,2
0.452,0.754,0.20333333333333334,0.302,0.4,2
0.464,0.754,0.21,0.29,0.4,2
0.476,0.754,0.21666666666666667,0.278,0.4,2
0.488,0.754,0.22333333333333333,0.266,0.4,2
0.5,0.754,0.23,0.254,0.4,2
0.512,0.754,0.23666666666666666,0.242,0.4,2
0.524,0.754,0.24333333333333335,0.23,0.4,2
0.536,0.754,0.25,0.218,0.4,2
0.548,0.754,0.25666666666666665,0.206,0.4,2
0.548,0.754,0.2633333333333333,0.206,0.4,1
0.548,0.754,0.27,0.206,0.4,1
0.548,0.754,0.27666666666666667,0.206,0.4,1
0.548,0.754,0.2833333333333333,0.206,0.4,1
0.548,0.754,0.29,0.206,0.4,1
0.548,0.754,0.2966666666666667,0.206,0.4,1
0.548,0.754,0.30333333333333334,0.206,0.4,1
0.548,0.754,0.31,0.206,0.4,1
0.548,0.754,0.31666666666666665,0.206,0.4,1
0.548,0.754,0.3233333333333333,0.206,0.4,1
0.548,0.754,0.33,0.206,0.4,1
0.548,0.754,0.33666666666666667,0.206,0.4,1
0.548,0.754,0.3433333333333333,0.206,0.4,1
0.548,0.754,0.35,0.206,0.4,1
0.536,0.754,0.3566666666666667,0.218,0.4,0
0.524,0.754,0.36333333333333334,0.23,0.4,0
0.512,0.754,0.37,0.242,0.4,0
0.5,0.754,0.37666666666666665,0.254,0.4,0
0.488,0.754,0.38333333333333336,0.266,0.4,0
0.476,0.754,0.39,0.278,0.4,0
0.464,0.754,0.39666666666666667,0.29,0.4,0
0.452,0.754,0.4033333333333333,0.302,0.4,0
0.44,0.754,0.41,0.314,0.4,0
0.428,0.754,0.4166666666666667,0.326,0.4,0
0.416,0.754,0.42333333333333334,0.338,0.4,0
0.404,0.754,0.43,0.35,0.4,0
0.392,0.754,0.43666666666666665,0.362,0.4,0
0.392,0.754,0.44333333333333336,0.362,0.4,1
0.392,0.754,0.45,0.362,0.4,1
0.392,0.754,0.45666666666666667,0.362,0.4,1
0.392,0.754,0.4633333333333333,0.362,0.4,1
0.392,0.754,0.47,0.362,0.4,1
0.392,0.754,0.4766666666666667,0.362,0.4,1
0.392,0.754,0.48333333333333334,0.362,0.4,1
0.392,0.754,0.49,0.362,0.4,1
0.392,0.754,0.49666666666666665,0.362,0.4,1
0.392,0.754,0.5033333333333333,0.362,0.4,1
0.392,0.754,0.51,0.362,0.4,1
0.392,0.754,0.5166666666666667,0.362,0.4,1
0.392,0.754,0.5233333333333333,0.362,0.4,1
0.392,0.754,0.53,0.362,0.4,1
0.392,0.754,0.5366666666666666,0.362,0.4,1
0.392,0.754,0.5433333333333333,0.362,0.4,1
0.392,0.754,0.55,0.362,0.4,1
0.392,0.754,0.5566666666666666,0.362,0.4,1
0.392,0.754,0.5633333333333334,0.362,0.4,1
0.392,0.754,0.57,0.362,0.4,1
0.392,0.754,0.5766666666666667,0.362,0.4,1
0.392,0.754,0.5833333333333334,0.362,0.4,1
0.392,0.754,0.59,0.362,0.4,1
0.392,0.754,0.5966666666666667,0.362,0.4,1
0.392,0.754,0.6033333333333334,0.362,0.4,1
0.392,0.754,0.61,0.362,0.4,1
0.392,0.754,0.6166666666666667,0.362,0.4,1
0.392,0.754,0.6233333333333333,0.362,0.4,1
0.392,0.754,0.63,0.362,0.4,1
0.392,0.754,0.6366666666666667,0.362,0.4,1
0.392,0.754,0.6433333333333333,0.362,0.4,1
0.392,0.754,0.65,0.362,0.4,1
0.392,0.754,0.6566666666666666,0.362,0.4,1
0.392,0.754,0.6633333333333333,0.362,0.4,1
0.392,0.754,0.67,0.362,0.4,1
0.392,0.754,0.6766666666666666,0.362,0.4,1
0.392,0.754,0.6833333333333333,0.362,0.4,1
0.392,0.754,0.69,0.362,0.4,1
0.392,0.754,0.6966666666666667,0.362,0.4,1
0.392,0.754,0.7033333333333334,0.362,0.4,1
0.392,0.754,0.71,0.362,0.4,1
0.392,0.754,0.7166666666666667,0.362,0.4,1
0.392,0.754,0.7233333333333334,0.362,0.4,1
0.392,0.754,0.73,0.362,0.4,1
0.392,0.754,0.7366666666666667,0.362,0.4,1
0.392,0.754,0.7433333333333333,0.362,0.4,1
0.392,0.754,0.75,0.362,0.4,1
0.392,0.754,0.7566666666666667,0.362,0.4,1
0.392,0.754,0.7633333333333333,0.362,0.4,1
0.392,0.754,0.77,0.362,0.4,1
0.392,0.754,0.7766666666666666,0.362,0.4,1
0.392,0.754,0.7833333333333333,0.362,0.4,1
0.392,0.754,0.79,0.362,0.4,1
0.392,0.754,0.7966666666666666,0.362,0.4,1
0.392,0.754,0.8033333333333333,0.362,0.4,1
0.392,0.754,0.81,0.362,0.4,1
0.392,0.754,0.8166666666666667,0.362,0.4,1
0.392,0.754,0.8233333333333334,0.362,0.4,1
0.392,0.754,0.83,0.362,0.4,1
0.392,0.754,0.8366666666666667,0.362,0.4,1
0.392,0.754,0.8433333333333334,0.362,0.4,1
0.392,0.754,0.85,0.362,0.4,1
0.392,0.754,0.8566666666666667,0.362,0.4,1
0.392,0.754,0.8633333333333333,0.362,0.4,1
0.392,0.754,0.87,0.362,0.4,1
0.392,0.754,0.8766666666666667,0.362,0.4,1
0.392,0.754,0.8833333333333333,0.362,0.4,1
0.392,0.754,0.89,0.362,0.4,1
0.392,0.754,0.8966666666666666,0.362,0.4,1
0.392,0.754,0.9033333333333333,0.362,0.4,1
0.392,0.754,0.91,0.362,0.4,1
0.392,0.754,0.9166666666666666,0.362,0.4,1
0.392,0.754,0.9233333333333333,0.362,0.4,1
0.392,0.754,0.93,0.362,0.4,1
0.392,0.754,0.9366666666666666,0.362,0.4,1
0.392,0.754,0.9433333333333334,0.362,0.4,1
0.392,0.754,0.95,0.362,0.4,1
0.392,0.754,0.9566666666666667,0.362,0.4,1
0.392,0.754,0.9633333333333334,0.362,0.4,1
0.392,0.754,0.97,0.362,0.4,1
0.392,0.754,0.9766666666666667,0.362,0.4,1
0.392,0.754,0.9833333333333333,0.362,0.4,1
0.392,0.754,0.99,0.362,0.4,1
0.392,0.754,0.9966666666666667,0.362,0.4,1
0.392,0.754,1.0033333333333334,0.362,0.4,1
0.392,0.208,-0.04,-0.184,0.6,1
0.392,0.208,-0.03,-0.184,0.6,1
0.392,0.208,-0.02,-0.184,0.6,1
0.392,0.208,-0.01,-0.184,0.6,1
0.392,0.208,0.0,-0.184,0.6,1
0.392,0.208,0.01,-0.184,0.6,1
0.392,0.208,0.02,-0.184,0.6,1
0.392,0.208,0.03,-0.184,0.6,1
0.392,0.208,0.04,-0.184,0.6,1
0.392,0.208,0.05,-0.184,0.6,1
0.392,0.208,0.06,-0.184,0.6,1
0.392,0.208,0.07,-0.184,0.6,1
0.392,0.208,0.08,-0.184,0.6,1
0.392,0.208,0.09,-0.184,0.6,1
0.392,0.208,0.1,-0.184,0.6,1
0.392,0.208,0.11,-0.184,0.6,1
0.392,0.208,0.12,-0.184,0.6,1
0.392,0.208,0.13,-0.184,0.6,1
0.392,0.208,0.14,-0.184,0.6,1
0.392,0.208,0.15,-0.184,0.6,1
0.392,0.208,0.16,-0.184,0.6,1
0.392,0.208,0.17,-0.184,0.6,1
0.392,0.208,0.18,-0.184,0.6,1
0.392,0.208,0.19,-0.184,0.6,1
0.392,0.208,0.2,-0.184,0.6,1
0.392,0.208,0.21,-0.184,0.6,1
0.392,0.208,0.22,-0.184,0.6,1
0.392,0.208,0.23,-0.184,0.6,1
0.392,0.208,0.24,-0.184,0.6,1
0.392,0.208,0.25,-0.184,0.6,1
0.392,0.208,0.26,-0.184,0.6,1
0.392,0.208,0.27,-0.184,0.6,1
0.392,0.208,0.28,-0.184,0.6,1
0.392,0.208,0.29,-0.184,0.6,1
0.392,0.208,0.3,-0.184,0.6,1
0.392,0.208,0.31,-0.184,0.6,1
0.392,0.208,0.32,-0.184,0.6,1
0.392,0.208,0.33,-0.184,0.6,1
0.392,0.208,0.34,-0.184,0.6,1
0.392,0.208,0.35,-0.184,0.6,1
0.392,0.208,0.36,-0.184,0.6,1
0.392,0.208,0.37,-0.184,0.6,1
0.392,0.208,0.38,-0.184,0.6,1
0.392,0.208,0.39,-0.184,0.6,1
0.392,0.208,0.4,-0.184,0.6,1
0.392,0.208,0.41,-0.184,0.6,1
0.392,0.208,0.42,-0.184,0.6,1
0.392,0.208,0.43,-0.184,0.6,1
0.392,0.208,0.44,-0.184,0.6,1
0.392,0.208,0.45,-0.184,0.6,1
0.392,0.208,0.46,-0.184,0.6,1
0.392,0.208,0.47,-0.184,0.6,1
0.392,0.208,0.48,-0.184,0.6,1
0.392,0.208,0.49,-0.184,0.6,1
0.392,0.208,0.5,-0.184,0.6,1
0.392,0.208,0.51,-0.184,0.6,1
0.392,0.208,0.52,-0.184,0.6,1
0.392,0.208,0.53,-0.184,0.6,1
0.392,0.208,0.54,-0.184,0.6,1
0.392,0.208,0.55,-0.184,0.6,1
0.392,0.208,0.56,-0.184,0.6,1
0.392,0.208,0.57,-0.184,0.6,1
0.392,0.208,0.58,-0.184,0.6,1
0.392,0.208,0.59,-0.184,0.6,1
0.392,0.208,0.6,-0.184,0.6,1
0.392,0.208,0.61,-0.184,0.6,1
0.392,0.208,0.62,-0.184,0.6,1
0.392,0.208,0.63,-0.184,0.6,1
0.392,0.208,0.64,-0.184,0.6,1
0.392,0.208,0.65,-0.184,0.6,1
0.392,0.208,0.66,-0.184,0.6,1
0.392,0.208,0.67,-0.184,0.6,1
0.392,0.208,0.68,-0.184,0.6,1
0.392,0.208,0.69,-0.184,0.6,1
0.392,0.208,0.7,-0.184,0.6,1
0.392,0.208,0.71,-0.184,0.6,1
0.392,0.208,0.72,-0.184,0.6,1
0.392,0.208,0.73,-0.184,0.6,1
0.392,0.208,0.74,-0.184,0.6,1
0.392,0.208,0.75,-0.184,0.6,1
0.392,0.208,0.76,-0.184,0.6,1
0.392,0.208,0.77,-0.184,0.6,1
0.392,0.208,0.78,-0.184,0.6,1
0.392,0.208,0.79,-0.184,0.6,1
0.392,0.208,0.8,-0.184,0.6,1
0.392,0.208,0.81,-0.184,0.6,1
0.404,0.208,0.82,-0.196,0.6,2
0.416,0.208,0.83,-0.208,0.6,2
0.428,0.208,0.84,-0.22,0.6,2
0.44,0.208,0.85,-0.232,0.6,2
0.452,0.208,0.86,-0.244,0.6,2
0.464,0.208,0.87,-0.256,0.6,2
0.476,0.208,0.88,-0.268,0.6,2
0.488,0.208,0.89,-0.28,0.6,2
0.488,0.208,0.9,-0.28,0.6,1
0.488,0.208,0.91,-0.28,0.6,1
0.488,0.208,0.92,-0.28,0.6,1
0.488,0.208,0.93,-0.28,0.6,1
0.488,0.208,0.94,-0.28,0.6,1
0.488,0.208,0.95,-0.28,0.6,1
0.488,0.208,0.96,-0.28,0.6,1
0.488,0.208,0.97,-0.28,0.6,1
0.488,0.208,0.98,-0.28,0.6,1
0.488,0.208,0.99,-0.28,0.6,1
0.488,0.208,1.0,-0.28,0.6,1
0.488,0.208,1.01,-0.28,0.6,1
0.488,0.088,-0.041666666666666664,-0.4,0.5,1
0.488,0.088,-0.03333333333333333,-0.4,0.5,1
0.488,0.088,-0.025,-0.4,0.5,1
0.488,0.088,-0.016666666666666666,-0.4,0.5,1
0.488,0.088,-0.008333333333333333,-0.4,0.5,1
0.488,0.088,0.0,-0.4,0.5,1
0.488,0.088,0.008333333333333333,-0.4,0.5,1
0.488,0.088,0.016666666666666666,-0.4,0.5,1
0.488,0.088,0.025,-0.4,0.5,1
0.488,0.088,0.03333333333333333,-0.4,0.5,1
0.488,0.088,0.041666666666666664,-0.4,0.5,1
0.488,0.088,0.05,-0.4,0.5,1
0.488,0.088,0.058333333333333334,-0.4,0.5,1
0.488,0.088,0.06666666666666667,-0.4,0.5,1
0.488,0.088,0.075,-0.4,0.5,1
0.488,0.088,0.08333333333333333,-0.4,0.5,1
0.488,0.088,0.09166666666666666,-0.4,0.5,1
0.488,0.088,0.1,-0.4,0.5,1
0.488,0.088,0.10833333333333334,-0.4,0.5,1
0.488,0.088,0.11666666666666667,-0.4,0.5,1
0.488,0.088,0.125,-0.4,0.5,1
0.488,0.088,0.13333333333333333,-0.4,0.5,1
0.488,0.088,0.14166666666666666,-0.4,0.5,1
0.488,0.088,0.15,-0.4,0.5,1
0.488,0.088,0.15833333333333333,-0.4,0.5,1
0.488,0.088,0.16666666666666666,-0.4,0.5,1
0.488,0.088,0.175,-0.4,0.5,1
0.488,0.088,0.18333333333333332,-0.4,0.5,1
0.488,0.088,0.19166666666666668,-0.4,0.5,1
0.488,0.088,0.2,-0.4,0.5,1
0.488,0.088,0.20833333333333334,-0.4,0.5,1
0.488,0.088,0.21666666666666667,-0.4,0.5,1
0.488,0.088,0.225,-0.4,0.5,1
0.488,0.088,0.23333333333333334,-0.4,0.5,1
0.488,0.088,0.24166666666666667,-0.4,0.5,1
0.488,0.088,0.25,-0.4,0.5,1
0.488,0.088,0.25833333333333336,-0.4,0.5,1
0.488,0.088,0.26666666666666666,-0.4,0.5,1
0.488,0.088,0.275,-0.4,0.5,1
0.488,0.088,0.2833333333333333,-0.4,0.5,1
0.488,0.088,0.2916666666666667,-0.4,0.5,1
0.488,0.088,0.3,-0.4,0.5,1
0.5,0.74,-0.20461538461538462,0.5,0.5833333333333334,0,1
0.5,0.74,-0.19384615384615383,0.5,0.5833333333333334,0,1
0.5,0.74,-0.18307692307692308,0.5,0.5833333333333334,0,1
0.5,0.74,-0.1723076923076923,0.5,0.5833333333333334,0,1
0.5,0.74,-0.16153846153846155,0.5,0.5833333333333334,0,1
0.5,0.74,-0.15076923076923077,0.5,0.5833333333333334,0,1
0.5,0.74,-0.14,0.5,0.5833333333333334,0,1
0.5,0.74,-0.12923076923076923,0.5,0.5833333333333334,0,1
0.5,0.74,-0.11846153846153847,0.5,0.5833333333333334,0,1
0.5,0.74,-0.1076923076923077,0.5,0.5833333333333334,0,1
0.5,0.74,-0.09692307692307692,0.5,0.5833333333333334,0,1
0.5,0.74,-0.08615384615384615,0.5,0.5833333333333334,0,1
0.5,0.74,-0.07538461538461538,0.5,0.5833333333333334,0,1
0.5,0.74,-0.06461538461538462,0.5,0.5833333333333334,0,1
0.5,0.74,-0.05384615384615385,0.5,0.5833333333333334,0,1
0.5,0.74,-0.043076923076923075,0.5,0.5833333333333334,0,1
0.5,0.74,-0.03230769230769231,0.5,0.5833333333333334,0,1
0.5,0.74,-0.021538461538461538,0.5,0.5833333333333334,0,1
0.5,0.74,-0.010769230769230769,0.5,0.5833333333333334,0,1
0.5,0.74,0.0,0.5,0.5833333333333334,0,1
0.5,0.74,0.010769230769230769,0.5,0.5833333333333334,0,1
0.5,0.74,0.021538461538461538,0.5,0.5833333333333334,0,1
0.5,0.74,0.03230769230769231,0.5,0.5833333333333334,0,1
0.5,0.74,0.043076923076923075,0.5,0.5833333333333334,0,1
0.5,0.74,0.05384615384615385,0.5,0.5833333333333334,0,1
0.5,0.74,0.06461538461538462,0.5,0.5833333333333334,0,1
0.5,0.74,0.07538461538461538,0.5,0.5833333333333334,0,1
0.5,0.74,0.08615384615384615,0.5,0.5833333333333334,0,1
0.5,0.74,0.09692307692307692,0.5,0.5833333333333334,0,1
0.5,0.74,0.1076923076923077,0.5,0.5833333333333334,0,1
0.5,0.74,0.11846153846153847,0.5,0.5833333333333334,0,1
0.5,0.74,0.12923076923076923,0.5,0.5833333333333334,0,1
0.5,0.74,0.14,0.5,0.5833333333333334,0,1
0.5,0.74,0.15076923076923077,0.5,0.5833333333333334,0,1
0.5,0.74,0.16153846153846155,0.5,0.5833333333333334,0,1
0.5,0.74,0.1723076923076923,0.5,0.5833333333333334,0,1
0.5,0.74,0.18307692307692308,0.5,0.5833333333333334,0,1
0.5,0.74,0.19384615384615383,0.5,0.5833333333333334,0,1
0.5,0.74,0.20461538461538462,0.5,0.5833333333333334,0,1
0.5,0.74,0.2153846153846154,0.5,0.5833333333333334,0,1
0.5,0.74,0.22615384615384615,0.5,0.5833333333333334,0,1
0.5,0.74,0.23692307692307693,0.5,0.5833333333333334,0,1
0.5,0.74,0.24769230769230768,0.5,0.5833333333333334,0,1
0.5,0.74,0.25846153846153846,0.5,0.5833333333333334,0,1
0.5,0.74,0.2692307692307692,0.5,0.5833333333333334,0,1
0.5,0.74,0.28,0.5,0.5833333333333334,0,1
0.5,0.74,0.2907692307692308,0.5,0.5833333333333334,0,1
0.5,0.74,0.30153846153846153,0.5,0.5833333333333334,0,1
0.5,0.74,0.3123076923076923,0.5,0.5833333333333334,0,1
0.5,0.74,0.3230769230769231,0.5,0.5833333333333334,0,1
0.5,0.74,0.33384615384615385,0.5,0.5833333333333334,0,1
0.514,0.74,0.3446153846153846,0.5,0.5833333333333334,0,2
0.528,0.74,0.3553846153846154,0.5,0.5833333333333334,0,2
0.542,0.74,0.36615384615384616,0.5,0.5833333333333334,0,2
0.556,0.74,0.3769230769230769,0.5,0.5833333333333334,0,2
0.57,0.74,0.38769230769230767,0.5,0.5833333333333334,0,2
0.584,0.74,0.3984615384615385,0.5,0.5833333333333334,0,2
0.584,0.74,0.40923076923076923,0.5,0.5833333333333334,0,1
0.584,0.74,0.42,0.5,0.5833333333333334,0,1
0.584,0.74,0.4307692307692308,0.5,0.5833333333333334,0,1
0.57,0.74,0.44153846153846155,0.5,0.5833333333333334,0,0
0.556,0.74,0.4523076923076923,0.5,0.5833333333333334,0,0
0.542,0.74,0.46307692307692305,0.5,0.5833333333333334,0,0
0.528,0.74,0.47384615384615386,0.5,0.5833333333333334,0,0
0.514,0.74,0.4846153846153846,0.5,0.5833333333333334,0,0
0.5,0.74,0.49538461538461537,0.5,0.5833333333333334,0,0
0.486,0.74,0.5061538461538462,0.5,0.5833333333333334,0,0
0.472,0.74,0.5169230769230769,0.5,0.5833333333333334,0,0
0.458,0.74,0.5276923076923077,0.5,0.5833333333333334,0,0
0.444,0.74,0.5384615384615384,0.5,0.5833333333333334,0,0
0.444,0.74,0.5492307692307692,0.5,0.5833333333333334,0,1
0.444,0.74,0.56,0.5,0.5833333333333334,0,1
0.444,0.74,0.5707692307692308,0.5,0.5833333333333334,0,1
0.444,0.74,0.5815384615384616,0.5,0.5833333333333334,0,1
0.444,0.74,0.5923076923076923,0.5,0.5833333333333334,0,1
0.444,0.74,0.6030769230769231,0.5,0.5833333333333334,0,1
0.444,0.74,0.6138461538461538,0.5,0.5833333333333334,0,1
0.444,0.74,0.6246153846153846,0.5,0.5833333333333334,0,1
0.444,0.74,0.6353846153846154,0.5,0.5833333333333334,0,1
0.444,0.74,0.6461538461538462,0.5,0.5833333333333334,0,1
0.444,0.74,0.6569230769230769,0.5,0.5833333333333334,0,1
0.444,0.74,0.6676923076923077,0.5,0.5833333333333334,0,1
0.444,0.74,0.6784615384615384,0.5,0.5833333333333334,0,1
0.43,0.74,0.6892307692307692,0.5,0.5833333333333334,0,0
0.416,0.74,0.7,0.5,0.5833333333333334,0,0
0.402,0.74,0.7107692307692308,0.5,0.5833333333333334,0,0
0.388,0.74,0.7215384615384616,0.5,0.5833333333333334,0,0
0.374,0.74,0.7323076923076923,1.0,0.5833333333333334,0,0
0.36,0.74,0.7430769230769231,1.0,0.5833333333333334,0,0
0.346,0.74,0.7538461538461538,1.0,0.5833333333333334,0,0
0.332,0.74,0.7646153846153846,1.0,0.5833333333333334,0,0
0.318,0.74,0.7753846153846153,1.0,0.5833333333333334,0,0
0.304,0.74,0.7861538461538462,1.0,0.5833333333333334,0,0
0.29,0.74,0.796923076923077,1.0,0.5833333333333334,0,0
0.276,0.74,0.8076923076923077,1.0,0.5833333333333334,0,0
0.262,0.74,0.8184615384615385,1.0,0.5833333333333334,0,0
0.248,0.74,0.8292307692307692,1.0,0.5833333333333334,0,0
0.234,0.74,0.84,1.0,0.5833333333333334,0,0
0.22,0.74,0.8507692307692307,1.0,0.5833333333333334,0,0
0.206,0.74,0.8615384615384616,1.0,0.5833333333333334,0,0
0.198,0.74,0.8723076923076923,1.0,0.5833333333333334,0,0
0.198,0.74,0.8830769230769231,1.0,0.5833333333333334,0,0
0.198,0.74,0.8938461538461538,1.0,0.5833333333333334,0,0
0.198,0.74,0.9046153846153846,1.0,0.5833333333333334,0,1
0.198,0.74,0.9153846153846154,1.0,0.5833333333333334,0,1
0.198,0.74,0.9261538461538461,1.0,0.5833333333333334,0,1
0.198,0.74,0.936923076923077,1.0,0.5833333333333334,0,1
0.198,0.5,0.6092307692307692,0.5,0.5833333333333334,1,1
0.198,0.5,0.62,0.5,0.5833333333333334,1,1
0.198,0.5,0.6307692307692307,0.5,0.5833333333333334,1,1
0.198,0.5,0.6415384615384615,0.5,0.5833333333333334,1,1
0.198,0.5,0.6523076923076923,0.5,0.5833333333333334,1,1
0.198,0.5,0.6630769230769231,0.5,0.5833333333333334,1,1
0.198,0.5,0.6738461538461539,0.5,0.5833333333333334,1,1
0.198,0.5,0.6846153846153846,0.5,0.5833333333333334,1,1
0.198,0.5,0.6984615384615385,0.5,0.75,0,1
0.198,0.5,0.7123076923076923,0.5,0.75,0,1
0.198,0.5,0.7261538461538461,0.5,0.75,0,1
0.212,0.5,0.74,0.5,0.75,0,2
0.226,0.5,0.7538461538461538,0.5,0.75,0,2
0.24,0.5,0.7676923076923077,0.5,0.75,0,2
0.254,0.5,0.7815384615384615,0.5,0.75,0,2
0.268,0.5,0.7953846153846154,0.5,0.75,0,2
0.268,0.5,0.8092307692307692,0.5,0.75,0,1
0.268,0.5,0.823076923076923,0.5,0.75,0,1
0.268,0.5,0.8369230769230769,0.5,0.75,0,1
0.268,0.5,0.8507692307692307,0.5,0.75,0,1
0.268,0.5,0.8646153846153846,0.5,0.75,0,1
0.268,0.5,0.8784615384615385,0.5,0.75,0,1
0.268,0.5,0.8923076923076924,0.5,0.75,0,1
0.268,0.5,0.9061538461538462,0.5,0.75,0,1
0.268,0.5,0.92,0.5,0.75,0,1
0.268,0.5,0.9338461538461539,0.5,0.75,0,1
0.268,0.5,0.8892307692307693,0.5,0.5833333333333334,1,1
0.268,0.5,0.9,0.5,0.5833333333333334,1,1
0.268,0.5,0.9107692307692308,0.5,0.5833333333333334,1,1
0.268,0.5,0.9215384615384615,0.5,0.5833333333333334,1,1
0.268,0.5,0.9323076923076923,0.5,0.5833333333333334,1,1
0.268,0.26,-0.05076923076923077,0.0,0.5,0,1
0.268,0.26,-0.04153846153846154,0.0,0.5,0,1
0.268,0.26,-0.03230769230769231,0.0,0.5,0,1
0.268,0.26,-0.023076923076923078,0.0,0.5,0,1
0.268,0.26,-0.013846153846153847,0.0,0.5,0,1
0.268,0.26,-0.004615384615384616,0.0,0.5,0,1
0.282,0.26,0.004615384615384616,0.0,0.5,0,2
0.296,0.26,0.013846153846153847,0.0,0.5,0,2
0.31,0.26,0.023076923076923078,0.0,0.5,0,2
0.324,0.26,0.03230769230769231,0.0,0.5,0,2
0.338,0.26,0.04153846153846154,0.0,0.5,0,2
0.352,0.26,0.05076923076923077,0.0,0.5,0,2
0.366,0.26,0.06,0.0,0.5,0,2
0.38,0.26,0.06923076923076923,-0.5,0.5,0,2
0.394,0.26,0.07846153846153846,-0.5,0.5,0,2
0.408,0.26,0.0876923076923077,-0.5,0.5,0,2
0.422,0.26,0.09692307692307692,-0.5,0.5,0,2
0.436,0.26,0.10615384615384615,-0.5,0.5,0,2
0.45,0.26,0.11538461538461539,-0.5,0.5,0,2
0.464,0.26,0.12461538461538461,-0.5,0.5,0,2
0.478,0.26,0.13384615384615384,-0.5,0.5,0,2
0.492,0.26,0.14307692307692307,-0.5,0.5,0,2
0.506,0.26,0.1523076923076923,-0.5,0.5,0,2
0.52,0.26,0.16153846153846155,-0.5,0.5,0,2
0.534,0.26,0.17076923076923076,-0.5,0.5,0,2
0.548,0.26,0.18,-0.5,0.5,0,2
0.562,0.26,0.18923076923076923,-0.5,0.5,0,2
0.576,0.26,0.19846153846153847,-0.5,0.5,0,2
0.59,0.26,0.2076923076923077,-0.5,0.5,0,2
0.604,0.26,0.2169230769230769,-0.5,0.5,0,2
0.618,0.26,0.22615384615384615,-0.5,0.5,0,2
0.632,0.26,0.2353846153846154,-1.0,0.5,0,2
0.632,0.26,0.24461538461538462,-1.0,0.5,0,1
0.632,0.26,0.25384615384615383,-1.0,0.5,0,1
0.632,0.26,0.2630769230769231,-1.0,0.5,0,1
0.632,0.26,0.2723076923076923,-1.0,0.5,0,1
0.632,0.26,0.2815384615384615,-1.0,0.5,0,1
0.632,0.26,0.2907692307692308,-1.0,0.5,0,1
0.632,0.26,0.3,-1.0,0.5,0,1
0.632,0.26,0.30923076923076925,-1.0,0.5,0,1
0.632,0.26,0.31846153846153846,-1.0,0.5,0,1
0.632,0.26,0.32769230769230767,-1.0,0.5,0,1
0.632,0.26,0.33692307692307694,-1.0,0.5,0,1
0.646,0.26,0.34615384615384615,-1.0,0.5,0,2
0.66,0.26,0.3553846153846154,-1.0,0.5,0,2
0.674,0.26,0.3646153846153846,-1.0,0.5,0,2
0.688,0.26,0.37384615384615383,-1.0,0.5,0,2
0.702,0.26,0.3830769230769231,-1.0,0.5,0,2
0.716,0.26,0.3923076923076923,-1.0,0.5,0,2
0.73,0.26,0.4015384615384615,-1.0,0.5,0,2
0.744,0.26,0.4107692307692308,-1.0,0.5,0,2
0.758,0.26,0.42,-1.0,0.5,0,2
0.758,0.26,0.42923076923076925,-1.0,0.5,0,1
0.758,0.26,0.43846153846153846,-1.0,0.5,0,1
0.758,0.26,0.44769230769230767,-1.0,0.5,0,1
0.758,0.26,0.45692307692307693,-1.0,0.5,0,1
0.758,0.26,0.46615384615384614,-1.0,0.5,0,1
0.758,0.26,0.4753846153846154,-1.0,0.5,0,1
0.758,0.26,0.4846153846153846,-1.0,0.5,0,1
0.758,0.26,0.4938461538461538,-1.0,0.5,0,1
0.758,0.26,0.5030769230769231,-1.0,0.5,0,1
0.758,0.26,0.5123076923076924,-1.0,0.5,0,1
0.758,0.26,0.5215384615384615,-1.0,0.5,0,1
0.758,0.26,0.5307692307692308,-1.0,0.5,0,1
0.744,0.26,0.54,-1.0,0.5,0,0
0.73,0.26,0.5492307692307692,-1.0,0.5,0,0
0.716,0.26,0.5584615384615385,-1.0,0.5,0,0
0.702,0.26,0.5676923076923077,-1.0,0.5,0,0
0.688,0.26,0.5769230769230769,-1.0,0.5,0,0
0.674,0.26,0.5861538461538461,-1.0,0.5,0,0
0.66,0.26,0.5953846153846154,-1.0,0.5,0,0
0.646,0.26,0.6046153846153847,-1.0,0.5,0,0
0.632,0.26,0.6138461538461538,-1.0,0.5,0,0
0.618,0.26,0.6230769230769231,-0.5,0.5,0,0
0.604,0.26,0.6323076923076923,-0.5,0.5,0,0
0.59,0.26,0.6415384615384615,-0.5,0.5,0,0
0.576,0.26,0.6507692307692308,-0.5,0.5,0,0
0.562,0.26,0.66,-0.5,0.5,0,0
0.548,0.26,0.6692307692307692,-0.5,0.5,0,0
0.548,0.26,0.6784615384615384,-0.5,0.5,0,1
0.548,0.26,0.6876923076923077,-0.5,0.5,0,1
0.548,0.26,0.696923076923077,-0.5,0.5,0,1
0.548,0.26,0.7061538461538461,-0.5,0.5,0,1
0.548,0.26,0.7153846153846154,-0.5,0.5,0,1
0.562,0.26,0.7246153846153847,-0.5,0.5,0,2
0.576,0.26,0.7338461538461538,-0.5,0.5,0,2
0.59,0.26,0.7430769230769231,-0.5,0.5,0,2
0.604,0.26,0.7523076923076923,-0.5,0.5,0,2
0.618,0.26,0.7615384615384615,-0.5,0.5,0,2
0.632,0.26,0.7707692307692308,-1.0,0.5,0,2
0.646,0.26,0.78,-1.0,0.5,0,2
0.66,0.26,0.7892307692307692,-1.0,0.5,0,2
0.674,0.26,0.7984615384615384,-1.0,0.5,0,2
0.688,0.26,0.8076923076923077,-1.0,0.5,0,2
0.702,0.26,0.816923076923077,-1.0,0.5,0,2
0.702,0.26,0.8261538461538461,-1.0,0.5,0,1
0.702,0.26,0.8353846153846154,-1.0,0.5,0,1
0.702,0.26,0.8446153846153847,-1.0,0.5,0,1
0.702,0.26,0.8538461538461538,-1.0,0.5,0,1
0.702,0.26,0.8630769230769231,-1.0,0.5,0,1
0.702,0.26,0.8723076923076923,-1.0,0.5,0,1
0.702,0.26,0.8815384615384615,-1.0,0.5,0,1
0.702,0.26,0.8907692307692308,-1.0,0.5,0,1
0.702,0.26,0.9,-1.0,0.5,0,1
0.702,0.26,0.9092307692307692,-1.0,0.5,0,1
0.702,0.26,0.9184615384615384,-1.0,0.5,0,1
0.688,0.26,0.9276923076923077,-1.0,0.5,0,0
0.674,0.26,0.936923076923077,-1.0,0.5,0,0
0.66,0.26,0.88,-1.0,0.75,0,0
0.646,0.26,0.8938461538461538,-1.0,0.75,0,0
0.632,0.26,0.9076923076923077,-1.0,0.75,0,0
0.618,0.26,0.9215384615384615,-0.5,0.75,0,0
0.604,0.26,0.9353846153846154,-0.5,0.75,0,0
0.59,0.26,0.8061538461538461,-0.5,0.75,1,0
0.576,0.26,0.82,-0.5,0.75,1,0
0.562,0.26,0.8338461538461538,-0.5,0.75,1,0
0.548,0.26,0.8476923076923077,-0.5,0.75,1,0
0.534,0.26,0.8615384615384616,-0.5,0.75,1,0
0.52,0.26,0.8753846153846154,-0.5,0.75,1,0
0.506,0.26,0.8892307692307693,-0.5,0.75,1,0
0.492,0.26,0.9030769230769231,-0.5,0.75,1,0
0.478,0.26,0.916923076923077,-0.5,0.75,1,0
0.464,0.26,0.9307692307692308,-0.5,0.75,1,0
0.45,0.26,-0.26153846153846155,-0.5,0.5833333333333334,1,0
0.436,0.26,-0.25076923076923074,-0.5,0.5833333333333334,1,0
0.422,0.26,-0.24,-0.5,0.5833333333333334,1,0
0.408,0.26,-0.22923076923076924,-0.5,0.5833333333333334,1,0
0.408,0.26,-0.21846153846153846,-0.5,0.5833333333333334,1,1
0.408,0.26,-0.2076923076923077,-0.5,0.5833333333333334,1,1
0.408,0.26,-0.19692307692307692,-0.5,0.5833333333333334,1,1
0.408,0.26,-0.18615384615384614,-0.5,0.5833333333333334,1,1
0.408,0.26,-0.1753846153846154,-0.5,0.5833333333333334,1,1
0.408,0.26,-0.1646153846153846,-0.5,0.5833333333333334,1,1
0.408,0.26,-0.15384615384615385,-0.5,0.5833333333333334,1,1
0.408,0.26,-0.14307692307692307,-0.5,0.5833333333333334,1,1
0.408,0.26,-0.13230769230769232,-0.5,0.5833333333333334,1,1
0.408,0.26,-0.12153846153846154,-0.5,0.5833333333333334,1,1
0.408,0.26,-0.11076923076923077,-0.5,0.5833333333333334,1,1
0.408,0.26,-0.1,-0.5,0.5833333333333334,1,1
0.394,0.26,-0.08923076923076922,-0.5,0.5833333333333334,1,0
0.38,0.26,-0.07846153846153846,-0.5,0.5833333333333334,1,0
0.366,0.26,-0.06769230769230769,0.0,0.5833333333333334,1,0
0.352,0.26,-0.05692307692307692,0.0,0.5833333333333334,1,0
0.338,0.26,-0.046153846153846156,0.0,0.5833333333333334,1,0
0.324,0.26,-0.03538461538461538,0.0,0.5833333333333334,1,0
0.31,0.26,-0.024615384615384615,0.0,0.5833333333333334,1,0
0.296,0.26,-0.013846153846153847,0.0,0.5833333333333334,1,0
0.282,0.26,-0.003076923076923077,0.0,0.5833333333333334,1,0
0.268,0.26,0.007692307692307693,0.0,0.5833333333333334,1,0
0.254,0.26,0.018461538461538463,0.0,0.5833333333333334,1,0
0.24,0.26,0.02923076923076923,0.0,0.5833333333333334,1,0
0.226,0.26,0.04,0.0,0.5833333333333334,1,0
0.212,0.26,0.05076923076923077,0.0,0.5833333333333334,1,0
0.198,0.26,0.06153846153846154,0.0,0.5833333333333334,1,0
0.198,0.26,0.07230769230769231,0.0,0.5833333333333334,1,0
0.198,0.26,0.08615384615384615,0.0,0.8333333333333334,1,0
0.198,0.26,0.10153846153846154,0.0,0.8333333333333334,1,0
0.198,0.26,0.11692307692307692,0.0,0.8333333333333334,1,0
0.198,0.26,0.13230769230769232,0.0,0.8333333333333334,1,0
0.198,0.26,0.1476923076923077,0.0,0.8333333333333334,1,1
0.198,0.26,0.16307692307692306,0.0,0.8333333333333334,1,1
0.198,0.26,0.17846153846153845,0.0,0.8333333333333334,1,1
0.198,0.26,0.19384615384615383,0.0,0.8333333333333334,1,1
0.198,0.26,0.20923076923076922,0.0,0.8333333333333334,1,1
0.198,0.26,0.2246153846153846,0.0,0.8333333333333334,1,1
0.198,0.26,0.24,0.0,0.8333333333333334,1,1
0.198,0.26,0.2553846153846154,0.0,0.8333333333333334,1,1
0.198,0.26,0.27076923076923076,0.0,0.8333333333333334,1,1
0.198,0.26,0.28615384615384615,0.0,0.8333333333333334,1,1
0.198,0.26,0.30153846153846153,0.0,0.8333333333333334,1,1
0.212,0.26,0.3169230769230769,0.0,0.8333333333333334,1,2
0.226,0.26,0.3323076923076923,0.0,0.8333333333333334,1,2
0.24,0.26,0.3476923076923077,0.0,0.8333333333333334,1,2
0.254,0.26,0.3630769230769231,0.0,0.8333333333333334,1,2
0.268,0.26,0.37846153846153846,0.0,0.8333333333333334,1,2
0.282,0.26,0.39384615384615385,0.0,0.8333333333333334,1,2
0.296,0.26,0.40923076923076923,0.0,0.8333333333333334,1,2
0.31,0.26,0.4246153846153846,0.0,0.8333333333333334,1,2
0.324,0.26,0.44,0.0,0.8333333333333334,1,2
0.338,0.26,0.4553846153846154,0.0,0.8333333333333334,1,2
0.352,0.26,0.4707692307692308,0.0,0.8333333333333334,1,2
0.366,0.26,0.48615384615384616,0.0,0.8333333333333334,1,2
0.38,0.26,0.5015384615384615,-0.5,0.8333333333333334,1,2
0.394,0.26,0.5169230769230769,-0.5,0.8333333333333334,1,2
0.408,0.26,0.5323076923076923,-0.5,0.8333333333333334,1,2
0.422,0.26,0.5476923076923077,-0.5,0.8333333333333334,1,2
0.436,0.26,0.563076923076923,-0.5,0.8333333333333334,1,2
0.45,0.26,0.5784615384615385,-0.5,0.8333333333333334,1,2
0.464,0.26,0.5938461538461538,-0.5,0.8333333333333334,1,2
0.478,0.26,0.6092307692307692,-0.5,0.8333333333333334,1,2
0.492,0.26,0.6246153846153846,-0.5,0.8333333333333334,1,2
0.506,0.26,0.64,-0.5,0.8333333333333334,1,2
0.52,0.26,0.6553846153846153,-0.5,0.8333333333333334,1,2
0.534,0.26,0.6707692307692308,-0.5,0.8333333333333334,1,2
0.548,0.26,0.6861538461538461,-0.5,0.8333333333333334,1,2
0.562,0.26,0.7015384615384616,-0.5,0.8333333333333334,1,2
0.576,0.26,0.7169230769230769,-0.5,0.8333333333333334,1,2
0.59,0.26,0.7323076923076923,-0.5,0.8333333333333334,1,2
0.604,0.26,0.7476923076923077,-0.5,0.8333333333333334,1,2
0.618,0.26,0.7630769230769231,-0.5,0.8333333333333334,1,2
0.632,0.26,0.7784615384615384,-1.0,0.8333333333333334,1,2
0.646,0.26,0.7938461538461539,-1.0,0.8333333333333334,1,2
0.66,0.26,0.8092307692307692,-1.0,0.8333333333333334,1,2
0.674,0.26,0.8246153846153846,-1.0,0.8333333333333334,1,2
0.688,0.26,0.84,-1.0,0.8333333333333334,1,2
0.702,0.26,0.8553846153846154,-1.0,0.8333333333333334,1,2
0.716,0.26,0.8707692307692307,-1.0,0.8333333333333334,1,2
0.73,0.26,0.8861538461538462,-1.0,0.8333333333333334,1,2
0.73,0.26,0.9015384615384615,-1.0,0.8333333333333334,1,1
0.73,0.26,0.916923076923077,-1.0,0.8333333333333334,1,1
0.73,0.26,0.9323076923076923,-1.0,0.8333333333333334,1,1
0.73,0.26,0.6861538461538461,-1.0,0.5833333333333334,1,1
0.73,0.26,0.696923076923077,-1.0,0.5833333333333334,1,1
0.73,0.26,0.7076923076923077,-1.0,0.5833333333333334,1,1
0.73,0.26,0.7184615384615385,-1.0,0.5833333333333334,1,1
0.73,0.26,0.7292307692307692,-1.0,0.5833333333333334,1,1
0.73,0.26,0.74,-1.0,0.5833333333333334,1,1
0.73,0.26,0.7507692307692307,-1.0,0.5833333333333334,1,1
0.73,0.26,0.7615384615384615,-1.0,0.5833333333333334,1,1
0.73,0.26,0.7723076923076924,-1.0,0.5833333333333334,1,1
0.73,0.26,0.7830769230769231,-1.0,0.5833333333333334,1,1
0.73,0.26,0.7938461538461539,-1.0,0.5833333333333334,1,1
0.73,0.26,0.8046153846153846,-1.0,0.5833333333333334,1,1
0.73,0.26,0.8153846153846154,-1.0,0.5833333333333334,1,1
0.73,0.26,0.8261538461538461,-1.0,0.5833333333333334,1,1
0.73,0.26,0.8369230769230769,-1.0,0.5833333333333334,1,1
0.73,0.26,0.8476923076923077,-1.0,0.5833333333333334,1,1
0.73,0.26,0.8584615384615385,-1.0,0.5833333333333334,1,1
0.73,0.26,0.8692307692307693,-1.0,0.5833333333333334,1,1
0.73,0.26,0.88,-1.0,0.5833333333333334,1,1
0.73,0.26,0.8907692307692308,-1.0,0.5833333333333334,1,1
0.73,0.26,0.9015384615384615,-1.0,0.5833333333333334,1,1
0.73,0.26,0.9123076923076923,-1.0,0.5833333333333334,1,1
0.716,0.26,0.9230769230769231,-1.0,0.5833333333333334,1,0
0.702,0.26,0.9338461538461539,-1.0,0.5833333333333334,1,0
0.688,0.5,0.9307692307692308,-0.5,0.5833333333333334,1,0
0.674,0.26,-0.009230769230769232,-1.0,0.5833333333333334,1,0
0.66,0.26,0.0015384615384615385,-1.0,0.5833333333333334,1,0
0.646,0.26,0.012307692307692308,-1.0,0.5833333333333334,1,0
0.632,0.26,0.023076923076923078,-1.0,0.5833333333333334,1,0
0.618,0.26,0.033846153846153845,-0.5,0.5833333333333334,1,0
0.604,0.26,0.04461538461538461,-0.5,0.5833333333333334,1,0
0.59,0.26,0.055384615384615386,-0.5,0.5833333333333334,1,0
0.576,0.26,0.06615384615384616,-0.5,0.5833333333333334,1,0
0.562,0.26,0.07692307692307693,-0.5,0.5833333333333334,1,0
0.548,0.26,0.0876923076923077,-0.5,0.5833333333333334,1,0
0.534,0.26,0.09899999999999999,-0.5,0.5833333333333334,1,0
0.52,0.26,0.11030769230769229,-0.5,0.5833333333333334,1,0
0.506,0.26,0.12161538461538458,-0.5,0.5833333333333334,1,0
0.492,0.26,0.1329230769230769,-0.5,0.5833333333333334,1,0
0.478,0.26,0.1442307692307692,-0.5,0.5833333333333334,1,0
0.478,0.26,0.1555384615384615,-0.5,0.5833333333333334,1,1
0.478,0.26,0.16684615384615378,-0.5,0.5833333333333334,1,1
0.478,0.26,0.17815384615384608,-0.5,0.5833333333333334,1,1
0.478,0.26,0.18946153846153838,-0.5,0.5833333333333334,1,1
0.478,0.26,0.20076923076923067,-0.5,0.5833333333333334,1,1
0.478,0.26,0.21207692307692297,-0.5,0.5833333333333334,1,1
0.492,0.26,0.2233846153846153,-0.5,0.5833333333333334,1,2
0.506,0.26,0.2346923076923076,-0.5,0.5833333333333334,1,2
0.52,0.26,0.24599999999999989,-0.5,0.5833333333333334,1,2
0.534,0.26,0.2573076923076922,-0.5,0.5833333333333334,1,2
0.548,0.26,0.2686153846153845,-0.5,0.5833333333333334,1,2
0.562,0.26,0.2799230769230768,-0.5,0.5833333333333334,1,2
0.576,0.26,0.29123076923076907,-0.5,0.5833333333333334,1,2
0.59,0.26,0.30253846153846137,-0.5,0.5833333333333334,1,2
0.604,0.26,0.31384615384615366,-0.5,0.5833333333333334,1,2
0.618,0.26,0.32515384615384596,-0.5,0.5833333333333334,1,2
0.618,0.26,0.33646153846153826,-0.5,0.5833333333333334,1,1
0.618,0.26,0.34776923076923055,-0.5,0.5833333333333334,1,1
0.618,0.26,0.35907692307692285,-0.5,0.5833333333333334,1,1
0.618,0.26,0.37038461538461515,-0.5,0.5833333333333334,1,1
0.618,0.26,0.38169230769230744,-0.5,0.5833333333333334,1,1
0.618,0.26,0.39299999999999974,-0.5,0.5833333333333334,1,1
0.618,0.26,0.4043076923076921,-0.5,0.5833333333333334,1,1
0.632,0.26,0.4156153846153844,-1.0,0.5833333333333334,1,2
0.646,0.26,0.42692307692307674,-1.0,0.5833333333333334,1,2
0.66,0.26,0.4382307692307691,-1.0,0.5833333333333334,1,2
0.674,0.26,0.44953846153846144,-1.0,0.5833333333333334,1,2
0.688,0.26,0.4608461538461538,-1.0,0.5833333333333334,1,2
0.702,0.26,0.47215384615384615,-1.0,0.5833333333333334,1,2
0.716,0.26,0.48346153846153844,-1.0,0.5833333333333334,1,2
0.73,0.26,0.4947692307692308,-1.0,0.5833333333333334,1,2
0.744,0.26,0.5060769230769232,-1.0,0.5833333333333334,1,2
0.758,0.26,0.5173846153846154,-1.0,0.5833333333333334,1,2
0.772,0.26,0.5286923076923078,-1.0,0.5833333333333334,1,2
0.786,0.26,0.5400000000000001,-1.0,0.5833333333333334,1,2
0.8,0.26,0.5513076923076925,-1.0,0.5833333333333334,1,2
0.802,0.26,0.5626153846153849,-1.0,0.5833333333333334,1,2
0.802,0.26,0.5739230769230772,-1.0,0.5833333333333334,1,2
0.802,0.26,0.5852307692307696,-1.0,0.5833333333333334,1,2
0.802,0.26,0.5965384615384619,-1.0,0.5833333333333334,1,2
0.802,0.26,0.6078461538461543,-1.0,0.5833333333333334,1,2
0.802,0.26,0.6191538461538466,-1.0,0.5833333333333334,1,2
0.802,0.26,0.630461538461539,-1.0,0.5833333333333334,1,1
0.802,0.26,0.6417692307692313,-1.0,0.5833333333333334,1,1
0.802,0.26,0.6530769230769236,-1.0,0.5833333333333334,1,1
0.802,0.26,0.6643846153846159,-1.0,0.5833333333333334,1,1
0.802,0.26,0.6756923076923083,-1.0,0.5833333333333334,1,1
0.802,0.26,0.6870000000000006,-1.0,0.5833333333333334,1,1
0.802,0.26,0.698307692307693,-1.0,0.5833333333333334,1,1
0.802,0.26,0.7096153846153853,-1.0,0.5833333333333334,1,1
0.802,0.26,0.7209230769230777,-1.0,0.5833333333333334,1,1
0.802,0.26,0.73223076923077,-1.0,0.5833333333333334,1,1
0.802,0.26,0.7435384615384624,-1.0,0.5833333333333334,1,1
0.802,0.26,0.7548461538461547,-1.0,0.5833333333333334,1,1
0.802,0.26,0.7661538461538471,-1.0,0.5833333333333334,1,1
0.802,0.26,0.7774615384615394,-1.0,0.5833333333333334,1,1
0.802,0.26,0.7887692307692317,-1.0,0.5833333333333334,1,1
0.802,0.26,0.800076923076924,-1.0,0.5833333333333334,1,1
0.802,0.26,0.8113846153846164,-1.0,0.5833333333333334,1,1
0.802,0.26,0.8226923076923087,-1.0,0.5833333333333334,1,1
0.802,0.26,0.8340000000000011,-1.0,0.5833333333333334,1,1
0.802,0.26,0.8453076923076934,-1.0,0.5833333333333334,1,1
0.802,0.26,0.8566153846153858,-1.0,0.5833333333333334,1,1
0.802,0.26,0.8679230769230781,-1.0,0.5833333333333334,1,1
0.802,0.26,0.8792307692307705,-1.0,0.5833333333333334,1,1
0.802,0.26,0.8905384615384628,-1.0,0.5833333333333334,1,1
0.802,0.26,0.9018461538461552,-1.0,0.5833333333333334,1,1
0.802,0.26,0.9131538461538475,-1.0,0.5833333333333334,1,1
0.802,0.26,0.9244615384615398,-1.0,0.5833333333333334,1,1
0.802,0.26,0.9357692307692321,-1.0,0.5833333333333334,1,1
0.802,0.5,0.6731538461538468,-0.5,0.5833333333333334,0,1
0.802,0.5,0.6844615384615391,-0.5,0.5833333333333334,0,1
0.802,0.5,0.6957692307692315,-0.5,0.5833333333333334,0,1
0.802,0.5,0.7070769230769238,-0.5,0.5833333333333334,0,1
0.802,0.5,0.7183846153846162,-0.5,0.5833333333333334,0,1
0.802,0.5,0.7296923076923085,-0.5,0.5833333333333334,0,1
0.802,0.5,0.7410000000000009,-0.5,0.5833333333333334,0,1
0.802,0.5,0.7523076923076932,-0.5,0.5833333333333334,0,1
0.802,0.5,0.7636153846153855,-0.5,0.5833333333333334,0,1
0.802,0.5,0.7749230769230778,-0.5,0.5833333333333334,0,1
0.802,0.5,0.7862307692307702,-0.5,0.5833333333333334,0,1
0.802,0.5,0.7975384615384625,-0.5,0.5833333333333334,0,1
0.802,0.5,0.8088461538461549,-0.5,0.5833333333333334,0,1
0.802,0.5,0.8201538461538472,-0.5,0.5833333333333334,0,1
0.802,0.5,0.8314615384615396,-0.5,0.5833333333333334,0,1
0.802,0.5,0.8427692307692319,-0.5,0.5833333333333334,0,1
0.802,0.5,0.8540769230769243,-0.5,0.5833333333333334,0,1
0.802,0.5,0.8653846153846166,-0.5,0.5833333333333334,0,1
0.802,0.5,0.876692307692309,-0.5,0.5833333333333334,0,1
0.788,0.5,0.8880000000000013,-0.5,0.5833333333333334,0,0
0.774,0.5,0.8993076923076936,-0.5,0.5833333333333334,0,0
0.76,0.5,0.9106153846153859,-0.5,0.5833333333333334,0,0
0.746,0.5,0.9219230769230783,-0.5,0.5833333333333334,0,0
0.732,0.26,0.9373846153846167,-1.0,0.8333333333333334,1,0
0.718,0.74,-0.22684615384615392,0.0,0.75,0,0
0.704,0.74,-0.21246153846153853,0.0,0.75,0,0
0.69,0.74,-0.19807692307692318,0.0,0.75,0,0
0.676,0.74,-0.1836923076923078,0.0,0.75,0,0
0.662,0.74,-0.1693076923076924,0.0,0.75,0,0
0.648,0.74,-0.15492307692307702,0.0,0.75,0,0
0.634,0.74,-0.14053846153846167,0.0,0.75,0,0
0.62,0.74,-0.12615384615384628,0.0,0.75,0,0
0.606,0.74,-0.11176923076923091,0.5,0.75,0,0
0.592,0.74,-0.09738461538461553,0.5,0.75,0,0
0.578,0.74,-0.08300000000000013,0.5,0.75,0,0
0.564,0.74,-0.06861538461538474,0.5,0.75,0,0
0.55,0.74,-0.05423076923076936,0.5,0.75,0,0
0.536,0.74,-0.039846153846153975,0.5,0.75,0,0
0.522,0.74,-0.025461538461538587,0.5,0.75,0,0
0.508,0.74,-0.011076923076923205,0.5,0.75,0,0
0.494,0.74,0.00330769230769218,0.5,0.75,0,0
0.48,0.74,0.017692307692307563,0.5,0.75,0,0
0.466,0.74,0.03207692307692295,0.5,0.75,0,0
0.452,0.74,0.04646153846153833,0.5,0.75,0,0
0.438,0.74,0.060846153846153724,0.5,0.75,0,0
0.424,0.74,0.07523076923076912,0.5,0.75,0,0
0.41,0.74,0.0896153846153845,0.5,0.75,0,0
0.396,0.74,0.10399999999999988,0.5,0.75,0,0
0.382,0.74,0.11838461538461525,0.5,0.75,0,0
0.368,0.74,0.13276923076923064,1.0,0.75,0,0
0.354,0.74,0.147153846153846,1.0,0.75,0,0
0.34,0.74,0.16153846153846138,1.0,0.75,0,0
0.326,0.74,0.17592307692307677,1.0,0.75,0,0
0.312,0.74,0.19030769230769215,1.0,0.75,0,0
0.298,0.74,0.20469230769230753,1.0,0.75,0,0
0.284,0.74,0.21907692307692292,1.0,0.75,0,0
0.284,0.74,0.23346153846153828,1.0,0.75,0,1
0.284,0.74,0.24784615384615366,1.0,0.75,0,1
0.284,0.74,0.26223076923076905,1.0,0.75,0,1
0.284,0.74,0.27661538461538443,1.0,0.75,0,1
0.298,0.74,0.2909999999999998,1.0,0.75,0,2
0.312,0.74,0.30538461538461514,1.0,0.75,0,2
0.326,0.74,0.31976923076923053,1.0,0.75,0,2
0.34,0.74,0.3341538461538459,1.0,0.75,0,2
0.354,0.74,0.3485384615384613,1.0,0.75,0,2
0.368,0.74,0.3629230769230767,1.0,0.75,0,2
0.382,0.74,0.37730769230769207,0.5,0.75,0,2
0.396,0.74,0.3916923076923074,0.5,0.75,0,2
0.41,0.74,0.4060769230769228,0.5,0.75,0,2
0.424,0.74,0.4204615384615382,0.5,0.75,0,2
0.438,0.74,0.43484615384615366,0.5,0.75,0,2
0.452,0.74,0.44923076923076904,0.5,0.75,0,2
0.466,0.74,0.4636153846153845,0.5,0.75,0,2
0.48,0.74,0.47799999999999987,0.5,0.75,0,2
0.494,0.74,0.4923846153846153,0.5,0.75,0,2
0.508,0.74,0.5067692307692307,0.5,0.75,0,2
0.508,0.74,0.5211538461538462,0.5,0.75,0,1
0.508,0.74,0.5355384615384615,0.5,0.75,0,1
0.508,0.74,0.549923076923077,0.5,0.75,0,1
0.508,0.74,0.5643076923076924,0.5,0.75,0,1
0.508,0.74,0.5786923076923078,0.5,0.75,0,1
0.508,0.74,0.5930769230769233,0.5,0.75,0,1
0.508,0.74,0.6074615384615387,0.5,0.75,0,1
0.508,0.74,0.621846153846154,0.5,0.75,0,1
0.508,0.74,0.6362307692307695,0.5,0.75,0,1
0.508,0.74,0.6506153846153849,0.5,0.75,0,1
0.508,0.74,0.6650000000000004,0.5,0.75,0,1
0.508,0.74,0.6793846153846158,0.5,0.75,0,1
0.508,0.74,0.6937692307692311,0.5,0.75,0,1
0.508,0.74,0.7081538461538466,0.5,0.75,0,1
0.508,0.74,0.722538461538462,0.5,0.75,0,1
0.508,0.74,0.7369230769230775,0.5,0.75,0,1
0.508,0.74,0.7513076923076929,0.5,0.75,0,1
0.508,0.74,0.7656923076923083,0.5,0.75,0,1
0.508,0.74,0.7800769230769237,0.5,0.75,0,1
0.508,0.74,0.7944615384615391,0.5,0.75,0,1
0.508,0.74,0.8088461538461545,0.5,0.75,0,1
0.508,0.74,0.82323076923077,0.5,0.75,0,1
0.508,0.74,0.8376153846153854,0.5,0.75,0,1
0.508,0.74,0.8520000000000008,0.5,0.75,0,1
0.508,0.74,0.8663846153846162,0.5,0.75,0,1
0.508,0.74,0.8807692307692316,0.5,0.75,0,1
0.508,0.74,0.8951538461538471,0.5,0.75,0,1
0.508,0.74,0.9095384615384625,0.5,0.75,0,1
0.508,0.74,0.923923076923078,0.5,0.75,0,1
0.508,0.74,0.9383076923076933,0.5,0.75,0,1
0.508,0.26,0.6459230769230775,-0.5,0.5833333333333334,0,1
0.508,0.26,0.6572307692307698,-0.5,0.5833333333333334,0,1
0.508,0.26,0.6685384615384622,-0.5,0.5833333333333334,0,1
0.508,0.26,0.6798461538461545,-0.5,0.5833333333333334,0,1
0.508,0.26,0.6911538461538469,-0.5,0.5833333333333334,0,1
0.508,0.26,0.7024615384615392,-0.5,0.5833333333333334,0,1
0.508,0.26,0.7137692307692315,-0.5,0.5833333333333334,0,1
0.508,0.26,0.7250769230769238,-0.5,0.5833333333333334,0,1
0.508,0.26,0.7363846153846162,-0.5,0.5833333333333334,0,1
0.508,0.26,0.7476923076923085,-0.5,0.5833333333333334,0,1
0.508,0.26,0.7590000000000009,-0.5,0.5833333333333334,0,1
0.508,0.26,0.7703076923076932,-0.5,0.5833333333333334,0,1
0.508,0.26,0.7816153846153856,-0.5,0.5833333333333334,0,1
0.508,0.26,0.792923076923078,-0.5,0.5833333333333334,0,1
0.508,0.26,0.8042307692307703,-0.5,0.5833333333333334,0,1
0.508,0.26,0.8155384615384627,-0.5,0.5833333333333334,0,1
0.508,0.26,0.826846153846155,-0.5,0.5833333333333334,0,1
0.508,0.26,0.8381538461538474,-0.5,0.5833333333333334,0,1
0.494,0.26,0.8494615384615396,-0.5,0.5833333333333334,0,0
0.48,0.26,0.860769230769232,-0.5,0.5833333333333334,0,0
0.466,0.26,0.8720769230769243,-0.5,0.5833333333333334,0,0
0.452,0.26,0.8833846153846167,-0.5,0.5833333333333334,0,0
0.438,0.26,0.894692307692309,-0.5,0.5833333333333334,0,0
0.424,0.26,0.9060000000000014,-0.5,0.5833333333333334,0,0
0.41,0.26,0.9173076923076937,-0.5,0.5833333333333334,0,0
0.41,0.26,0.9286153846153861,-0.5,0.5833333333333334,0,1
0.41,0.26,0.9399230769230784,-0.5,0.5833333333333334,0,1
0.41,0.26,0.750307692307693,-0.5,0.5833333333333334,0,1
0.41,0.26,0.7616153846153854,-0.5,0.5833333333333334,0,1
0.41,0.26,0.7729230769230777,-0.5,0.5833333333333334,0,1
0.41,0.26,0.7842307692307701,-0.5,0.5833333333333334,0,1
0.41,0.26,0.7955384615384623,-0.5,0.5833333333333334,0,1
0.41,0.26,0.8068461538461547,-0.5,0.5833333333333334,0,1
0.41,0.26,0.818153846153847,-0.5,0.5833333333333334,0,1
0.41,0.26,0.8294615384615392,-0.5,0.5833333333333334,0,1
0.41,0.26,0.8407692307692316,-0.5,0.5833333333333334,0,1
0.41,0.26,0.852076923076924,-0.5,0.5833333333333334,0,1
0.41,0.26,0.8633846153846163,-0.5,0.5833333333333334,0,1
0.41,0.26,0.8746923076923087,-0.5,0.5833333333333334,0,1
0.41,0.26,0.886000000000001,-0.5,0.5833333333333334,0,1
0.41,0.26,0.8973076923076934,-0.5,0.5833333333333334,0,1
0.424,0.26,0.9086153846153857,-0.5,0.5833333333333334,0,2
0.438,0.26,0.9199230769230781,-0.5,0.5833333333333334,0,2
0.452,0.26,0.9312307692307704,-0.5,0.5833333333333334,0,2
0.466,0.74,0.028615384615384452,0.5,0.4166666666666667,0,2
0.48,0.74,0.03684615384615369,0.5,0.4166666666666667,0,2
0.494,0.74,0.04507692307692292,0.5,0.4166666666666667,0,2
0.508,0.74,0.05330769230769215,0.5,0.4166666666666667,0,2
0.522,0.74,0.06153846153846138,0.5,0.4166666666666667,0,2
0.522,0.74,0.06976923076923063,0.5,0.4166666666666667,0,1
0.522,0.74,0.07799999999999985,0.5,0.4166666666666667,0,1
0.522,0.74,0.08623076923076908,0.5,0.4166666666666667,0,1
0.522,0.74,0.09446153846153832,0.5,0.4166666666666667,0,1
0.522,0.74,0.10269230769230754,0.5,0.4166666666666667,0,1
0.522,0.74,0.11092307692307676,0.5,0.4166666666666667,0,1
0.522,0.74,0.11915384615384599,0.5,0.4166666666666667,0,1
0.522,0.74,0.1273846153846152,0.5,0.4166666666666667,0,1
0.522,0.74,0.13561538461538442,0.5,0.4166666666666667,0,1
0.522,0.74,0.14384615384615365,0.5,0.4166666666666667,0,1
0.522,0.74,0.15207692307692286,0.5,0.4166666666666667,0,1
0.522,0.74,0.1603076923076921,0.5,0.4166666666666667,0,1
0.522,0.74,0.1685384615384613,0.5,0.4166666666666667,0,1
0.522,0.74,0.17676923076923054,0.5,0.4166666666666667,0,1
0.522,0.74,0.18499999999999975,0.5,0.4166666666666667,0,1
0.522,0.74,0.19323076923076898,0.5,0.4166666666666667,0,1
0.522,0.74,0.20146153846153822,0.5,0.4166666666666667,0,1
0.522,0.74,0.20969230769230746,0.5,0.4166666666666667,0,1
0.536,0.74,0.21792307692307666,0.5,0.4166666666666667,0,2
0.55,0.74,0.2261538461538459,0.5,0.4166666666666667,0,2
0.564,0.74,0.2343846153846151,0.5,0.4166666666666667,0,2
0.578,0.74,0.24261538461538434,0.5,0.4166666666666667,0,2
0.592,0.74,0.25084615384615355,0.5,0.4166666666666667,0,2
0.606,0.74,0.25907692307692276,0.5,0.4166666666666667,0,2
0.62,0.74,0.267307692307692,0.0,0.4166666666666667,0,2
0.634,0.74,0.27553846153846123,0.0,0.4166666666666667,0,2
0.648,0.74,0.28376923076923044,0.0,0.4166666666666667,0,2
0.662,0.74,0.29199999999999965,0.0,0.4166666666666667,0,2
0.662,0.74,0.3002307692307689,0.0,0.4166666666666667,0,1
0.662,0.74,0.3084615384615381,0.0,0.4166666666666667,0,1
0.662,0.74,0.31669230769230733,0.0,0.4166666666666667,0,1
0.662,0.74,0.32492307692307654,0.0,0.4166666666666667,0,1
0.662,0.74,0.3331538461538458,0.0,0.4166666666666667,0,1
0.662,0.74,0.341384615384615,0.0,0.4166666666666667,0,1
0.662,0.74,0.3496153846153842,0.0,0.4166666666666667,0,1
0.662,0.74,0.3578461538461534,0.0,0.4166666666666667,0,1
0.662,0.74,0.3660769230769227,0.0,0.4166666666666667,0,1
0.662,0.74,0.3743076923076919,0.0,0.4166666666666667,0,1
0.662,0.74,0.3825384615384611,0.0,0.4166666666666667,0,1
0.662,0.74,0.3907692307692303,0.0,0.4166666666666667,0,1
0.662,0.74,0.3989999999999996,0.0,0.4166666666666667,0,1
0.662,0.74,0.40723076923076884,0.0,0.4166666666666667,0,1
0.662,0.74,0.4154615384615381,0.0,0.4166666666666667,0,1
0.662,0.74,0.42369230769230737,0.0,0.4166666666666667,0,1
0.662,0.74,0.4319230769230767,0.0,0.4166666666666667,0,1
0.662,0.74,0.44015384615384595,0.0,0.4166666666666667,0,1
0.662,0.74,0.4483846153846152,0.0,0.4166666666666667,0,1
0.662,0.74,0.4566153846153845,0.0,0.4166666666666667,0,1
0.662,0.74,0.46484615384615374,0.0,0.4166666666666667,0,1
0.662,0.74,0.473076923076923,0.0,0.4166666666666667,0,1
0.662,0.74,0.48130769230769227,0.0,0.4166666666666667,0,1
0.662,0.74,0.48953846153846153,0.0,0.4166666666666667,0,1
0.662,0.74,0.4977692307692308,0.0,0.4166666666666667,0,1
0.662,0.74,0.506,0.0,0.4166666666666667,0,1
0.662,0.74,0.5142307692307693,0.0,0.4166666666666667,0,1
0.662,0.74,0.5224615384615385,0.0,0.4166666666666667,0,1
0.662,0.74,0.5306923076923078,0.0,0.4166666666666667,0,1
0.662,0.74,0.5389230769230771,0.0,0.4166666666666667,0,1
0.662,0.74,0.5471538461538464,0.0,0.4166666666666667,0,1
0.662,0.74,0.5553846153846157,0.0,0.4166666666666667,0,1
0.662,0.74,0.563615384615385,0.0,0.4166666666666667,0,1
0.662,0.74,0.5718461538461542,0.0,0.4166666666666667,0,1
0.662,0.74,0.5800769230769235,0.0,0.4166666666666667,0,1
0.662,0.74,0.5883076923076928,0.0,0.4166666666666667,0,1
0.662,0.74,0.596538461538462,0.0,0.4166666666666667,0,1
0.662,0.74,0.6047692307692313,0.0,0.4166666666666667,0,1
0.662,0.74,0.6130000000000005,0.0,0.4166666666666667,0,1
0.648,0.74,0.6212307692307698,0.0,0.4166666666666667,0,0
0.634,0.74,0.6294615384615391,0.0,0.4166666666666667,0,0
0.62,0.74,0.6376923076923083,0.0,0.4166666666666667,0,0
0.606,0.74,0.6459230769230776,0.5,0.4166666666666667,0,0
0.592,0.74,0.6541538461538469,0.5,0.4166666666666667,0,0
0.592,0.74,0.6623846153846161,0.5,0.4166666666666667,0,1
0.592,0.74,0.6706153846153854,0.5,0.4166666666666667,0,1
0.592,0.74,0.6788461538461547,0.5,0.4166666666666667,0,1
0.592,0.74,0.6870769230769239,0.5,0.4166666666666667,0,1
0.592,0.74,0.6953076923076932,0.5,0.4166666666666667,0,1
0.592,0.74,0.7035384615384624,0.5,0.4166666666666667,0,1
0.592,0.74,0.7117692307692317,0.5,0.4166666666666667,0,1
0.592,0.74,0.720000000000001,0.5,0.4166666666666667,0,1
0.592,0.74,0.7282307692307702,0.5,0.4166666666666667,0,1
0.592,0.74,0.7364615384615395,0.5,0.4166666666666667,0,1
0.592,0.74,0.7446923076923088,0.5,0.4166666666666667,0,1
0.606,0.74,0.752923076923078,0.5,0.4166666666666667,0,2
0.62,0.74,0.7611538461538473,0.0,0.4166666666666667,0,2
0.634,0.74,0.7693846153846166,0.0,0.4166666666666667,0,2
0.648,0.74,0.7776153846153858,0.0,0.4166666666666667,0,2
0.662,0.74,0.7858461538461551,0.0,0.4166666666666667,0,2
0.5,0.5,-0.20307692307692307,0.0,0.6666666666666666,0,1
0.5,0.5,-0.19076923076923077,0.0,0.6666666666666666,0,1
0.5,0.5,-0.17846153846153845,0.0,0.6666666666666666,0,1
0.5,0.5,-0.16615384615384615,0.0,0.6666666666666666,0,1
0.5,0.5,-0.15384615384615385,0.0,0.6666666666666666,0,1
0.5,0.5,-0.14153846153846153,0.0,0.6666666666666666,0,1
0.5,0.5,-0.12923076923076923,0.0,0.6666666666666666,0,1
0.5,0.5,-0.11692307692307692,0.0,0.6666666666666666,0,1
0.5,0.5,-0.10461538461538461,0.0,0.6666666666666666,0,1
0.5,0.5,-0.09230769230769231,0.0,0.6666666666666666,0,1
0.5,0.5,-0.08,0.0,0.6666666666666666,0,1
0.5,0.5,-0.06769230769230769,0.0,0.6666666666666666,0,1
0.5,0.5,-0.055384615384615386,0.0,0.6666666666666666,0,1
0.5,0.5,-0.043076923076923075,0.0,0.6666666666666666,0,1
0.5,0.5,-0.03076923076923077,0.0,0.6666666666666666,0,1
0.5,0.5,-0.018461538461538463,0.0,0.6666666666666666,0,1
0.5,0.5,-0.006153846153846154,0.0,0.6666666666666666,0,1
0.5,0.5,0.006153846153846154,0.0,0.6666666666666666,0,1
0.5,0.5,0.018461538461538463,0.0,0.6666666666666666,0,1
0.5,0.5,0.03076923076923077,0.0,0.6666666666666666,0,1
0.5,0.5,0.043076923076923075,0.0,0.6666666666666666,0,1
0.5,0.5,0.055384615384615386,0.0,0.6666666666666666,0,1
0.5,0.5,0.06769230769230769,0.0,0.6666666666666666,0,1
0.5,0.5,0.08,0.0,0.6666666666666666,0,1
0.5,0.5,0.09230769230769231,0.0,0.6666666666666666,0,1
0.5,0.5,0.10461538461538461,0.0,0.6666666666666666,0,1
0.5,0.5,0.11692307692307692,0.0,0.6666666666666666,0,1
0.5,0.5,0.12923076923076923,0.0,0.6666666666666666,0,1
0.5,0.5,0.14153846153846153,0.0,0.6666666666666666,0,1
0.5,0.5,0.15384615384615385,0.0,0.6666666666666666,0,1
0.5,0.5,0.16615384615384615,0.0,0.6666666666666666,0,1
0.5,0.5,0.17846153846153845,0.0,0.6666666666666666,0,1
0.5,0.5,0.19076923076923077,0.0,0.6666666666666666,0,1
0.5,0.5,0.20307692307692307,0.0,0.6666666666666666,0,1
0.5,0.5,0.2153846153846154,0.0,0.6666666666666666,0,1
0.5,0.5,0.2276923076923077,0.0,0.6666666666666666,0,1
0.5,0.5,0.24,0.0,0.6666666666666666,0,1
0.5,0.5,0.2523076923076923,0.0,0.6666666666666666,0,1
0.5,0.5,0.26461538461538464,0.0,0.6666666666666666,0,1
0.5,0.5,0.27692307692307694,0.0,0.6666666666666666,0,1
0.5,0.5,0.28923076923076924,0.0,0.6666666666666666,0,1
0.5,0.5,0.30153846153846153,0.0,0.6666666666666666,0,1
0.5,0.5,0.31384615384615383,0.0,0.6666666666666666,0,1
0.5,0.5,0.3261538461538461,0.0,0.6666666666666666,0,1
0.486,0.5,0.3384615384615385,0.0,0.6666666666666666,0,0
0.472,0.5,0.3507692307692308,0.0,0.6666666666666666,0,0
0.458,0.5,0.3630769230769231,0.0,0.6666666666666666,0,0
0.444,0.5,0.37538461538461537,0.0,0.6666666666666666,0,0
0.43,0.5,0.38769230769230767,0.0,0.6666666666666666,0,0
0.416,0.5,0.4,0.0,0.6666666666666666,0,0
0.402,0.5,0.4123076923076923,0.0,0.6666666666666666,0,0
0.388,0.5,0.4246153846153846,0.0,0.6666666666666666,0,0
0.374,0.5,0.4369230769230769,0.5,0.6666666666666666,0,0
0.36,0.5,0.4492307692307692,0.5,0.6666666666666666,0,0
0.346,0.5,0.46153846153846156,0.5,0.6666666666666666,0,0
0.332,0.5,0.47384615384615386,0.5,0.6666666666666666,0,0
0.318,0.5,0.48615384615384616,0.5,0.6666666666666666,0,0
0.304,0.5,0.49846153846153846,0.5,0.6666666666666666,0,0
0.29,0.5,0.5107692307692308,0.5,0.6666666666666666,0,0
0.276,0.5,0.5230769230769231,0.5,0.6666666666666666,0,0
0.262,0.5,0.5353846153846153,0.5,0.6666666666666666,0,0
0.248,0.5,0.5476923076923077,0.5,0.6666666666666666,0,0
0.234,0.5,0.56,0.5,0.6666666666666666,0,0
0.234,0.5,0.5723076923076923,0.5,0.6666666666666666,0,1
0.234,0.5,0.5846153846153846,0.5,0.6666666666666666,0,1
0.234,0.5,0.5969230769230769,0.5,0.6666666666666666,0,1
0.234,0.5,0.6092307692307692,0.5,0.6666666666666666,0,1
0.234,0.5,0.6215384615384615,0.5,0.6666666666666666,0,1
0.234,0.5,0.6338461538461538,0.5,0.6666666666666666,0,1
0.234,0.5,0.6461538461538462,0.5,0.6666666666666666,0,1
0.234,0.5,0.6584615384615384,0.5,0.6666666666666666,0,1
0.234,0.5,0.6707692307692308,0.5,0.6666666666666666,0,1
0.234,0.5,0.683076923076923,0.5,0.6666666666666666,0,1
0.234,0.5,0.6953846153846154,0.5,0.6666666666666666,0,1
0.234,0.5,0.7076923076923077,0.5,0.6666666666666666,0,1
0.234,0.5,0.72,0.5,0.6666666666666666,0,1
0.234,0.5,0.7323076923076923,0.5,0.6666666666666666,0,1
0.234,0.5,0.7446153846153846,0.5,0.6666666666666666,0,1
0.234,0.5,0.7569230769230769,0.5,0.6666666666666666,0,1
0.234,0.5,0.7692307692307693,0.5,0.6666666666666666,0,1
0.234,0.5,0.7815384615384615,0.5,0.6666666666666666,0,1
0.234,0.5,0.7938461538461539,0.5,0.6666666666666666,0,1
0.234,0.5,0.8061538461538461,0.5,0.6666666666666666,0,1
0.234,0.5,0.8184615384615385,0.5,0.6666666666666666,0,1
0.234,0.5,0.8307692307692308,0.5,0.6666666666666666,0,1
0.234,0.5,0.8430769230769231,0.5,0.6666666666666666,0,1
0.234,0.5,0.8553846153846154,0.5,0.6666666666666666,0,1
0.234,0.5,0.8676923076923077,0.5,0.6666666666666666,0,1
0.234,0.5,0.88,0.5,0.6666666666666666,0,1
0.234,0.5,0.8923076923076924,0.5,0.6666666666666666,0,1
0.234,0.5,0.9046153846153846,0.5,0.6666666666666666,0,1
0.234,0.5,0.916923076923077,0.5,0.6666666666666666,0,1
0.234,0.5,0.9292307692307692,0.5,0.6666666666666666,0,1
0.234,0.5,0.6030769230769231,0.5,0.6666666666666666,0,1
0.234,0.5,0.6153846153846154,0.5,0.6666666666666666,0,1
0.248,0.5,0.6276923076923077,0.5,0.6666666666666666,0,2
0.262,0.5,0.64,0.5,0.6666666666666666,0,2
0.276,0.5,0.6523076923076923,0.5,0.6666666666666666,0,2
0.29,0.5,0.6646153846153846,0.5,0.6666666666666666,0,2
0.304,0.5,0.676923076923077,0.5,0.6666666666666666,0,2
0.318,0.5,0.6892307692307692,0.5,0.6666666666666666,0,2
0.332,0.5,0.7015384615384616,0.5,0.6666666666666666,0,2
0.346,0.5,0.7138461538461538,0.5,0.6666666666666666,0,2
0.36,0.5,0.7261538461538461,0.5,0.6666666666666666,0,2
0.374,0.5,0.7384615384615385,0.5,0.6666666666666666,0,2
0.388,0.5,0.7507692307692307,0.0,0.6666666666666666,0,2
0.388,0.5,0.7630769230769231,0.0,0.6666666666666666,0,1
0.388,0.5,0.7753846153846153,0.0,0.6666666666666666,0,1
0.388,0.5,0.7876923076923077,0.0,0.6666666666666666,0,1
0.388,0.5,0.8,0.0,0.6666666666666666,0,1
0.388,0.5,0.8123076923076923,0.0,0.6666666666666666,0,1
0.388,0.5,0.8246153846153846,0.0,0.6666666666666666,0,1
0.388,0.5,0.8369230769230769,0.0,0.6666666666666666,0,1
0.388,0.5,0.8492307692307692,0.0,0.6666666666666666,0,1
0.388,0.5,0.8615384615384616,0.0,0.6666666666666666,0,1
0.388,0.26,0.8769230769230769,-0.5,0.8333333333333334,1,1
0.388,0.26,0.8923076923076924,-0.5,0.8333333333333334,1,1
0.388,0.26,0.9076923076923077,-0.5,0.8333333333333334,1,1
0.388,0.26,0.9230769230769231,-0.5,0.8333333333333334,1,1
0.388,0.26,0.9384615384615385,-0.5,0.8333333333333334,1,1
0.388,0.5,0.9353846153846154,0.0,0.6666666666666666,0,1
0.388,0.5,-0.14,0.0,0.5833333333333334,1,1
0.388,0.5,-0.12923076923076923,0.0,0.5833333333333334,1,1
0.388,0.5,-0.11846153846153847,0.0,0.5833333333333334,1,1
0.388,0.5,-0.1076923076923077,0.0,0.5833333333333334,1,1
0.388,0.5,-0.09692307692307692,0.0,0.5833333333333334,1,1
0.388,0.5,-0.08615384615384615,0.0,0.5833333333333334,1,1
0.388,0.5,-0.07538461538461538,0.0,0.5833333333333334,1,1
0.388,0.5,-0.06461538461538462,0.0,0.5833333333333334,1,1
0.388,0.5,-0.05384615384615385,0.0,0.5833333333333334,1,1
0.388,0.5,-0.043076923076923075,0.0,0.5833333333333334,1,1
0.388,0.5,-0.03230769230769231,0.0,0.5833333333333334,1,1
0.388,0.5,-0.021538461538461538,0.0,0.5833333333333334,1,1
0.388,0.5,-0.010769230769230769,0.0,0.5833333333333334,1,1
0.388,0.5,0.0,0.0,0.5833333333333334,1,1
0.388,0.5,0.010769230769230769,0.0,0.5833333333333334,1,1
0.388,0.5,0.021538461538461538,0.0,0.5833333333333334,1,1
0.388,0.5,0.03230769230769231,0.0,0.5833333333333334,1,1
0.388,0.5,0.043076923076923075,0.0,0.5833333333333334,1,1
0.388,0.5,0.05384615384615385,0.0,0.5833333333333334,1,1
0.388,0.5,0.06461538461538462,0.0,0.5833333333333334,1,1
0.388,0.5,0.07538461538461538,0.0,0.5833333333333334,1,1
0.388,0.5,0.08615384615384615,0.0,0.5833333333333334,1,1
0.388,0.5,0.09692307692307692,0.0,0.5833333333333334,1,1
0.402,0.5,0.1076923076923077,0.0,0.5833333333333334,1,2
0.416,0.5,0.11846153846153847,0.0,0.5833333333333334,1,2
0.43,0.5,0.12923076923076923,0.0,0.5833333333333334,1,2
0.444,0.5,0.14,0.0,0.5833333333333334,1,2
0.458,0.5,0.15076923076923077,0.0,0.5833333333333334,1,2
0.472,0.5,0.16153846153846155,0.0,0.5833333333333334,1,2
0.486,0.5,0.1723076923076923,0.0,0.5833333333333334,1,2
0.486,0.5,0.18307692307692308,0.0,0.5833333333333334,1,1
0.486,0.5,0.19384615384615383,0.0,0.5833333333333334,1,1
0.486,0.5,0.20461538461538462,0.0,0.5833333333333334,1,1
0.486,0.5,0.2153846153846154,0.0,0.5833333333333334,1,1
0.486,0.5,0.22615384615384615,0.0,0.5833333333333334,1,1
0.486,0.5,0.23692307692307693,0.0,0.5833333333333334,1,1
0.5,0.5,0.24769230769230768,0.0,0.5833333333333334,1,2
0.514,0.5,0.25846153846153846,0.0,0.5833333333333334,1,2
0.528,0.5,0.2692307692307692,0.0,0.5833333333333334,1,2
0.542,0.5,0.28,0.0,0.5833333333333334,1,2
0.556,0.5,0.2907692307692308,0.0,0.5833333333333334,1,2
0.57,0.5,0.30153846153846153,0.0,0.5833333333333334,1,2
0.584,0.5,0.3123076923076923,0.0,0.5833333333333334,1,2
0.598,0.5,0.3230769230769231,0.0,0.5833333333333334,1,2
0.612,0.5,0.33384615384615385,0.0,0.5833333333333334,1,2
0.612,0.5,0.3446153846153846,0.0,0.5833333333333334,1,1
0.612,0.5,0.3553846153846154,0.0,0.5833333333333334,1,1
0.612,0.5,0.36615384615384616,0.0,0.5833333333333334,1,1
0.612,0.5,0.3769230769230769,0.0,0.5833333333333334,1,1
0.612,0.5,0.38769230769230767,0.0,0.5833333333333334,1,1
0.612,0.5,0.3984615384615385,0.0,0.5833333333333334,1,1
0.626,0.5,0.40923076923076923,-0.5,0.5833333333333334,1,2
0.64,0.5,0.42,-0.5,0.5833333333333334,1,2
0.654,0.74,0.4323076923076923,0.0,0.8333333333333334,1,2
0.668,0.74,0.44769230769230767,0.0,0.8333333333333334,1,2
0.682,0.74,0.46307692307692305,0.0,0.8333333333333334,1,2
0.696,0.74,0.47846153846153844,0.0,0.8333333333333334,1,2
0.71,0.74,0.4938461538461538,0.0,0.8333333333333334,1,2
0.724,0.74,0.5092307692307693,0.0,0.8333333333333334,1,2
0.724,0.74,0.5246153846153846,0.0,0.8333333333333334,1,1
0.724,0.74,0.54,0.0,0.8333333333333334,1,1
0.724,0.74,0.5553846153846154,0.0,0.8333333333333334,1,1
0.724,0.74,0.5707692307692308,0.0,0.8333333333333334,1,1
0.724,0.74,0.5861538461538461,0.0,0.8333333333333334,1,1
0.724,0.74,0.6015384615384616,0.0,0.8333333333333334,1,1
0.724,0.74,0.6169230769230769,0.0,0.8333333333333334,1,1
0.724,0.74,0.6323076923076923,0.0,0.8333333333333334,1,1
0.71,0.74,0.6476923076923077,0.0,0.8333333333333334,1,0
0.696,0.74,0.6630769230769231,0.0,0.8333333333333334,1,0
0.682,0.74,0.6784615384615384,0.0,0.8333333333333334,1,0
0.668,0.74,0.6938461538461539,0.0,0.8333333333333334,1,0
0.654,0.74,0.7092307692307692,0.0,0.8333333333333334,1,0
0.64,0.74,0.7246153846153847,0.0,0.8333333333333334,1,0
0.64,0.74,0.74,0.0,0.8333333333333334,1,1
0.64,0.74,0.7553846153846154,0.0,0.8333333333333334,1,1
0.64,0.74,0.7707692307692308,0.0,0.8333333333333334,1,1
0.64,0.74,0.7861538461538462,0.0,0.8333333333333334,1,1
0.64,0.74,0.8015384615384615,0.0,0.8333333333333334,1,1
0.64,0.74,0.816923076923077,0.0,0.8333333333333334,1,1
0.64,0.74,0.8323076923076923,0.0,0.8333333333333334,1,1
0.64,0.74,0.8476923076923077,0.0,0.8333333333333334,1,1
0.64,0.74,0.8630769230769231,0.0,0.8333333333333334,1,1
0.64,0.74,0.8784615384615385,0.0,0.8333333333333334,1,1
0.64,0.74,0.8938461538461538,0.0,0.8333333333333334,1,1
0.64,0.74,0.9092307692307692,0.0,0.8333333333333334,1,1
0.64,0.74,0.9246153846153846,0.0,0.8333333333333334,1,1
0.64,0.5,0.7861538461538462,-0.5,0.5833333333333334,1,1
0.64,0.5,0.796923076923077,-0.5,0.5833333333333334,1,1
0.64,0.5,0.8076923076923077,-0.5,0.5833333333333334,1,1
0.64,0.5,0.8184615384615385,-0.5,0.5833333333333334,1,1
0.64,0.5,0.8292307692307692,-0.5,0.5833333333333334,1,1
0.64,0.5,0.84,-0.5,0.5833333333333334,1,1
0.64,0.5,0.8507692307692307,-0.5,0.5833333333333334,1,1
0.64,0.5,0.8615384615384616,-0.5,0.5833333333333334,1,1
0.64,0.5,0.8723076923076923,-0.5,0.5833333333333334,1,1
0.64,0.5,0.8830769230769231,-0.5,0.5833333333333334,1,1
0.64,0.5,0.8938461538461538,-0.5,0.5833333333333334,1,1
0.64,0.5,0.9046153846153846,-0.5,0.5833333333333334,1,1
0.64,0.5,0.9153846153846154,-0.5,0.5833333333333334,1,1
0.64,0.5,0.9261538461538461,-0.5,0.5833333333333334,1,1
0.64,0.5,0.936923076923077,-0.5,0.5833333333333334,1,1
0.64,0.26,0.9184615384615384,-1.0,0.8333333333333334,1,1
0.64,0.26,0.9338461538461539,-1.0,0.8333333333333334,1,1
0.64,0.74,-0.3,0.0,0.8333333333333334,0,1
0.64,0.74,-0.2846153846153846,0.0,0.8333333333333334,0,1
0.64,0.74,-0.2692307692307692,0.0,0.8333333333333334,0,1
0.654,0.74,-0.25384615384615383,0.0,0.8333333333333334,0,2
0.668,0.74,-0.23846153846153847,0.0,0.8333333333333334,0,2
0.682,0.74,-0.2230769230769231,0.0,0.8333333333333334,0,2
0.696,0.74,-0.2076923076923077,0.0,0.8333333333333334,0,2
0.71,0.74,-0.19230769230769232,0.0,0.8333333333333334,0,2
0.724,0.74,-0.17692307692307693,0.0,0.8333333333333334,0,2
0.724,0.74,-0.16153846153846155,0.0,0.8333333333333334,0,1
0.724,0.74,-0.14615384615384616,0.0,0.8333333333333334,0,1
0.724,0.74,-0.13076923076923078,0.0,0.8333333333333334,0,1
0.724,0.74,-0.11538461538461539,0.0,0.8333333333333334,0,1
0.724,0.74,-0.1,0.0,0.8333333333333334,0,1
0.724,0.74,-0.08461538461538462,0.0,0.8333333333333334,0,1
0.724,0.74,-0.06923076923076923,0.0,0.8333333333333334,0,1
0.724,0.74,-0.05384615384615385,0.0,0.8333333333333334,0,1
0.71,0.74,-0.038461538461538464,0.0,0.8333333333333334,0,0
0.696,0.74,-0.023076923076923078,0.0,0.8333333333333334,0,0
0.682,0.74,-0.007692307692307693,0.0,0.8333333333333334,0,0
0.668,0.74,0.007692307692307693,0.0,0.8333333333333334,0,0
0.654,0.74,0.023076923076923078,0.0,0.8333333333333334,0,0
0.64,0.74,0.038461538461538464,0.0,0.8333333333333334,0,0
0.626,0.74,0.05384615384615385,0.0,0.8333333333333334,0,0
0.612,0.74,0.06923076923076923,0.5,0.8333333333333334,0,0
0.598,0.74,0.08461538461538462,0.5,0.8333333333333334,0,0
0.584,0.74,0.1,0.5,0.8333333333333334,0,0
0.57,0.74,0.11538461538461539,0.5,0.8333333333333334,0,0
0.556,0.74,0.13076923076923078,0.5,0.8333333333333334,0,0
0.542,0.74,0.14615384615384616,0.5,0.8333333333333334,0,0
0.528,0.74,0.16153846153846155,0.5,0.8333333333333334,0,0
0.514,0.74,0.17692307692307693,0.5,0.8333333333333334,0,0
0.5,0.74,0.19230769230769232,0.5,0.8333333333333334,0,0
0.486,0.74,0.2076923076923077,0.5,0.8333333333333334,0,0
0.472,0.74,0.2230769230769231,0.5,0.8333333333333334,0,0
0.458,0.74,0.23846153846153847,0.5,0.8333333333333334,0,0
0.444,0.74,0.25384615384615383,0.5,0.8333333333333334,0,0
0.43,0.74,0.2692307692307692,0.5,0.8333333333333334,0,0
0.43,0.74,0.2846153846153846,0.5,0.8333333333333334,0,1
0.43,0.74,0.3,0.5,0.8333333333333334,0,1
0.43,0.74,0.3153846153846154,0.5,0.8333333333333334,0,1
0.43,0.74,0.33076923076923076,0.5,0.8333333333333334,0,1
0.43,0.74,0.34615384615384615,0.5,0.8333333333333334,0,1
0.43,0.74,0.36153846153846153,0.5,0.8333333333333334,0,1
0.43,0.74,0.3769230769230769,0.5,0.8333333333333334,0,1
0.43,0.74,0.3923076923076923,0.5,0.8333333333333334,0,1
0.43,0.74,0.4076923076923077,0.5,0.8333333333333334,0,1
0.43,0.74,0.4230769230769231,0.5,0.8333333333333334,0,1
0.43,0.74,0.43846153846153846,0.5,0.8333333333333334,0,1
0.43,0.74,0.45384615384615384,0.5,0.8333333333333334,0,1
0.43,0.74,0.46923076923076923,0.5,0.8333333333333334,0,1
0.43,0.74,0.4846153846153846,0.5,0.8333333333333334,0,1
0.43,0.74,0.5,0.5,0.8333333333333334,0,1
0.43,0.74,0.5153846153846153,0.5,0.8333333333333334,0,1
0.43,0.74,0.5307692307692308,0.5,0.8333333333333334,0,1
0.43,0.74,0.5461538461538461,0.5,0.8333333333333334,0,1
0.43,0.74,0.5615384615384615,0.5,0.8333333333333334,0,1
0.43,0.74,0.5769230769230769,0.5,0.8333333333333334,0,1
0.43,0.74,0.5923076923076923,0.5,0.8333333333333334,0,1
0.43,0.74,0.6076923076923076,0.5,0.8333333333333334,0,1
0.43,0.74,0.6230769230769231,0.5,0.8333333333333334,0,1
0.43,0.74,0.6384615384615384,0.5,0.8333333333333334,0,1
0.43,0.74,0.6538461538461539,0.5,0.8333333333333334,0,1
0.43,0.74,0.6692307692307692,0.5,0.8333333333333334,0,1
0.43,0.74,0.6846153846153846,0.5,0.8333333333333334,0,1
0.43,0.74,0.7,0.5,0.8333333333333334,0,1
0.43,0.74,0.7153846153846154,0.5,0.8333333333333334,0,1
0.43,0.74,0.7307692307692307,0.5,0.8333333333333334,0,1
0.43,0.74,0.7461538461538462,0.5,0.8333333333333334,0,1
0.43,0.74,0.7615384615384615,0.5,0.8333333333333334,0,1
0.444,0.74,0.7769230769230769,0.5,0.8333333333333334,0,2
0.458,0.74,0.7923076923076923,0.5,0.8333333333333334,0,2
0.472,0.74,0.8076923076923077,0.5,0.8333333333333334,0,2
0.486,0.74,0.823076923076923,0.5,0.8333333333333334,0,2
0.5,0.74,0.8384615384615385,0.5,0.8333333333333334,0,2
0.514,0.74,0.8538461538461538,0.5,0.8333333333333334,0,2
0.528,0.74,0.8692307692307693,0.5,0.8333333333333334,0,2
0.542,0.74,0.8846153846153846,0.5,0.8333333333333334,0,2
0.542,0.74,0.9,0.5,0.8333333333333334,0,1
0.542,0.74,0.9153846153846154,0.5,0.8333333333333334,0,1
0.542,0.74,0.9307692307692308,0.5,0.8333333333333334,0,1
0.542,0.74,0.5030769230769231,0.5,0.5833333333333334,1,1
0.542,0.74,0.5138461538461538,0.5,0.5833333333333334,1,1
0.542,0.74,0.5246153846153846,0.5,0.5833333333333334,1,1
0.542,0.74,0.5353846153846153,0.5,0.5833333333333334,1,1
0.542,0.74,0.5461538461538461,0.5,0.5833333333333334,1,1
0.542,0.74,0.556923076923077,0.5,0.5833333333333334,1,1
0.542,0.74,0.5676923076923077,0.5,0.5833333333333334,1,1
0.542,0.74,0.5784615384615385,0.5,0.5833333333333334,1,1
0.542,0.74,0.5892307692307692,0.5,0.5833333333333334,1,1
0.542,0.74,0.6,0.5,0.5833333333333334,1,1
0.542,0.74,0.6107692307692307,0.5,0.5833333333333334,1,1
0.542,0.74,0.6215384615384615,0.5,0.5833333333333334,1,1
0.542,0.74,0.6323076923076923,0.5,0.5833333333333334,1,1
0.542,0.74,0.6430769230769231,0.5,0.5833333333333334,1,1
0.528,0.74,0.6538461538461539,0.5,0.5833333333333334,1,0
0.514,0.74,0.6646153846153846,0.5,0.5833333333333334,1,0
0.5,0.74,0.6753846153846154,0.5,0.5833333333333334,1,0
0.486,0.74,0.6861538461538461,0.5,0.5833333333333334,1,0
0.472,0.74,0.696923076923077,0.5,0.5833333333333334,1,0
0.458,0.74,0.7076923076923077,0.5,0.5833333333333334,1,0
0.458,0.74,0.7184615384615385,0.5,0.5833333333333334,1,1
0.458,0.74,0.7292307692307692,0.5,0.5833333333333334,1,1
0.458,0.74,0.74,0.5,0.5833333333333334,1,1
0.458,0.74,0.7507692307692307,0.5,0.5833333333333334,1,1
0.458,0.74,0.7615384615384615,0.5,0.5833333333333334,1,1
0.458,0.74,0.7723076923076924,0.5,0.5833333333333334,1,1
0.458,0.74,0.7830769230769231,0.5,0.5833333333333334,1,1
0.458,0.74,0.7938461538461539,0.5,0.5833333333333334,1,1
0.458,0.74,0.8046153846153846,0.5,0.5833333333333334,1,1
0.458,0.74,0.8153846153846154,0.5,0.5833333333333334,1,1
0.458,0.74,0.8261538461538461,0.5,0.5833333333333334,1,1
0.472,0.74,0.8369230769230769,0.5,0.5833333333333334,1,2
0.486,0.74,0.8476923076923077,0.5,0.5833333333333334,1,2
0.5,0.74,0.8584615384615385,0.5,0.5833333333333334,1,2
0.514,0.74,0.8692307692307693,0.5,0.5833333333333334,1,2
0.528,0.74,0.88,0.5,0.5833333333333334,1,2
0.528,0.74,0.8907692307692308,0.5,0.5833333333333334,1,1
0.528,0.74,0.9015384615384615,0.5,0.5833333333333334,1,1
0.528,0.74,0.9123076923076923,0.5,0.5833333333333334,1,1
0.528,0.74,0.9230769230769231,0.5,0.5833333333333334,1,1
0.528,0.74,0.9338461538461539,0.5,0.5833333333333334,1,1
0.528,0.26,0.5338461538461539,-0.5,0.4166666666666667,1,1
0.528,0.26,0.5415384615384615,-0.5,0.4166666666666667,1,1
0.528,0.26,0.5492307692307692,-0.5,0.4166666666666667,1,1
0.528,0.26,0.556923076923077,-0.5,0.4166666666666667,1,1
0.528,0.26,0.5646153846153846,-0.5,0.4166666666666667,1,1
0.528,0.26,0.5723076923076923,-0.5,0.4166666666666667,1,1
0.528,0.26,0.58,-0.5,0.4166666666666667,1,1
0.528,0.26,0.5876923076923077,-0.5,0.4166666666666667,1,1
0.528,0.26,0.5953846153846154,-0.5,0.4166666666666667,1,1
0.528,0.26,0.6030769230769231,-0.5,0.4166666666666667,1,1
0.528,0.26,0.6107692307692307,-0.5,0.4166666666666667,1,1
0.528,0.26,0.619,-0.5,0.4166666666666667,1,1
0.528,0.26,0.6272307692307693,-0.5,0.4166666666666667,1,1
0.528,0.26,0.6354615384615385,-0.5,0.4166666666666667,1,1
0.528,0.26,0.6436923076923078,-0.5,0.4166666666666667,1,1
0.542,0.26,0.651923076923077,-0.5,0.4166666666666667,1,2
0.556,0.26,0.6601538461538463,-0.5,0.4166666666666667,1,2
0.57,0.26,0.6683846153846156,-0.5,0.4166666666666667,1,2
0.584,0.26,0.6766153846153848,-0.5,0.4166666666666667,1,2
0.598,0.26,0.6848461538461542,-0.5,0.4166666666666667,1,2
0.612,0.26,0.6930769230769235,-0.5,0.4166666666666667,1,2
0.626,0.26,0.7013076923076927,-1.0,0.4166666666666667,1,2
0.64,0.26,0.709538461538462,-1.0,0.4166666666666667,1,2
0.64,0.26,0.7177692307692313,-1.0,0.4166666666666667,1,1
0.64,0.26,0.7260000000000005,-1.0,0.4166666666666667,1,1
0.64,0.26,0.7342307692307698,-1.0,0.4166666666666667,1,1
0.64,0.26,0.7424615384615391,-1.0,0.4166666666666667,1,1
0.64,0.26,0.7506923076923083,-1.0,0.4166666666666667,1,1
0.654,0.26,0.7589230769230776,-1.0,0.4166666666666667,1,2
0.668,0.26,0.7671538461538469,-1.0,0.4166666666666667,1,2
0.682,0.26,0.7753846153846161,-1.0,0.4166666666666667,1,2
0.696,0.26,0.7836153846153854,-1.0,0.4166666666666667,1,2
0.71,0.26,0.7918461538461546,-1.0,0.4166666666666667,1,2
0.724,0.26,0.8000769230769239,-1.0,0.4166666666666667,1,2
0.738,0.26,0.8083076923076932,-1.0,0.4166666666666667,1,2
0.752,0.26,0.8165384615384624,-1.0,0.4166666666666667,1,2
0.752,0.26,0.8247692307692317,-1.0,0.4166666666666667,1,1
0.752,0.26,0.833000000000001,-1.0,0.4166666666666667,1,1
0.752,0.26,0.8412307692307702,-1.0,0.4166666666666667,1,1
0.752,0.26,0.8494615384615395,-1.0,0.4166666666666667,1,1
0.752,0.26,0.8576923076923088,-1.0,0.4166666666666667,1,1
0.752,0.26,0.865923076923078,-1.0,0.4166666666666667,1,1
0.752,0.26,0.8741538461538473,-1.0,0.4166666666666667,1,1
0.752,0.26,0.8823846153846165,-1.0,0.4166666666666667,1,1
0.752,0.26,0.8906153846153858,-1.0,0.4166666666666667,1,1
0.752,0.26,0.8988461538461551,-1.0,0.4166666666666667,1,1
0.752,0.26,0.9070769230769243,-1.0,0.4166666666666667,1,1
0.752,0.26,0.9153076923076936,-1.0,0.4166666666666667,1,1
0.752,0.26,0.9235384615384629,-1.0,0.4166666666666667,1,1
0.752,0.26,0.9317692307692321,-1.0,0.4166666666666667,1,1
0.752,0.26,0.5938461538461544,-1.0,0.5,0,1
0.752,0.26,0.6036153846153852,-1.0,0.5,0,1
0.752,0.26,0.613384615384616,-1.0,0.5,0,1
0.752,0.26,0.6231538461538468,-1.0,0.5,0,1
0.752,0.26,0.6329230769230776,-1.0,0.5,0,1
0.738,0.26,0.6426923076923083,-1.0,0.5,0,0
0.724,0.26,0.6524615384615392,-1.0,0.5,0,0
0.71,0.26,0.66223076923077,-1.0,0.5,0,0
0.696,0.26,0.6720000000000008,-1.0,0.5,0,0
0.682,0.26,0.6817692307692316,-1.0,0.5,0,0
0.668,0.26,0.6915384615384624,-1.0,0.5,0,0
0.654,0.26,0.7013076923076932,-1.0,0.5,0,0
0.64,0.26,0.711076923076924,-1.0,0.5,0,0
0.626,0.26,0.7208461538461548,-1.0,0.5,0,0
0.612,0.26,0.7306153846153857,-0.5,0.5,0,0
0.598,0.26,0.7403846153846164,-0.5,0.5,0,0
0.584,0.26,0.7501538461538473,-0.5,0.5,0,0
0.57,0.26,0.759923076923078,-0.5,0.5,0,0
0.556,0.26,0.7696923076923089,-0.5,0.5,0,0
0.542,0.26,0.7794615384615396,-0.5,0.5,0,0
0.528,0.26,0.7892307692307704,-0.5,0.5,0,0
0.514,0.26,0.7990000000000013,-0.5,0.5,0,0
0.5,0.26,0.808769230769232,-0.5,0.5,0,0
0.486,0.26,0.8185384615384629,-0.5,0.5,0,0
0.472,0.26,0.8283076923076936,-0.5,0.5,0,0
0.458,0.26,0.8380769230769245,-0.5,0.5,0,0
0.444,0.26,0.8478461538461552,-0.5,0.5,0,0
0.444,0.26,0.8576153846153861,-0.5,0.5,0,1
0.444,0.26,0.8673846153846169,-0.5,0.5,0,1
0.444,0.26,0.8771538461538477,-0.5,0.5,0,1
0.444,0.26,0.8869230769230785,-0.5,0.5,0,1
0.444,0.26,0.8966923076923093,-0.5,0.5,0,1
0.458,0.26,0.9064615384615401,-0.5,0.5,0,2
0.472,0.26,0.916230769230771,-0.5,0.5,0,2
0.486,0.26,0.9260000000000017,-0.5,0.5,0,2
0.5,0.26,0.9357692307692325,-0.5,0.5,0,2
0.514,0.26,0.5219230769230773,-0.5,0.75,0,2
0.528,0.26,0.5363076923076927,-0.5,0.75,0,2
0.542,0.26,0.5506923076923081,-0.5,0.75,0,2
0.556,0.26,0.5650769230769235,-0.5,0.75,0,2
0.57,0.26,0.5794615384615389,-0.5,0.75,0,2
0.584,0.26,0.5938461538461544,-0.5,0.75,0,2
0.598,0.26,0.6082307692307698,-0.5,0.75,0,2
0.612,0.26,0.6226153846153852,-0.5,0.75,0,2
0.626,0.26,0.6370000000000007,-1.0,0.75,0,2
0.64,0.26,0.651384615384616,-1.0,0.75,0,2
0.654,0.26,0.6657692307692314,-1.0,0.75,0,2
0.668,0.26,0.6801538461538469,-1.0,0.75,0,2
0.682,0.26,0.6945384615384623,-1.0,0.75,0,2
0.682,0.26,0.7089230769230778,-1.0,0.75,0,1
0.682,0.26,0.7233076923076931,-1.0,0.75,0,1
0.682,0.26,0.7376923076923085,-1.0,0.75,0,1
0.682,0.26,0.752076923076924,-1.0,0.75,0,1
0.682,0.26,0.7664615384615394,-1.0,0.75,0,1
0.682,0.26,0.7808461538461549,-1.0,0.75,0,1
0.682,0.26,0.7952307692307703,-1.0,0.75,0,1
0.682,0.26,0.8096153846153856,-1.0,0.75,0,1
0.682,0.26,0.8240000000000011,-1.0,0.75,0,1
0.682,0.26,0.8383846153846165,-1.0,0.75,0,1
0.682,0.26,0.852769230769232,-1.0,0.75,0,1
0.682,0.26,0.8671538461538474,-1.0,0.75,0,1
0.682,0.26,0.8815384615384627,-1.0,0.75,0,1
0.682,0.26,0.8959230769230782,-1.0,0.75,0,1
0.682,0.26,0.9103076923076936,-1.0,0.75,0,1
0.682,0.26,0.924692307692309,-1.0,0.75,0,1
0.682,0.26,0.9390769230769245,-1.0,0.75,0,1
0.682,0.26,0.43515384615384595,-1.0,0.8333333333333334,0,1
0.682,0.26,0.4510769230769229,-1.0,0.8333333333333334,0,1
0.682,0.26,0.46699999999999986,-1.0,0.8333333333333334,0,1
0.682,0.26,0.4829230769230768,-1.0,0.8333333333333334,0,1
0.682,0.26,0.4988461538461538,-1.0,0.8333333333333334,0,1
0.682,0.26,0.5147692307692308,-1.0,0.8333333333333334,0,1
0.682,0.26,0.5306923076923077,-1.0,0.8333333333333334,0,1
0.682,0.26,0.5466153846153846,-1.0,0.8333333333333334,0,1
0.682,0.26,0.5625384615384615,-1.0,0.8333333333333334,0,1
0.682,0.26,0.5784615384615386,-1.0,0.8333333333333334,0,1
0.682,0.26,0.5943846153846155,-1.0,0.8333333333333334,0,1
0.682,0.26,0.6103076923076924,-1.0,0.8333333333333334,0,1
0.682,0.26,0.6262307692307694,-1.0,0.8333333333333334,0,1
0.682,0.26,0.6421538461538464,-1.0,0.8333333333333334,0,1
0.682,0.26,0.6580769230769233,-1.0,0.8333333333333334,0,1
0.682,0.26,0.6740000000000003,-1.0,0.8333333333333334,0,1
0.682,0.26,0.6899230769230773,-1.0,0.8333333333333334,0,1
0.682,0.26,0.7058461538461542,-1.0,0.8333333333333334,0,1
0.682,0.26,0.7217692307692312,-1.0,0.8333333333333334,0,1
0.682,0.26,0.7376923076923081,-1.0,0.8333333333333334,0,1
0.682,0.26,0.7536153846153851,-1.0,0.8333333333333334,0,1
0.682,0.26,0.7695384615384621,-1.0,0.8333333333333334,0,1
0.682,0.26,0.785461538461539,-1.0,0.8333333333333334,0,1
0.682,0.26,0.8013846153846159,-1.0,0.8333333333333334,0,1
0.682,0.26,0.8173076923076928,-1.0,0.8333333333333334,0,1
0.682,0.26,0.8332307692307698,-1.0,0.8333333333333334,0,1
0.682,0.26,0.8491538461538467,-1.0,0.8333333333333334,0,1
0.682,0.26,0.8650769230769237,-1.0,0.8333333333333334,0,1
0.682,0.26,0.8810000000000007,-1.0,0.8333333333333334,0,1
0.682,0.26,0.8969230769230776,-1.0,0.8333333333333334,0,1
0.682,0.26,0.9128461538461545,-1.0,0.8333333333333334,0,1
0.682,0.26,0.9287692307692316,-1.0,0.8333333333333334,0,1
0.682,0.26,0.11292307692307685,-1.0,0.8333333333333334,1,1
0.682,0.26,0.12884615384615375,-1.0,0.8333333333333334,1,1
0.682,0.26,0.14476923076923068,-1.0,0.8333333333333334,1,1
0.682,0.26,0.16069230769230758,-1.0,0.8333333333333334,1,1
0.682,0.26,0.1766153846153845,-1.0,0.8333333333333334,1,1
0.682,0.26,0.1925384615384614,-1.0,0.8333333333333334,1,1
0.682,0.26,0.20846153846153834,-1.0,0.8333333333333334,1,1
0.682,0.26,0.22438461538461524,-1.0,0.8333333333333334,1,1
0.682,0.26,0.24030769230769217,-1.0,0.8333333333333334,1,1
0.682,0.26,0.2562307692307691,-1.0,0.8333333333333334,1,1
0.682,0.26,0.27215384615384597,-1.0,0.8333333333333334,1,1
0.682,0.26,0.2880769230769229,-1.0,0.8333333333333334,1,1
0.682,0.26,0.3039999999999998,-1.0,0.8333333333333334,1,1
0.682,0.26,0.31992307692307675,-1.0,0.8333333333333334,1,1
0.682,0.26,0.33584615384615363,-1.0,0.8333333333333334,1,1
0.682,0.26,0.35176923076923056,-1.0,0.8333333333333334,1,1
0.668,0.26,0.3676923076923075,-1.0,0.8333333333333334,1,0
0.654,0.26,0.3836153846153844,-1.0,0.8333333333333334,1,0
0.64,0.26,0.39953846153846134,-1.0,0.8333333333333334,1,0
0.626,0.26,0.4154615384615383,-1.0,0.8333333333333334,1,0
0.612,0.26,0.43138461538461526,-0.5,0.8333333333333334,1,0
0.598,0.26,0.44730769230769224,-0.5,0.8333333333333334,1,0
0.584,0.26,0.46323076923076917,-0.5,0.8333333333333334,1,0
0.57,0.26,0.47915384615384615,-0.5,0.8333333333333334,1,0
0.57,0.26,0.4950769230769231,-0.5,0.8333333333333334,1,1
0.57,0.26,0.511,-0.5,0.8333333333333334,1,1
0.57,0.26,0.526923076923077,-0.5,0.8333333333333334,1,1
0.57,0.26,0.542846153846154,-0.5,0.8333333333333334,1,1
0.57,0.26,0.5587692307692309,-0.5,0.8333333333333334,1,1
0.584,0.26,0.5746923076923078,-0.5,0.8333333333333334,1,2
0.598,0.26,0.5906153846153849,-0.5,0.8333333333333334,1,2
0.612,0.26,0.6065384615384618,-0.5,0.8333333333333334,1,2
0.626,0.26,0.6224615384615387,-1.0,0.8333333333333334,1,2
0.64,0.26,0.6383846153846158,-1.0,0.8333333333333334,1,2
0.654,0.26,0.6543076923076927,-1.0,0.8333333333333334,1,2
0.668,0.26,0.6702307692307696,-1.0,0.8333333333333334,1,2
0.682,0.26,0.6861538461538466,-1.0,0.8333333333333334,1,2
0.696,0.26,0.7020769230769236,-1.0,0.8333333333333334,1,2
0.696,0.26,0.7180000000000005,-1.0,0.8333333333333334,1,1
0.696,0.26,0.7339230769230775,-1.0,0.8333333333333334,1,1
0.696,0.26,0.7498461538461544,-1.0,0.8333333333333334,1,1
0.696,0.26,0.7657692307692314,-1.0,0.8333333333333334,1,1
0.696,0.26,0.7816923076923084,-1.0,0.8333333333333334,1,1
0.696,0.26,0.7976153846153852,-1.0,0.8333333333333334,1,1
0.696,0.26,0.8135384615384622,-1.0,0.8333333333333334,1,1
0.696,0.26,0.8294615384615391,-1.0,0.8333333333333334,1,1
0.696,0.26,0.8453846153846161,-1.0,0.8333333333333334,1,1
0.696,0.26,0.861307692307693,-1.0,0.8333333333333334,1,1
0.696,0.26,0.87723076923077,-1.0,0.8333333333333334,1,1
0.71,0.26,0.893153846153847,-1.0,0.8333333333333334,1,2
0.724,0.26,0.9090769230769239,-1.0,0.8333333333333334,1,2
0.738,0.26,0.9250000000000008,-1.0,0.8333333333333334,1,2
0.752,0.26,0.758000000000001,-1.0,0.6666666666666666,0,2
0.766,0.26,0.770846153846155,-1.0,0.6666666666666666,0,2
0.78,0.26,0.7836923076923088,-1.0,0.6666666666666666,0,2
0.794,0.26,0.7965384615384626,-1.0,0.6666666666666666,0,2
0.802,0.26,0.8093846153846165,-1.0,0.6666666666666666,0,2
0.802,0.26,0.8222307692307703,-1.0,0.6666666666666666,0,2
0.802,0.26,0.8350769230769243,-1.0,0.6666666666666666,0,1
0.802,0.26,0.8479230769230781,-1.0,0.6666666666666666,0,1
0.802,0.26,0.860769230769232,-1.0,0.6666666666666666,0,1
0.802,0.26,0.8736153846153859,-1.0,0.6666666666666666,0,1
0.802,0.26,0.8864615384615397,-1.0,0.6666666666666666,0,1
0.802,0.26,0.8993076923076936,-1.0,0.6666666666666666,0,1
0.802,0.26,0.9121538461538475,-1.0,0.6666666666666666,0,1
0.802,0.26,0.9250000000000014,-1.0,0.6666666666666666,0,1
0.802,0.26,0.9378461538461553,-1.0,0.6666666666666666,0,1
0.802,0.5,0.5040769230769231,-0.5,0.6666666666666666,1,1
0.802,0.5,0.516923076923077,-0.5,0.6666666666666666,1,1
0.802,0.5,0.5297692307692309,-0.5,0.6666666666666666,1,1
0.802,0.5,0.5426153846153847,-0.5,0.6666666666666666,1,1
0.802,0.5,0.5554615384615387,-0.5,0.6666666666666666,1,1
0.802,0.5,0.5683076923076925,-0.5,0.6666666666666666,1,1
0.802,0.5,0.5811538461538465,-0.5,0.6666666666666666,1,1
0.802,0.5,0.5940000000000003,-0.5,0.6666666666666666,1,1
0.802,0.5,0.6068461538461541,-0.5,0.6666666666666666,1,1
0.802,0.5,0.6196923076923081,-0.5,0.6666666666666666,1,1
0.802,0.5,0.6325384615384619,-0.5,0.6666666666666666,1,1
0.802,0.5,0.6453846153846158,-0.5,0.6666666666666666,1,1
0.802,0.5,0.6582307692307697,-0.5,0.6666666666666666,1,1
0.802,0.5,0.6710769230769236,-0.5,0.6666666666666666,1,1
0.802,0.5,0.6839230769230774,-0.5,0.6666666666666666,1,1
0.802,0.5,0.6967692307692314,-0.5,0.6666666666666666,1,1
0.802,0.5,0.7096153846153852,-0.5,0.6666666666666666,1,1
0.802,0.5,0.7224615384615392,-0.5,0.6666666666666666,1,1
0.802,0.5,0.735307692307693,-0.5,0.6666666666666666,1,1
0.802,0.5,0.7481538461538468,-0.5,0.6666666666666666,1,1
0.802,0.5,0.7610000000000008,-0.5,0.6666666666666666,1,1
0.802,0.5,0.7738461538461546,-0.5,0.6666666666666666,1,1
0.802,0.5,0.7866923076923085,-0.5,0.6666666666666666,1,1
0.802,0.5,0.7995384615384623,-0.5,0.6666666666666666,1,1
0.802,0.5,0.8123846153846161,-0.5,0.6666666666666666,1,1
0.802,0.5,0.8252307692307701,-0.5,0.6666666666666666,1,1
0.802,0.5,0.8380769230769239,-0.5,0.6666666666666666,1,1
0.802,0.5,0.8509230769230778,-0.5,0.6666666666666666,1,1
0.802,0.5,0.8637692307692317,-0.5,0.6666666666666666,1,1
0.802,0.5,0.8766153846153856,-0.5,0.6666666666666666,1,1
0.802,0.5,0.8894615384615395,-0.5,0.6666666666666666,1,1
0.802,0.5,0.9023076923076934,-0.5,0.6666666666666666,1,1
0.802,0.5,0.9151538461538472,-0.5,0.6666666666666666,1,1
0.802,0.5,0.9280000000000012,-0.5,0.6666666666666666,1,1
0.802,0.74,0.05346153846153835,0.0,0.75,0,1
0.802,0.74,0.06784615384615374,0.0,0.75,0,1
0.802,0.74,0.08223076923076912,0.0,0.75,0,1
0.802,0.74,0.0966153846153845,0.0,0.75,0,1
0.802,0.74,0.1109999999999999,0.0,0.75,0,1
0.802,0.74,0.1253846153846153,0.0,0.75,0,1
0.788,0.74,0.13976923076923065,0.0,0.75,0,0
0.774,0.74,0.15415384615384603,0.0,0.75,0,0
0.76,0.74,0.16853846153846141,0.0,0.75,0,0
0.746,0.74,0.18292307692307677,0.0,0.75,0,0
0.732,0.74,0.19730769230769218,0.0,0.75,0,0
0.718,0.74,0.21169230769230754,0.0,0.75,0,0
0.704,0.74,0.22607692307692293,0.0,0.75,0,0
0.69,0.74,0.2404615384615383,0.0,0.75,0,0
0.676,0.74,0.25484615384615367,0.0,0.75,0,0
0.662,0.74,0.26923076923076905,0.0,0.75,0,0
0.648,0.74,0.28361538461538444,0.0,0.75,0,0
0.634,0.74,0.2979999999999998,0.0,0.75,0,0
0.62,0.74,0.3123846153846152,0.0,0.75,0,0
0.606,0.74,0.32676923076923053,0.5,0.75,0,0
0.592,0.74,0.3411538461538459,0.5,0.75,0,0
0.578,0.74,0.3555384615384613,0.5,0.75,0,0
0.564,0.74,0.3699230769230767,0.5,0.75,0,0
0.55,0.74,0.3843076923076921,0.5,0.75,0,0
0.536,0.74,0.39869230769230746,0.5,0.75,0,0
0.522,0.74,0.4130769230769229,0.5,0.75,0,0
0.508,0.74,0.42746153846153834,0.5,0.75,0,0
0.494,0.74,0.4418461538461537,0.5,0.75,0,0
0.48,0.74,0.45623076923076916,0.5,0.75,0,0
0.466,0.74,0.4706153846153846,0.5,0.75,0,0
0.452,0.74,0.485,0.5,0.75,0,0
0.438,0.74,0.4993846153846154,0.5,0.75,0,0
0.424,0.74,0.5137692307692309,0.5,0.75,0,0
0.41,0.74,0.5281538461538463,0.5,0.75,0,0
0.396,0.74,0.5425384615384616,0.5,0.75,0,0
0.382,0.74,0.5569230769230771,0.5,0.75,0,0
0.368,0.74,0.5713076923076925,1.0,0.75,0,0
0.354,0.74,0.585692307692308,1.0,0.75,0,0
0.34,0.74,0.6000769230769234,1.0,0.75,0,0
0.326,0.74,0.6144615384615387,1.0,0.75,0,0
0.312,0.74,0.6288461538461542,1.0,0.75,0,0
0.312,0.74,0.6432307692307696,1.0,0.75,0,1
0.312,0.74,0.657615384615385,1.0,0.75,0,1
0.312,0.74,0.6720000000000005,1.0,0.75,0,1
0.312,0.74,0.6863846153846159,1.0,0.75,0,1
0.312,0.74,0.7007692307692313,1.0,0.75,0,1
0.312,0.74,0.7151538461538467,1.0,0.75,0,1
0.312,0.74,0.7295384615384621,1.0,0.75,0,1
0.312,0.74,0.7439230769230776,1.0,0.75,0,1
0.312,0.74,0.758307692307693,1.0,0.75,0,1
0.312,0.74,0.7726923076923083,1.0,0.75,0,1
0.312,0.74,0.7870769230769238,1.0,0.75,0,1
0.312,0.74,0.8014615384615392,1.0,0.75,0,1
0.312,0.74,0.8158461538461547,1.0,0.75,0,1
0.312,0.74,0.8302307692307701,1.0,0.75,0,1
0.312,0.74,0.8446153846153855,1.0,0.75,0,1
0.326,0.74,0.8590000000000009,1.0,0.75,0,2
0.34,0.74,0.8733846153846163,1.0,0.75,0,2
0.354,0.74,0.8877692307692318,1.0,0.75,0,2
0.368,0.74,0.9021538461538472,1.0,0.75,0,2
0.382,0.74,0.9165384615384626,0.5,0.75,0,2
0.396,0.74,0.930923076923078,0.5,0.75,0,2
0.41,0.74,0.5695384615384618,0.5,0.75,0,2
0.424,0.74,0.5839230769230772,0.5,0.75,0,2
0.424,0.74,0.5983076923076927,0.5,0.75,0,1
0.424,0.74,0.6126923076923081,0.5,0.75,0,1
0.424,0.74,0.6270769230769234,0.5,0.75,0,1
0.424,0.74,0.6414615384615389,0.5,0.75,0,1
0.424,0.74,0.6558461538461543,0.5,0.75,0,1
0.424,0.74,0.6702307692307697,0.5,0.75,0,1
0.424,0.74,0.6846153846153852,0.5,0.75,0,1
0.424,0.74,0.6990000000000005,0.5,0.75,0,1
0.424,0.74,0.7139230769230774,0.5,0.75,0,1
0.424,0.74,0.7288461538461544,0.5,0.75,0,1
0.424,0.74,0.7437692307692313,0.5,0.75,0,1
0.424,0.74,0.7586923076923082,0.5,0.75,0,1
0.424,0.74,0.773615384615385,0.5,0.75,0,1
0.424,0.74,0.788538461538462,0.5,0.75,0,1
0.424,0.74,0.803461538461539,0.5,0.75,0,1
0.424,0.74,0.8183846153846159,0.5,0.75,0,1
0.424,0.74,0.833307692307693,0.5,0.75,0,1
0.424,0.74,0.84823076923077,0.5,0.75,0,1
0.424,0.74,0.8631538461538469,0.5,0.75,0,1
0.424,0.74,0.878076923076924,0.5,0.75,0,1
0.41,0.74,0.8930000000000009,0.5,0.75,0,0
0.396,0.74,0.9079230769230779,0.5,0.75,0,0
0.382,0.74,0.922846153846155,0.5,0.75,0,0
0.368,0.74,0.9377692307692319,1.0,0.75,0,0
0.354,0.74,0.5524615384615381,1.0,0.4166666666666667,0,0
0.34,0.74,0.5612307692307689,1.0,0.4166666666666667,0,0
0.34,0.74,0.5699999999999996,1.0,0.4166666666666667,0,1
0.34,0.74,0.5787692307692304,1.0,0.4166666666666667,0,1
0.34,0.74,0.5875384615384611,1.0,0.4166666666666667,0,1
0.34,0.74,0.5963076923076919,1.0,0.4166666666666667,0,1
0.34,0.74,0.6050769230769226,1.0,0.4166666666666667,0,1
0.34,0.74,0.6138461538461534,1.0,0.4166666666666667,0,1
0.354,0.74,0.6226153846153841,1.0,0.4166666666666667,0,2
0.368,0.74,0.6313846153846149,1.0,0.4166666666666667,0,2
0.382,0.74,0.6401538461538456,0.5,0.4166666666666667,0,2
0.396,0.74,0.6489230769230764,0.5,0.4166666666666667,0,2
0.41,0.74,0.6576923076923071,0.5,0.4166666666666667,0,2
0.424,0.74,0.6664615384615379,0.5,0.4166666666666667,0,2
0.438,0.74,0.6752307692307686,0.5,0.4166666666666667,0,2
0.452,0.74,0.6839999999999994,0.5,0.4166666666666667,0,2
0.452,0.74,0.6927692307692301,0.5,0.4166666666666667,0,1
0.452,0.74,0.7015384615384609,0.5,0.4166666666666667,0,1
0.452,0.74,0.7103076923076916,0.5,0.4166666666666667,0,1
0.452,0.74,0.7190769230769224,0.5,0.4166666666666667,0,1
0.452,0.74,0.7278461538461531,0.5,0.4166666666666667,0,1
0.452,0.74,0.7366153846153839,0.5,0.4166666666666667,0,1
0.452,0.74,0.7453846153846146,0.5,0.4166666666666667,0,1
0.452,0.74,0.7541538461538454,0.5,0.4166666666666667,0,1
0.452,0.74,0.7629230769230761,0.5,0.4166666666666667,0,1
0.452,0.74,0.7716923076923069,0.5,0.4166666666666667,0,1
0.452,0.74,0.7804615384615377,0.5,0.4166666666666667,0,1
0.452,0.74,0.7892307692307685,0.5,0.4166666666666667,0,1
0.452,0.74,0.7979999999999994,0.5,0.4166666666666667,0,1
0.452,0.74,0.8067692307692302,0.5,0.4166666666666667,0,1
0.452,0.74,0.8155384615384611,0.5,0.4166666666666667,0,1
0.452,0.74,0.8243076923076919,0.5,0.4166666666666667,0,1
0.452,0.74,0.8330769230769227,0.5,0.4166666666666667,0,1
0.466,0.74,0.8418461538461536,0.5,0.4166666666666667,0,2
0.48,0.74,0.8506153846153844,0.5,0.4166666666666667,0,2
0.494,0.74,0.8593846153846152,0.5,0.4166666666666667,0,2
0.508,0.74,0.868153846153846,0.5,0.4166666666666667,0,2
0.522,0.74,0.8769230769230769,0.5,0.4166666666666667,0,2
0.536,0.74,0.8856923076923078,0.5,0.4166666666666667,0,2
0.55,0.74,0.8944615384615386,0.5,0.4166666666666667,0,2
0.55,0.74,0.9032307692307694,0.5,0.4166666666666667,0,1
0.55,0.74,0.9120000000000003,0.5,0.4166666666666667,0,1
0.55,0.74,0.9207692307692311,0.5,0.4166666666666667,0,1
0.55,0.74,0.929538461538462,0.5,0.4166666666666667,0,1
0.55,0.74,0.9383076923076928,0.5,0.4166666666666667,0,1
0.55,0.26,0.4667692307692302,-0.5,0.75,0,1
0.55,0.26,0.48169230769230714,-0.5,0.75,0,1
0.55,0.26,0.496615384615384,-0.5,0.75,0,1
0.55,0.26,0.5115384615384609,-0.5,0.75,0,1
0.55,0.26,0.5264615384615379,-0.5,0.75,0,1
0.55,0.26,0.5413846153846147,-0.5,0.75,0,1
0.55,0.26,0.5563076923076916,-0.5,0.75,0,1
0.55,0.26,0.5712307692307685,-0.5,0.75,0,1
0.55,0.26,0.5861538461538455,-0.5,0.75,0,1
0.55,0.26,0.6010769230769224,-0.5,0.75,0,1
0.55,0.26,0.6159999999999992,-0.5,0.75,0,1
0.55,0.26,0.6309230769230761,-0.5,0.75,0,1
0.55,0.26,0.6458461538461531,-0.5,0.75,0,1
0.55,0.26,0.66076923076923,-0.5,0.75,0,1
0.55,0.26,0.6756923076923069,-0.5,0.75,0,1
0.55,0.26,0.6906153846153837,-0.5,0.75,0,1
0.55,0.26,0.7055384615384607,-0.5,0.75,0,1
0.55,0.26,0.7204615384615376,-0.5,0.75,0,1
0.55,0.26,0.7353846153846145,-0.5,0.75,0,1
0.55,0.26,0.7503076923076915,-0.5,0.75,0,1
0.55,0.26,0.7652307692307683,-0.5,0.75,0,1
0.55,0.26,0.7801538461538452,-0.5,0.75,0,1
0.55,0.26,0.7950769230769221,-0.5,0.75,0,1
0.55,0.26,0.8099999999999992,-0.5,0.75,0,1
0.55,0.26,0.8249230769230761,-0.5,0.75,0,1
0.564,0.26,0.8398461538461531,-0.5,0.75,0,2
0.578,0.26,0.8547692307692301,-0.5,0.75,0,2
0.592,0.26,0.8696923076923071,-0.5,0.75,0,2
0.606,0.26,0.8846153846153841,-0.5,0.75,0,2
0.62,0.26,0.8995384615384611,-1.0,0.75,0,2
0.634,0.26,0.9144615384615381,-1.0,0.75,0,2
0.648,0.26,0.929384615384615,-1.0,0.75,0,2
0.662,0.26,0.3881538461538456,-1.0,0.5833333333333334,1,2
0.676,0.26,0.39999999999999947,-1.0,0.5833333333333334,1,2
0.69,0.26,0.4118461538461533,-1.0,0.5833333333333334,1,2
0.704,0.26,0.42369230769230715,-1.0,0.5833333333333334,1,2
0.718,0.26,0.435538461538461,-1.0,0.5833333333333334,1,2
0.732,0.26,0.44738461538461477,-1.0,0.5833333333333334,1,2
0.732,0.26,0.4592307692307686,-1.0,0.5833333333333334,1,1
0.732,0.26,0.47107692307692245,-1.0,0.5833333333333334,1,1
0.732,0.26,0.4829230769230763,-1.0,0.5833333333333334,1,1
0.732,0.26,0.49476923076923013,-1.0,0.5833333333333334,1,1
0.732,0.26,0.5066153846153839,-1.0,0.5833333333333334,1,1
0.732,0.26,0.5184615384615378,-1.0,0.5833333333333334,1,1
0.732,0.26,0.5303076923076916,-1.0,0.5833333333333334,1,1
0.732,0.26,0.5421538461538454,-1.0,0.5833333333333334,1,1
0.732,0.26,0.5539999999999993,-1.0,0.5833333333333334,1,1
0.732,0.26,0.5658461538461531,-1.0,0.5833333333333334,1,1
0.732,0.26,0.577692307692307,-1.0,0.5833333333333334,1,1
0.746,0.26,0.5895384615384607,-1.0,0.5833333333333334,1,2
0.76,0.26,0.6013846153846145,-1.0,0.5833333333333334,1,2
0.774,0.26,0.6132307692307684,-1.0,0.5833333333333334,1,2
0.788,0.26,0.6250769230769222,-1.0,0.5833333333333334,1,2
0.802,0.26,0.636923076923076,-1.0,0.5833333333333334,1,2
0.802,0.26,0.6487692307692299,-1.0,0.5833333333333334,1,1
0.802,0.26,0.6606153846153837,-1.0,0.5833333333333334,1,1
0.802,0.26,0.6724615384615376,-1.0,0.5833333333333334,1,1
0.802,0.26,0.6843076923076914,-1.0,0.5833333333333334,1,1
0.802,0.26,0.6961538461538452,-1.0,0.5833333333333334,1,1
0.802,0.26,0.7079999999999991,-1.0,0.5833333333333334,1,1
0.802,0.26,0.7198461538461528,-1.0,0.5833333333333334,1,1
0.802,0.26,0.7316923076923066,-1.0,0.5833333333333334,1,1
0.802,0.26,0.7435384615384605,-1.0,0.5833333333333334,1,1
0.802,0.26,0.7553846153846143,-1.0,0.5833333333333334,1,1
0.802,0.26,0.7672307692307682,-1.0,0.5833333333333334,1,1
0.802,0.26,0.779076923076922,-1.0,0.5833333333333334,1,1
0.802,0.26,0.790923076923076,-1.0,0.5833333333333334,1,1
0.802,0.26,0.8027692307692298,-1.0,0.5833333333333334,1,1
0.802,0.26,0.8146153846153837,-1.0,0.5833333333333334,1,1
0.802,0.26,0.8264615384615377,-1.0,0.5833333333333334,1,1
0.802,0.26,0.8383076923076915,-1.0,0.5833333333333334,1,1
0.788,0.26,0.8501538461538455,-1.0,0.5833333333333334,1,0
0.774,0.26,0.8619999999999994,-1.0,0.5833333333333334,1,0
0.76,0.26,0.8738461538461533,-1.0,0.5833333333333334,1,0
0.746,0.26,0.8856923076923072,-1.0,0.5833333333333334,1,0
0.732,0.26,0.8975384615384612,-1.0,0.5833333333333334,1,0
0.718,0.26,0.9093846153846151,-1.0,0.5833333333333334,1,0
0.704,0.26,0.921230769230769,-1.0,0.5833333333333334,1,0
0.69,0.26,0.9330769230769229,-1.0,0.5833333333333334,1,0
0.676,0.5,0.15123076923076903,-0.5,0.75,1,0
0.662,0.5,0.16615384615384596,-0.5,0.75,1,0
0.648,0.5,0.18107692307692289,-0.5,0.75,1,0
0.634,0.5,0.1959999999999998,-0.5,0.75,1,0
0.62,0.5,0.21092307692307674,-0.5,0.75,1,0
0.606,0.5,0.22584615384615364,0.0,0.75,1,0
0.592,0.5,0.24076923076923054,0.0,0.75,1,0
0.578,0.5,0.25569230769230744,0.0,0.75,1,0
0.564,0.5,0.27061538461538437,0.0,0.75,1,0
0.55,0.5,0.28553846153846124,0.0,0.75,1,0
0.536,0.5,0.30046153846153817,0.0,0.75,1,0
0.522,0.5,0.3153846153846151,0.0,0.75,1,0
0.508,0.5,0.33030769230769197,0.0,0.75,1,0
0.494,0.5,0.3452307692307689,0.0,0.75,1,0
0.48,0.5,0.36015384615384577,0.0,0.75,1,0
0.466,0.5,0.3750769230769227,0.0,0.75,1,0
0.452,0.5,0.3899999999999996,0.0,0.75,1,0
0.438,0.5,0.40492307692307655,0.0,0.75,1,0
0.424,0.5,0.4198461538461535,0.0,0.75,1,0
0.41,0.5,0.43476923076923035,0.0,0.75,1,0
0.396,0.5,0.4496923076923073,0.0,0.75,1,0
0.382,0.5,0.46461538461538415,0.0,0.75,1,0
0.368,0.5,0.4795384615384611,0.5,0.75,1,0
0.354,0.5,0.494461538461538,0.5,0.75,1,0
0.34,0.5,0.5093846153846149,0.5,0.75,1,0
0.326,0.5,0.5243076923076918,0.5,0.75,1,0
0.312,0.5,0.5392307692307687,0.5,0.75,1,0
0.298,0.5,0.5541538461538457,0.5,0.75,1,0
0.284,0.5,0.5690769230769225,0.5,0.75,1,0
0.284,0.5,0.5839999999999994,0.5,0.75,1,1
0.284,0.5,0.5989230769230763,0.5,0.75,1,1
0.284,0.5,0.6138461538461533,0.5,0.75,1,1
0.284,0.5,0.6287692307692302,0.5,0.75,1,1
0.284,0.5,0.643692307692307,0.5,0.75,1,1
0.284,0.5,0.6586153846153839,0.5,0.75,1,1
0.284,0.5,0.6735384615384609,0.5,0.75,1,1
0.284,0.5,0.6884615384615378,0.5,0.75,1,1
0.284,0.5,0.7033846153846147,0.5,0.75,1,1
0.284,0.5,0.7183076923076915,0.5,0.75,1,1
0.284,0.5,0.7332307692307685,0.5,0.75,1,1
0.284,0.5,0.7481538461538454,0.5,0.75,1,1
0.284,0.5,0.7630769230769223,0.5,0.75,1,1
0.284,0.5,0.7779999999999992,0.5,0.75,1,1
0.284,0.5,0.7929230769230762,0.5,0.75,1,1
0.284,0.5,0.8078461538461532,0.5,0.75,1,1
0.284,0.5,0.8227692307692301,0.5,0.75,1,1
0.284,0.5,0.8376923076923072,0.5,0.75,1,1
0.284,0.5,0.8526153846153841,0.5,0.75,1,1
0.284,0.5,0.8675384615384611,0.5,0.75,1,1
0.284,0.5,0.8824615384615382,0.5,0.75,1,1
0.284,0.5,0.8973846153846151,0.5,0.75,1,1
0.284,0.5,0.9123076923076922,0.5,0.75,1,1
0.284,0.5,0.9272307692307691,0.5,0.75,1,1
0.284,0.74,0.610153846153845,1.0,0.4166666666666667,0,1
0.284,0.74,0.6189230769230758,1.0,0.4166666666666667,0,1
0.284,0.74,0.6276923076923066,1.0,0.4166666666666667,0,1
0.284,0.74,0.6364615384615373,1.0,0.4166666666666667,0,1
0.298,0.74,0.645230769230768,1.0,0.4166666666666667,0,2
0.312,0.74,0.6539999999999988,1.0,0.4166666666666667,0,2
0.326,0.74,0.6627692307692296,1.0,0.4166666666666667,0,2
0.34,0.74,0.6715384615384603,1.0,0.4166666666666667,0,2
0.354,0.74,0.6803076923076911,1.0,0.4166666666666667,0,2
0.368,0.74,0.6890769230769218,1.0,0.4166666666666667,0,2
0.382,0.74,0.6978461538461526,0.5,0.4166666666666667,0,2
0.396,0.74,0.7066153846153833,0.5,0.4166666666666667,0,2
0.41,0.74,0.7153846153846141,0.5,0.4166666666666667,0,2
0.424,0.74,0.7241538461538448,0.5,0.4166666666666667,0,2
0.438,0.74,0.7329230769230756,0.5,0.4166666666666667,0,2
0.452,0.74,0.7416923076923063,0.5,0.4166666666666667,0,2
0.466,0.74,0.7504615384615371,0.5,0.4166666666666667,0,2
0.466,0.74,0.7592307692307678,0.5,0.4166666666666667,0,1
0.466,0.74,0.7679999999999986,0.5,0.4166666666666667,0,1
0.466,0.74,0.7767692307692293,0.5,0.4166666666666667,0,1
0.466,0.74,0.7855384615384601,0.5,0.4166666666666667,0,1
0.466,0.74,0.7943076923076908,0.5,0.4166666666666667,0,1
0.466,0.74,0.8030769230769217,0.5,0.4166666666666667,0,1
0.466,0.74,0.8118461538461526,0.5,0.4166666666666667,0,1
0.466,0.74,0.8206153846153833,0.5,0.4166666666666667,0,1
0.466,0.74,0.8293846153846142,0.5,0.4166666666666667,0,1
0.466,0.74,0.838153846153845,0.5,0.4166666666666667,0,1
0.466,0.74,0.8469230769230759,0.5,0.4166666666666667,0,1
0.466,0.74,0.8556923076923068,0.5,0.4166666666666667,0,1
0.466,0.74,0.8644615384615375,0.5,0.4166666666666667,0,1
0.466,0.74,0.8732307692307684,0.5,0.4166666666666667,0,1
0.466,0.74,0.8819999999999992,0.5,0.4166666666666667,0,1
0.466,0.74,0.8907692307692301,0.5,0.4166666666666667,0,1
0.466,0.74,0.899538461538461,0.5,0.4166666666666667,0,1
0.466,0.74,0.9083076923076917,0.5,0.4166666666666667,0,1
0.466,0.74,0.9170769230769226,0.5,0.4166666666666667,0,1
0.48,0.74,0.9258461538461534,0.5,0.4166666666666667,0,2
0.494,0.74,0.9346153846153843,0.5,0.4166666666666667,0,2
0.508,0.26,0.8641538461538457,-0.5,0.8333333333333334,1,2
0.522,0.26,0.8806153846153842,-0.5,0.8333333333333334,1,2
0.536,0.26,0.8970769230769228,-0.5,0.8333333333333334,1,2
0.55,0.26,0.9135384615384613,-0.5,0.8333333333333334,1,2
0.564,0.26,0.9299999999999998,-0.5,0.8333333333333334,1,2
0.564,0.26,-0.003846153846153987,-0.5,0.4166666666666667,1,1
0.564,0.26,0.004923076923076783,-0.5,0.4166666666666667,1,1
0.564,0.26,0.013692307692307554,-0.5,0.4166666666666667,1,1
0.564,0.26,0.02246153846153832,-0.5,0.4166666666666667,1,1
0.564,0.26,0.03123076923076909,-0.5,0.4166666666666667,1,1
0.564,0.26,0.039999999999999855,-0.5,0.4166666666666667,1,1
0.564,0.26,0.04876923076923063,-0.5,0.4166666666666667,1,1
0.564,0.26,0.05753846153846139,-0.5,0.4166666666666667,1,1
0.564,0.26,0.06630769230769216,-0.5,0.4166666666666667,1,1
0.564,0.26,0.07507692307692294,-0.5,0.4166666666666667,1,1
0.564,0.26,0.08384615384615371,-0.5,0.4166666666666667,1,1
0.564,0.26,0.09261538461538449,-0.5,0.4166666666666667,1,1
0.564,0.26,0.10138461538461527,-0.5,0.4166666666666667,1,1
0.578,0.26,0.11015384615384603,-0.5,0.4166666666666667,1,2
0.592,0.26,0.11892307692307681,-0.5,0.4166666666666667,1,2
0.606,0.26,0.12769230769230758,-0.5,0.4166666666666667,1,2
0.62,0.26,0.13646153846153836,-1.0,0.4166666666666667,1,2
0.634,0.26,0.14523076923076914,-1.0,0.4166666666666667,1,2
0.648,0.26,0.15399999999999991,-1.0,0.4166666666666667,1,2
0.662,0.26,0.16276923076923067,-1.0,0.4166666666666667,1,2
0.676,0.26,0.17153846153846145,-1.0,0.4166666666666667,1,2
0.676,0.26,0.18030769230769222,-1.0,0.4166666666666667,1,1
0.676,0.26,0.189076923076923,-1.0,0.4166666666666667,1,1
0.676,0.26,0.19784615384615375,-1.0,0.4166666666666667,1,1
0.676,0.26,0.2066153846153845,-1.0,0.4166666666666667,1,1
0.676,0.26,0.21538461538461526,-1.0,0.4166666666666667,1,1
0.676,0.26,0.224153846153846,-1.0,0.4166666666666667,1,1
0.676,0.26,0.23292307692307676,-1.0,0.4166666666666667,1,1
0.676,0.26,0.2416923076923075,-1.0,0.4166666666666667,1,1
0.676,0.26,0.25046153846153824,-1.0,0.4166666666666667,1,1
0.676,0.26,0.259230769230769,-1.0,0.4166666666666667,1,1
0.676,0.26,0.26799999999999974,-1.0,0.4166666666666667,1,1
0.676,0.26,0.2767692307692305,-1.0,0.4166666666666667,1,1
0.676,0.26,0.28553846153846124,-1.0,0.4166666666666667,1,1
0.676,0.26,0.294307692307692,-1.0,0.4166666666666667,1,1
0.676,0.26,0.30307692307692274,-1.0,0.4166666666666667,1,1
0.676,0.26,0.3118461538461535,-1.0,0.4166666666666667,1,1
0.676,0.26,0.32061538461538425,-1.0,0.4166666666666667,1,1
0.676,0.26,0.32938461538461505,-1.0,0.4166666666666667,1,1
0.676,0.26,0.3381538461538458,-1.0,0.4166666666666667,1,1
0.676,0.26,0.34692307692307656,-1.0,0.4166666666666667,1,1
0.676,0.26,0.3556923076923073,-1.0,0.4166666666666667,1,1
0.676,0.26,0.36446153846153806,-1.0,0.4166666666666667,1,1
0.676,0.26,0.3732307692307688,-1.0,0.4166666666666667,1,1
0.676,0.26,0.38199999999999956,-1.0,0.4166666666666667,1,1
0.676,0.26,0.3907692307692303,-1.0,0.4166666666666667,1,1
0.662,0.26,0.39953846153846106,-1.0,0.4166666666666667,1,0
0.648,0.26,0.4083076923076918,-1.0,0.4166666666666667,1,0
0.634,0.26,0.41707692307692257,-1.0,0.4166666666666667,1,0
0.62,0.26,0.4258461538461533,-1.0,0.4166666666666667,1,0
0.606,0.26,0.43461538461538407,-0.5,0.4166666666666667,1,0
0.592,0.26,0.4433846153846148,-0.5,0.4166666666666667,1,0
0.578,0.26,0.4521538461538456,-0.5,0.4166666666666667,1,0
0.564,0.26,0.4609230769230763,-0.5,0.4166666666666667,1,0
0.55,0.26,0.4696923076923071,-0.5,0.4166666666666667,1,0
0.536,0.26,0.4784615384615378,-0.5,0.4166666666666667,1,0
0.536,0.26,0.4872307692307686,-0.5,0.4166666666666667,1,1
0.536,0.26,0.49599999999999933,-0.5,0.4166666666666667,1,1
0.536,0.26,0.5047692307692301,-0.5,0.4166666666666667,1,1
0.536,0.26,0.5135384615384608,-0.5,0.4166666666666667,1,1
0.536,0.26,0.5223076923076916,-0.5,0.4166666666666667,1,1
0.536,0.26,0.5310769230769223,-0.5,0.4166666666666667,1,1
0.536,0.26,0.5398461538461531,-0.5,0.4166666666666667,1,1
0.536,0.26,0.5486153846153838,-0.5,0.4166666666666667,1,1
0.536,0.26,0.5573846153846146,-0.5,0.4166666666666667,1,1
0.536,0.26,0.5661538461538453,-0.5,0.4166666666666667,1,1
0.536,0.26,0.5749230769230761,-0.5,0.4166666666666667,1,1
0.536,0.26,0.5836923076923068,-0.5,0.4166666666666667,1,1
0.536,0.26,0.5924615384615376,-0.5,0.4166666666666667,1,1
0.536,0.26,0.6012307692307683,-0.5,0.4166666666666667,1,1
0.536,0.26,0.6099999999999991,-0.5,0.4166666666666667,1,1
0.536,0.74,0.6221538461538457,0.5,0.6666666666666666,1,1
0.536,0.74,0.635538461538461,0.5,0.6666666666666666,1,1
0.536,0.74,0.6489230769230764,0.5,0.6666666666666666,1,1
0.536,0.74,0.6623076923076918,0.5,0.6666666666666666,1,1
0.536,0.74,0.6756923076923071,0.5,0.6666666666666666,1,1
0.536,0.74,0.6890769230769225,0.5,0.6666666666666666,1,1
0.536,0.74,0.7024615384615379,0.5,0.6666666666666666,1,1
0.536,0.74,0.7158461538461532,0.5,0.6666666666666666,1,1
0.536,0.74,0.7292307692307686,0.5,0.6666666666666666,1,1
0.536,0.74,0.742615384615384,0.5,0.6666666666666666,1,1
0.536,0.74,0.7559999999999993,0.5,0.6666666666666666,1,1
0.536,0.74,0.7693846153846147,0.5,0.6666666666666666,1,1
0.536,0.74,0.7827692307692301,0.5,0.6666666666666666,1,1
0.536,0.74,0.7961538461538454,0.5,0.6666666666666666,1,1
0.536,0.74,0.8095384615384609,0.5,0.6666666666666666,1,1
0.536,0.74,0.8229230769230763,0.5,0.6666666666666666,1,1
0.536,0.74,0.8363076923076919,0.5,0.6666666666666666,1,1
0.536,0.74,0.8496923076923073,0.5,0.6666666666666666,1,1
0.536,0.74,0.8630769230769227,0.5,0.6666666666666666,1,1
0.536,0.74,0.8764615384615382,0.5,0.6666666666666666,1,1
0.536,0.74,0.8898461538461536,0.5,0.6666666666666666,1,1
0.536,0.74,0.9032307692307691,0.5,0.6666666666666666,1,1
0.536,0.74,0.9166153846153845,0.5,0.6666666666666666,1,1
0.536,0.74,0.93,0.5,0.6666666666666666,1,1
0.536,0.26,0.8292307692307683,-0.5,0.4166666666666667,1,1
0.536,0.26,0.8379999999999992,-0.5,0.4166666666666667,1,1
0.536,0.26,0.84676923076923,-0.5,0.4166666666666667,1,1
0.536,0.26,0.8555384615384609,-0.5,0.4166666666666667,1,1
0.536,0.26,0.8643076923076917,-0.5,0.4166666666666667,1,1
0.536,0.26,0.8730769230769225,-0.5,0.4166666666666667,1,1
0.536,0.26,0.8818461538461534,-0.5,0.4166666666666667,1,1
0.536,0.26,0.8906153846153843,-0.5,0.4166666666666667,1,1
0.536,0.26,0.8993846153846151,-0.5,0.4166666666666667,1,1
0.55,0.26,0.9086923076923074,-0.5,0.4166666666666667,1,2
0.564,0.26,0.9179999999999996,-0.5,0.4166666666666667,1,2
0.578,0.26,0.9273076923076918,-0.5,0.4166666666666667,1,2
0.592,0.26,0.9366153846153841,-0.5,0.4166666666666667,1,2
0.606,0.26,0.4345384615384607,-0.5,0.5,0,2
0.62,0.26,0.4453846153846146,-1.0,0.5,0,2
0.634,0.26,0.45623076923076844,-1.0,0.5,0,2
0.648,0.26,0.46707692307692233,-1.0,0.5,0,2
0.662,0.26,0.4779230769230762,-1.0,0.5,0,2
0.662,0.26,0.48876923076923007,-1.0,0.5,0,1
0.662,0.26,0.4996153846153839,-1.0,0.5,0,1
0.662,0.26,0.5104615384615377,-1.0,0.5,0,1
0.662,0.26,0.5213076923076917,-1.0,0.5,0,1
0.662,0.26,0.5321538461538455,-1.0,0.5,0,1
0.662,0.26,0.5429999999999994,-1.0,0.5,0,1
0.662,0.26,0.5538461538461532,-1.0,0.5,0,1
0.662,0.26,0.564692307692307,-1.0,0.5,0,1
0.662,0.26,0.575538461538461,-1.0,0.5,0,1
0.662,0.26,0.5863846153846148,-1.0,0.5,0,1
0.662,0.26,0.5972307692307687,-1.0,0.5,0,1
0.662,0.26,0.6080769230769225,-1.0,0.5,0,1
0.662,0.26,0.6189230769230765,-1.0,0.5,0,1
0.662,0.26,0.6297692307692303,-1.0,0.5,0,1
0.662,0.26,0.6406153846153841,-1.0,0.5,0,1
0.662,0.26,0.651461538461538,-1.0,0.5,0,1
0.662,0.26,0.6623076923076918,-1.0,0.5,0,1
0.662,0.26,0.6731538461538458,-1.0,0.5,0,1
0.662,0.26,0.6839999999999996,-1.0,0.5,0,1
0.662,0.26,0.6948461538461534,-1.0,0.5,0,1
0.662,0.26,0.7056923076923073,-1.0,0.5,0,1
0.662,0.26,0.7165384615384612,-1.0,0.5,0,1
0.648,0.26,0.7273846153846151,-1.0,0.5,0,0
0.634,0.26,0.7382307692307689,-1.0,0.5,0,0
0.62,0.26,0.7490769230769228,-1.0,0.5,0,0
0.606,0.26,0.7599230769230766,-0.5,0.5,0,0
0.592,0.26,0.7707692307692305,-0.5,0.5,0,0
0.578,0.26,0.7816153846153844,-0.5,0.5,0,0
0.564,0.26,0.7924615384615381,-0.5,0.5,0,0
0.55,0.26,0.803307692307692,-0.5,0.5,0,0
0.536,0.26,0.8141538461538457,-0.5,0.5,0,0
0.522,0.26,0.8249999999999995,-0.5,0.5,0,0
0.508,0.26,0.8358461538461532,-0.5,0.5,0,0
0.494,0.26,0.8466923076923071,-0.5,0.5,0,0
0.48,0.26,0.8575384615384608,-0.5,0.5,0,0
0.466,0.26,0.8683846153846145,-0.5,0.5,0,0
0.452,0.26,0.8792307692307684,-0.5,0.5,0,0
0.452,0.26,0.8900769230769221,-0.5,0.5,0,1
0.452,0.26,0.9009230769230759,-0.5,0.5,0,1
0.452,0.26,0.9117692307692297,-0.5,0.5,0,1
0.452,0.26,0.9226153846153835,-0.5,0.5,0,1
0.452,0.26,0.9334615384615372,-0.5,0.5,0,1
0.452,0.74,0.6239230769230772,0.5,0.8333333333333334,0,1
0.452,0.74,0.6409230769230773,0.5,0.8333333333333334,0,1
0.452,0.74,0.6579230769230773,0.5,0.8333333333333334,0,1
0.452,0.74,0.6749230769230773,0.5,0.8333333333333334,0,1
0.452,0.74,0.6919230769230773,0.5,0.8333333333333334,0,1
0.452,0.74,0.7089230769230774,0.5,0.8333333333333334,0,1
0.452,0.74,0.7259230769230774,0.5,0.8333333333333334,0,1
0.452,0.74,0.7429230769230775,0.5,0.8333333333333334,0,1
0.452,0.74,0.7599230769230775,0.5,0.8333333333333334,0,1
0.452,0.74,0.7769230769230775,0.5,0.8333333333333334,0,1
0.452,0.74,0.7939230769230774,0.5,0.8333333333333334,0,1
0.452,0.74,0.8109230769230773,0.5,0.8333333333333334,0,1
0.452,0.74,0.8279230769230772,0.5,0.8333333333333334,0,1
0.452,0.74,0.8449230769230772,0.5,0.8333333333333334,0,1
0.452,0.74,0.8619230769230771,0.5,0.8333333333333334,0,1
0.452,0.74,0.878923076923077,0.5,0.8333333333333334,0,1
0.452,0.74,0.8959230769230769,0.5,0.8333333333333334,0,1
0.452,0.74,0.9129230769230768,0.5,0.8333333333333334,0,1
0.452,0.74,0.9299230769230769,0.5,0.8333333333333334,0,1
0.452,0.74,0.17023076923076935,0.5,0.4166666666666667,0,1
0.452,0.74,0.17953846153846165,0.5,0.4166666666666667,0,1
0.452,0.74,0.18884615384615397,0.5,0.4166666666666667,0,1
0.452,0.74,0.19815384615384626,0.5,0.4166666666666667,0,1
0.452,0.74,0.20746153846153859,0.5,0.4166666666666667,0,1
0.452,0.74,0.2167692307692309,0.5,0.4166666666666667,0,1
0.452,0.74,0.22607692307692323,0.5,0.4166666666666667,0,1
0.452,0.74,0.23538461538461555,0.5,0.4166666666666667,0,1
0.452,0.74,0.24469230769230788,0.5,0.4166666666666667,0,1
0.452,0.74,0.2540000000000002,0.5,0.4166666666666667,0,1
0.452,0.74,0.2633076923076925,0.5,0.4166666666666667,0,1
0.452,0.74,0.27261538461538487,0.5,0.4166666666666667,0,1
0.452,0.74,0.28192307692307716,0.5,0.4166666666666667,0,1
0.452,0.74,0.2912307692307695,0.5,0.4166666666666667,0,1
0.452,0.74,0.3005384615384618,0.5,0.4166666666666667,0,1
0.452,0.74,0.30984615384615416,0.5,0.4166666666666667,0,1
0.452,0.74,0.3191538461538465,0.5,0.4166666666666667,0,1
0.452,0.74,0.3284615384615388,0.5,0.4166666666666667,0,1
0.452,0.74,0.33776923076923115,0.5,0.4166666666666667,0,1
0.452,0.74,0.34707692307692345,0.5,0.4166666666666667,0,1
0.452,0.74,0.3563846153846158,0.5,0.4166666666666667,0,1
0.452,0.74,0.3656923076923081,0.5,0.4166666666666667,0,1
0.452,0.74,0.37500000000000044,0.5,0.4166666666666667,0,1
0.452,0.74,0.38430769230769274,0.5,0.4166666666666667,0,1
0.452,0.74,0.3936153846153851,0.5,0.4166666666666667,0,1
0.438,0.74,0.40292307692307744,0.5,0.4166666666666667,0,0
0.424,0.74,0.41223076923076973,0.5,0.4166666666666667,0,0
0.41,0.74,0.4215384615384621,0.5,0.4166666666666667,0,0
0.396,0.74,0.4308461538461544,0.5,0.4166666666666667,0,0
0.382,0.74,0.44015384615384673,0.5,0.4166666666666667,0,0
0.368,0.74,0.449461538461539,1.0,0.4166666666666667,0,0
0.354,0.74,0.4587692307692314,1.0,0.4166666666666667,0,0
0.34,0.74,0.46807692307692367,1.0,0.4166666666666667,0,0
0.326,0.74,0.477384615384616,1.0,0.4166666666666667,0,0
0.326,0.74,0.4866923076923083,1.0,0.4166666666666667,0,1
0.326,0.74,0.49600000000000066,1.0,0.4166666666666667,0,1
0.326,0.74,0.505307692307693,1.0,0.4166666666666667,0,1
0.326,0.74,0.5146153846153854,1.0,0.4166666666666667,0,1
0.326,0.74,0.5239230769230776,1.0,0.4166666666666667,0,1
0.326,0.74,0.53323076923077,1.0,0.4166666666666667,0,1
0.326,0.74,0.5425384615384623,1.0,0.4166666666666667,0,1
0.326,0.74,0.5518461538461547,1.0,0.4166666666666667,0,1
0.326,0.74,0.5611538461538469,1.0,0.4166666666666667,0,1
0.326,0.74,0.5704615384615392,1.0,0.4166666666666667,0,1
0.326,0.74,0.5797692307692316,1.0,0.4166666666666667,0,1
0.326,0.74,0.5890769230769239,1.0,0.4166666666666667,0,1
0.326,0.74,0.5983846153846163,1.0,0.4166666666666667,0,1
0.326,0.74,0.6076923076923085,1.0,0.4166666666666667,0,1
0.326,0.74,0.6170000000000009,1.0,0.4166666666666667,0,1
0.326,0.74,0.6263076923076932,1.0,0.4166666666666667,0,1
0.326,0.74,0.6356153846153856,1.0,0.4166666666666667,0,1
0.326,0.74,0.6449230769230778,1.0,0.4166666666666667,0,1
0.326,0.74,0.6542307692307702,1.0,0.4166666666666667,0,1
0.326,0.74,0.6635384615384625,1.0,0.4166666666666667,0,1
0.34,0.74,0.6728461538461549,1.0,0.4166666666666667,0,2
0.354,0.74,0.6821538461538472,1.0,0.4166666666666667,0,2
0.368,0.74,0.6914615384615395,1.0,0.4166666666666667,0,2
0.382,0.74,0.7007692307692318,0.5,0.4166666666666667,0,2
0.396,0.74,0.7100769230769242,0.5,0.4166666666666667,0,2
0.41,0.74,0.7209230769230774,0.5,0.8333333333333334,0,2
0.424,0.74,0.7379230769230775,0.5,0.8333333333333334,0,2
0.438,0.74,0.7549230769230775,0.5,0.8333333333333334,0,2
0.452,0.74,0.7719230769230775,0.5,0.8333333333333334,0,2
0.452,0.74,0.7889230769230774,0.5,0.8333333333333334,0,1
0.452,0.74,0.8059230769230773,0.5,0.8333333333333334,0,1
0.452,0.74,0.8229230769230772,0.5,0.8333333333333334,0,1
0.452,0.74,0.8399230769230772,0.5,0.8333333333333334,0,1
0.452,0.74,0.8569230769230771,0.5,0.8333333333333334,0,1
0.452,0.74,0.873923076923077,0.5,0.8333333333333334,0,1
0.452,0.74,0.8909230769230769,0.5,0.8333333333333334,0,1
0.452,0.74,0.9079230769230768,0.5,0.8333333333333334,0,1
0.452,0.74,0.9249230769230768,0.5,0.8333333333333334,0,1
0.452,0.74,0.8403846153846163,0.5,0.4166666666666667,0,1
0.452,0.74,0.8496923076923085,0.5,0.4166666666666667,0,1
0.452,0.74,0.8590000000000008,0.5,0.4166666666666667,0,1
0.452,0.74,0.868307692307693,0.5,0.4166666666666667,0,1
0.452,0.74,0.8776153846153852,0.5,0.4166666666666667,0,1
0.466,0.74,0.8869230769230775,0.5,0.4166666666666667,0,2
0.48,0.74,0.8962307692307697,0.5,0.4166666666666667,0,2
0.494,0.74,0.905538461538462,0.5,0.4166666666666667,0,2
0.508,0.74,0.9148461538461542,0.5,0.4166666666666667,0,2
0.522,0.74,0.9241538461538464,0.5,0.4166666666666667,0,2
0.536,0.74,0.9334615384615387,0.5,0.4166666666666667,0,2
0.55,0.26,0.46238461538461617,-0.5,0.5,0,2
0.55,0.26,0.47323076923077007,-0.5,0.5,0,1
0.55,0.26,0.4840769230769239,-0.5,0.5,0,1
0.55,0.26,0.4949230769230778,-0.5,0.5,0,1
0.55,0.26,0.5057692307692316,-0.5,0.5,0,1
0.55,0.26,0.5166153846153855,-0.5,0.5,0,1
0.55,0.26,0.5274615384615394,-0.5,0.5,0,1
0.55,0.26,0.5383076923076933,-0.5,0.5,0,1
0.564,0.26,0.5491538461538471,-0.5,0.5,0,2
0.578,0.26,0.5600000000000009,-0.5,0.5,0,2
0.592,0.26,0.5708461538461548,-0.5,0.5,0,2
0.606,0.26,0.5816923076923087,-0.5,0.5,0,2
0.62,0.26,0.5925384615384626,-1.0,0.5,0,2
0.634,0.26,0.6033846153846164,-1.0,0.5,0,2
0.634,0.26,0.6142307692307702,-1.0,0.5,0,1
0.634,0.26,0.6250769230769242,-1.0,0.5,0,1
0.634,0.26,0.635923076923078,-1.0,0.5,0,1
0.634,0.26,0.6467692307692319,-1.0,0.5,0,1
0.634,0.26,0.6576153846153857,-1.0,0.5,0,1
0.634,0.26,0.6684615384615396,-1.0,0.5,0,1
0.634,0.26,0.6793076923076935,-1.0,0.5,0,1
0.634,0.26,0.6901538461538473,-1.0,0.5,0,1
0.634,0.26,0.7010000000000012,-1.0,0.5,0,1
0.634,0.26,0.711846153846155,-1.0,0.5,0,1
0.634,0.26,0.722692307692309,-1.0,0.5,0,1
0.634,0.26,0.7335384615384628,-1.0,0.5,0,1
0.634,0.26,0.7443846153846166,-1.0,0.5,0,1
0.634,0.26,0.7552307692307705,-1.0,0.5,0,1
0.634,0.26,0.7660769230769243,-1.0,0.5,0,1
0.634,0.26,0.7769230769230783,-1.0,0.5,0,1
0.634,0.26,0.7877692307692321,-1.0,0.5,0,1
0.634,0.26,0.7986153846153858,-1.0,0.5,0,1
0.634,0.26,0.8094615384615397,-1.0,0.5,0,1
0.634,0.26,0.8203076923076934,-1.0,0.5,0,1
0.634,0.26,0.8311538461538472,-1.0,0.5,0,1
0.634,0.26,0.842000000000001,-1.0,0.5,0,1
0.634,0.26,0.8528461538461548,-1.0,0.5,0,1
0.634,0.26,0.8636923076923085,-1.0,0.5,0,1
0.634,0.26,0.8745384615384623,-1.0,0.5,0,1
0.634,0.26,0.8853846153846161,-1.0,0.5,0,1
0.634,0.26,0.8962307692307698,-1.0,0.5,0,1
0.634,0.26,0.9070769230769237,-1.0,0.5,0,1
0.634,0.26,0.9179230769230774,-1.0,0.5,0,1
0.634,0.26,0.9287692307692312,-1.0,0.5,0,1
0.634,0.26,0.939615384615385,-1.0,0.5,0,1
0.634,0.26,0.269846153846154,-1.0,0.5833333333333334,1,1
0.634,0.26,0.28223076923076945,-1.0,0.5833333333333334,1,1
0.634,0.26,0.29461538461538483,-1.0,0.5833333333333334,1,1
0.634,0.26,0.3070000000000002,-1.0,0.5833333333333334,1,1
0.634,0.26,0.31938461538461566,-1.0,0.5833333333333334,1,1
0.634,0.26,0.33176923076923104,-1.0,0.5833333333333334,1,1
0.634,0.26,0.3441538461538464,-1.0,0.5833333333333334,1,1
0.634,0.26,0.35653846153846186,-1.0,0.5833333333333334,1,1
0.648,0.26,0.36892307692307724,-1.0,0.5833333333333334,1,2
0.662,0.26,0.3813076923076926,-1.0,0.5833333333333334,1,2
0.676,0.26,0.39369230769230806,-1.0,0.5833333333333334,1,2
0.69,0.26,0.4060769230769234,-1.0,0.5833333333333334,1,2
0.704,0.26,0.41846153846153883,-1.0,0.5833333333333334,1,2
0.718,0.26,0.4308461538461542,-1.0,0.5833333333333334,1,2
0.732,0.26,0.4432307692307696,-1.0,0.5833333333333334,1,2
0.746,0.26,0.45561538461538503,-1.0,0.5833333333333334,1,2
0.76,0.26,0.4680000000000004,-1.0,0.5833333333333334,1,2
0.76,0.26,0.4803846153846158,-1.0,0.5833333333333334,1,1
0.76,0.26,0.49276923076923124,-1.0,0.5833333333333334,1,1
0.76,0.26,0.5051538461538466,-1.0,0.5833333333333334,1,1
0.76,0.26,0.5175384615384621,-1.0,0.5833333333333334,1,1
0.76,0.26,0.5299230769230774,-1.0,0.5833333333333334,1,1
0.76,0.26,0.5423076923076928,-1.0,0.5833333333333334,1,1
0.76,0.26,0.5546923076923083,-1.0,0.5833333333333334,1,1
0.76,0.26,0.5670769230769236,-1.0,0.5833333333333334,1,1
0.76,0.26,0.579461538461539,-1.0,0.5833333333333334,1,1
0.76,0.26,0.5918461538461545,-1.0,0.5833333333333334,1,1
0.76,0.26,0.6042307692307698,-1.0,0.5833333333333334,1,1
0.76,0.26,0.6166153846153852,-1.0,0.5833333333333334,1,1
0.76,0.26,0.6290000000000007,-1.0,0.5833333333333334,1,1
0.76,0.26,0.641384615384616,-1.0,0.5833333333333334,1,1
0.76,0.26,0.6537692307692314,-1.0,0.5833333333333334,1,1
0.76,0.26,0.6661538461538469,-1.0,0.5833333333333334,1,1
0.76,0.26,0.6785384615384622,-1.0,0.5833333333333334,1,1
0.76,0.26,0.6909230769230776,-1.0,0.5833333333333334,1,1
0.76,0.26,0.7033076923076931,-1.0,0.5833333333333334,1,1
0.76,0.26,0.7156923076923085,-1.0,0.5833333333333334,1,1
0.76,0.26,0.7280769230769238,-1.0,0.5833333333333334,1,1
0.76,0.26,0.7404615384615393,-1.0,0.5833333333333334,1,1
0.76,0.26,0.7528461538461547,-1.0,0.5833333333333334,1,1
0.76,0.26,0.76523076923077,-1.0,0.5833333333333334,1,1
0.76,0.26,0.7776153846153855,-1.0,0.5833333333333334,1,1
0.76,0.26,0.7900000000000009,-1.0,0.5833333333333334,1,1
0.76,0.26,0.8023846153846161,-1.0,0.5833333333333334,1,1
0.76,0.26,0.8147692307692315,-1.0,0.5833333333333334,1,1
0.76,0.26,0.8271538461538468,-1.0,0.5833333333333334,1,1
0.76,0.26,0.8395384615384621,-1.0,0.5833333333333334,1,1
0.76,0.26,0.8519230769230774,-1.0,0.5833333333333334,1,1
0.76,0.26,0.8643076923076928,-1.0,0.5833333333333334,1,1
0.76,0.26,0.8766923076923081,-1.0,0.5833333333333334,1,1
0.76,0.26,0.8890769230769234,-1.0,0.5833333333333334,1,1
0.76,0.26,0.9014615384615388,-1.0,0.5833333333333334,1,1
0.76,0.26,0.913846153846154,-1.0,0.5833333333333334,1,1
0.76,0.26,0.9262307692307693,-1.0,0.5833333333333334,1,1
0.76,0.26,0.9386153846153846,-1.0,0.5833333333333334,1,1
0.76,0.5,0.7220769230769238,-0.5,0.5,1,1
0.76,0.5,0.7329230769230777,-0.5,0.5,1,1
0.76,0.5,0.7437692307692315,-0.5,0.5,1,1
0.76,0.5,0.7546153846153854,-0.5,0.5,1,1
0.76,0.5,0.7654615384615393,-0.5,0.5,1,1
0.76,0.5,0.7763076923076931,-0.5,0.5,1,1
0.76,0.5,0.787153846153847,-0.5,0.5,1,1
0.76,0.5,0.7980000000000008,-0.5,0.5,1,1
0.76,0.5,0.8088461538461545,-0.5,0.5,1,1
0.76,0.5,0.8196923076923083,-0.5,0.5,1,1
0.76,0.5,0.8305384615384621,-0.5,0.5,1,1
0.76,0.5,0.8413846153846158,-0.5,0.5,1,1
0.76,0.5,0.8522307692307697,-0.5,0.5,1,1
0.746,0.5,0.8630769230769234,-0.5,0.5,1,0
0.732,0.5,0.8739230769230772,-0.5,0.5,1,0
0.718,0.5,0.884769230769231,-0.5,0.5,1,0
0.704,0.5,0.8956153846153847,-0.5,0.5,1,0
0.69,0.5,0.9064615384615385,-0.5,0.5,1,0
0.676,0.5,0.9173076923076923,-0.5,0.5,1,0
0.662,0.5,0.9281538461538461,-0.5,0.5,1,0
0.648,0.5,0.9389999999999998,-0.5,0.5,1,0
0.634,0.74,0.4265384615384621,0.0,0.6666666666666666,1,0
0.62,0.74,0.440461538461539,0.0,0.6666666666666666,1,0
0.606,0.74,0.45438461538461594,0.5,0.6666666666666666,1,0
0.592,0.74,0.46830769230769287,0.5,0.6666666666666666,1,0
0.578,0.74,0.48223076923076985,0.5,0.6666666666666666,1,0
0.564,0.74,0.4961538461538468,0.5,0.6666666666666666,1,0
0.55,0.74,0.5100769230769238,0.5,0.6666666666666666,1,0
0.55,0.74,0.5240000000000007,0.5,0.6666666666666666,1,1
0.55,0.74,0.5379230769230776,0.5,0.6666666666666666,1,1
0.55,0.74,0.5518461538461545,0.5,0.6666666666666666,1,1
0.55,0.74,0.5657692307692315,0.5,0.6666666666666666,1,1
0.55,0.74,0.5796923076923084,0.5,0.6666666666666666,1,1
0.55,0.74,0.5941538461538468,0.5,0.6666666666666666,1,1
0.55,0.74,0.6086153846153852,0.5,0.6666666666666666,1,1
0.55,0.74,0.6230769230769236,0.5,0.6666666666666666,1,1
0.55,0.74,0.6375384615384622,0.5,0.6666666666666666,1,1
0.55,0.74,0.6520000000000006,0.5,0.6666666666666666,1,1
0.55,0.74,0.666461538461539,0.5,0.6666666666666666,1,1
0.55,0.74,0.6809230769230774,0.5,0.6666666666666666,1,1
0.55,0.74,0.6953846153846158,0.5,0.6666666666666666,1,1
0.55,0.74,0.7098461538461542,0.5,0.6666666666666666,1,1
0.55,0.74,0.7243076923076927,0.5,0.6666666666666666,1,1
0.536,0.74,0.7387692307692311,0.5,0.6666666666666666,1,0
0.522,0.74,0.7532307692307695,0.5,0.6666666666666666,1,0
0.508,0.74,0.767692307692308,0.5,0.6666666666666666,1,0
0.494,0.74,0.7821538461538464,0.5,0.6666666666666666,1,0
0.48,0.74,0.796615384615385,0.5,0.6666666666666666,1,0
0.466,0.74,0.8110769230769234,0.5,0.6666666666666666,1,0
0.452,0.74,0.8255384615384618,0.5,0.6666666666666666,1,0
0.452,0.74,0.8400000000000002,0.5,0.6666666666666666,1,1
0.452,0.74,0.8544615384615386,0.5,0.6666666666666666,1,1
0.452,0.74,0.868923076923077,0.5,0.6666666666666666,1,1
0.452,0.74,0.8833846153846154,0.5,0.6666666666666666,1,1
0.452,0.74,0.8978461538461538,0.5,0.6666666666666666,1,1
0.452,0.74,0.9123076923076923,0.5,0.6666666666666666,1,1
0.452,0.74,0.9267692307692308,0.5,0.6666666666666666,1,1
0.452,0.26,0.5740769230769227,-0.5,0.75,0,1
0.452,0.26,0.5900769230769226,-0.5,0.75,0,1
0.452,0.26,0.6060769230769226,-0.5,0.75,0,1
0.466,0.26,0.6220769230769226,-0.5,0.75,0,2
0.48,0.26,0.6380769230769225,-0.5,0.75,0,2
0.494,0.26,0.6540769230769226,-0.5,0.75,0,2
0.508,0.26,0.6700769230769225,-0.5,0.75,0,2
0.522,0.26,0.6860769230769225,-0.5,0.75,0,2
0.536,0.26,0.7020769230769224,-0.5,0.75,0,2
0.55,0.26,0.7180769230769224,-0.5,0.75,0,2
0.564,0.26,0.7340769230769223,-0.5,0.75,0,2
0.578,0.26,0.7500769230769223,-0.5,0.75,0,2
0.592,0.26,0.7660769230769223,-0.5,0.75,0,2
0.606,0.26,0.7820769230769222,-0.5,0.75,0,2
0.62,0.26,0.7980769230769222,-1.0,0.75,0,2
0.634,0.26,0.8140769230769221,-1.0,0.75,0,2
0.648,0.26,0.8300769230769222,-1.0,0.75,0,2
0.648,0.26,0.8460769230769221,-1.0,0.75,0,1
0.648,0.26,0.8620769230769221,-1.0,0.75,0,1
0.648,0.26,0.878076923076922,-1.0,0.75,0,1
0.648,0.26,0.894076923076922,-1.0,0.75,0,1
0.648,0.26,0.910076923076922,-1.0,0.75,0,1
0.648,0.26,0.9260769230769219,-1.0,0.75,0,1
0.648,0.26,0.44338461538461543,-1.0,0.5833333333333334,1,1
0.648,0.26,0.45630769230769236,-1.0,0.5833333333333334,1,1
0.648,0.26,0.46923076923076923,-1.0,0.5833333333333334,1,1
0.648,0.26,0.4821538461538461,-1.0,0.5833333333333334,1,1
0.648,0.26,0.495076923076923,-1.0,0.5833333333333334,1,1
0.648,0.26,0.5079999999999999,-1.0,0.5833333333333334,1,1
0.648,0.26,0.5209230769230768,-1.0,0.5833333333333334,1,1
0.634,0.26,0.5338461538461536,-1.0,0.5833333333333334,1,0
0.62,0.26,0.5467692307692306,-1.0,0.5833333333333334,1,0
0.606,0.26,0.5596923076923075,-0.5,0.5833333333333334,1,0
0.592,0.26,0.5726153846153843,-0.5,0.5833333333333334,1,0
0.578,0.26,0.5855384615384612,-0.5,0.5833333333333334,1,0
0.564,0.26,0.5984615384615382,-0.5,0.5833333333333334,1,0
0.55,0.26,0.611384615384615,-0.5,0.5833333333333334,1,0
0.55,0.26,0.6243076923076919,-0.5,0.5833333333333334,1,1
0.55,0.26,0.6372307692307688,-0.5,0.5833333333333334,1,1
0.55,0.26,0.6501538461538456,-0.5,0.5833333333333334,1,1
0.55,0.26,0.6630769230769226,-0.5,0.5833333333333334,1,1
0.55,0.26,0.6759999999999995,-0.5,0.5833333333333334,1,1
0.55,0.26,0.6889230769230763,-0.5,0.5833333333333334,1,1
0.55,0.26,0.7018461538461532,-0.5,0.5833333333333334,1,1
0.55,0.26,0.7147692307692302,-0.5,0.5833333333333334,1,1
0.55,0.26,0.727692307692307,-0.5,0.5833333333333334,1,1
0.55,0.26,0.7406153846153839,-0.5,0.5833333333333334,1,1
0.564,0.26,0.7535384615384608,-0.5,0.5833333333333334,1,2
0.578,0.26,0.7664615384615376,-0.5,0.5833333333333334,1,2
0.592,0.26,0.7793846153846146,-0.5,0.5833333333333334,1,2
0.606,0.26,0.7923076923076914,-0.5,0.5833333333333334,1,2
0.62,0.26,0.8052307692307683,-1.0,0.5833333333333334,1,2
0.634,0.26,0.8181538461538452,-1.0,0.5833333333333334,1,2
0.648,0.26,0.831076923076922,-1.0,0.5833333333333334,1,2
0.648,0.26,0.843999999999999,-1.0,0.5833333333333334,1,1
0.648,0.26,0.8569230769230759,-1.0,0.5833333333333334,1,1
0.648,0.26,0.8698461538461527,-1.0,0.5833333333333334,1,1
0.648,0.26,0.8827692307692296,-1.0,0.5833333333333334,1,1
0.648,0.26,0.8956923076923066,-1.0,0.5833333333333334,1,1
0.648,0.26,0.9086153846153834,-1.0,0.5833333333333334,1,1
0.648,0.26,0.9215384615384603,-1.0,0.5833333333333334,1,1
0.648,0.26,0.9344615384615372,-1.0,0.5833333333333334,1,1
0.662,0.5,0.3575384615384617,-0.5,0.8333333333333334,0,2
0.676,0.5,0.37507692307692325,-0.5,0.8333333333333334,0,2
0.69,0.5,0.39261538461538475,-0.5,0.8333333333333334,0,2
0.704,0.5,0.41015384615384626,-0.5,0.8333333333333334,0,2
0.718,0.5,0.42769230769230776,-0.5,0.8333333333333334,0,2
0.732,0.5,0.44523076923076926,-0.5,0.8333333333333334,0,2
0.746,0.5,0.46276923076923077,-0.5,0.8333333333333334,0,2
0.76,0.5,0.48030769230769227,-0.5,0.8333333333333334,0,2
0.774,0.5,0.49784615384615377,-0.5,0.8333333333333334,0,2
0.774,0.5,0.5153846153846153,-0.5,0.8333333333333334,0,1
0.774,0.5,0.5329230769230768,-0.5,0.8333333333333334,0,1
0.774,0.5,0.5504615384615383,-0.5,0.8333333333333334,0,1
0.774,0.5,0.5679999999999998,-0.5,0.8333333333333334,0,1
0.774,0.5,0.5855384615384613,-0.5,0.8333333333333334,0,1
0.774,0.5,0.6030769230769228,-0.5,0.8333333333333334,0,1
0.774,0.5,0.6206153846153843,-0.5,0.8333333333333334,0,1
0.774,0.5,0.6381538461538458,-0.5,0.8333333333333334,0,1
0.774,0.5,0.6556923076923074,-0.5,0.8333333333333334,0,1
0.774,0.5,0.6732307692307689,-0.5,0.8333333333333334,0,1
0.774,0.5,0.6907692307692304,-0.5,0.8333333333333334,0,1
0.774,0.5,0.7083076923076919,-0.5,0.8333333333333334,0,1
0.774,0.5,0.7258461538461534,-0.5,0.8333333333333334,0,1
0.774,0.5,0.7433846153846149,-0.5,0.8333333333333334,0,1
0.774,0.5,0.7609230769230764,-0.5,0.8333333333333334,0,1
0.774,0.5,0.7784615384615379,-0.5,0.8333333333333334,0,1
0.774,0.5,0.7959999999999995,-0.5,0.8333333333333334,0,1
0.774,0.5,0.813538461538461,-0.5,0.8333333333333334,0,1
0.774,0.5,0.8310769230769225,-0.5,0.8333333333333334,0,1
0.774,0.5,0.848615384615384,-0.5,0.8333333333333334,0,1
0.774,0.5,0.8661538461538455,-0.5,0.8333333333333334,0,1
0.774,0.5,0.883692307692307,-0.5,0.8333333333333334,0,1
0.774,0.5,0.9012307692307685,-0.5,0.8333333333333334,0,1
0.774,0.5,0.91876923076923,-0.5,0.8333333333333334,0,1
0.774,0.5,0.9363076923076915,-0.5,0.8333333333333334,0,1
0.774,0.5,0.7473846153846143,-0.5,0.75,1,1
0.774,0.5,0.7633846153846143,-0.5,0.75,1,1
0.774,0.5,0.7793846153846142,-0.5,0.75,1,1
0.774,0.5,0.7953846153846144,-0.5,0.75,1,1
0.774,0.5,0.8113846153846143,-0.5,0.75,1,1
0.774,0.5,0.8273846153846143,-0.5,0.75,1,1
0.774,0.5,0.8433846153846142,-0.5,0.75,1,1
0.774,0.5,0.8593846153846142,-0.5,0.75,1,1
0.774,0.5,0.8753846153846142,-0.5,0.75,1,1
0.774,0.5,0.8913846153846141,-0.5,0.75,1,1
0.774,0.5,0.9073846153846141,-0.5,0.75,1,1
0.774,0.5,0.923384615384614,-0.5,0.75,1,1
0.774,0.5,0.939384615384614,-0.5,0.75,1,1
0.76,0.74,0.11723076923076939,0.0,0.5,0,0
0.746,0.74,0.12861538461538477,0.0,0.5,0,0
0.732,0.74,0.14000000000000018,0.0,0.5,0,0
0.718,0.74,0.15138461538461556,0.0,0.5,0,0
0.704,0.74,0.16276923076923097,0.0,0.5,0,0
0.69,0.74,0.17415384615384635,0.0,0.5,0,0
0.676,0.74,0.18553846153846174,0.0,0.5,0,0
0.662,0.74,0.19692307692307714,0.0,0.5,0,0
0.648,0.74,0.20830769230769253,0.0,0.5,0,0
0.634,0.74,0.21969230769230794,0.0,0.5,0,0
0.62,0.74,0.23107692307692332,0.0,0.5,0,0
0.606,0.74,0.24246153846153873,0.5,0.5,0,0
0.592,0.74,0.2538461538461541,0.5,0.5,0,0
0.578,0.74,0.2652307692307695,0.5,0.5,0,0
0.564,0.74,0.2766153846153849,0.5,0.5,0,0
0.55,0.74,0.2880000000000003,0.5,0.5,0,0
0.536,0.74,0.2993846153846157,0.5,0.5,0,0
0.522,0.74,0.3107692307692311,0.5,0.5,0,0
0.508,0.74,0.32215384615384646,0.5,0.5,0,0
0.494,0.74,0.33353846153846184,0.5,0.5,0,0
0.48,0.74,0.3449230769230773,0.5,0.5,0,0
0.466,0.74,0.35630769230769266,0.5,0.5,0,0
0.452,0.74,0.36769230769230804,0.5,0.5,0,0
0.452,0.74,0.3790769230769234,0.5,0.5,0,1
0.452,0.74,0.3904615384615388,0.5,0.5,0,1
0.452,0.74,0.4018461538461542,0.5,0.5,0,1
0.452,0.74,0.4132307692307695,0.5,0.5,0,1
0.452,0.74,0.4246153846153849,0.5,0.5,0,1
0.452,0.74,0.4360000000000002,0.5,0.5,0,1
0.452,0.74,0.4473846153846156,0.5,0.5,0,1
0.452,0.74,0.45876923076923093,0.5,0.5,0,1
0.452,0.74,0.47015384615384626,0.5,0.5,0,1
0.452,0.74,0.48153846153846164,0.5,0.5,0,1
0.452,0.74,0.49292307692307696,0.5,0.5,0,1
0.452,0.74,0.5043076923076923,0.5,0.5,0,1
0.452,0.74,0.5156923076923077,0.5,0.5,0,1
0.452,0.74,0.527076923076923,0.5,0.5,0,1
0.452,0.74,0.5384615384615383,0.5,0.5,0,1
0.452,0.74,0.5498461538461538,0.5,0.5,0,1
0.452,0.74,0.5612307692307691,0.5,0.5,0,1
0.452,0.74,0.5726153846153844,0.5,0.5,0,1
0.452,0.74,0.5839999999999997,0.5,0.5,0,1
0.452,0.74,0.5953846153846151,0.5,0.5,0,1
0.452,0.74,0.6067692307692305,0.5,0.5,0,1
0.452,0.74,0.6181538461538458,0.5,0.5,0,1
0.452,0.74,0.6295384615384612,0.5,0.5,0,1
0.452,0.74,0.6409230769230765,0.5,0.5,0,1
0.452,0.74,0.6523076923076919,0.5,0.5,0,1
0.452,0.74,0.6636923076923072,0.5,0.5,0,1
0.452,0.74,0.6750769230769226,0.5,0.5,0,1
0.452,0.74,0.6864615384615379,0.5,0.5,0,1
0.452,0.74,0.6978461538461532,0.5,0.5,0,1
0.452,0.74,0.7092307692307687,0.5,0.5,0,1
0.452,0.74,0.720615384615384,0.5,0.5,0,1
0.452,0.74,0.7319999999999993,0.5,0.5,0,1
0.452,0.74,0.7433846153846146,0.5,0.5,0,1
0.466,0.74,0.75476923076923,0.5,0.5,0,2
0.48,0.74,0.7661538461538454,0.5,0.5,0,2
0.494,0.74,0.7775384615384607,0.5,0.5,0,2
0.508,0.74,0.7889230769230762,0.5,0.5,0,2
0.522,0.74,0.8003076923076915,0.5,0.5,0,2
0.536,0.74,0.8116923076923068,0.5,0.5,0,2
0.55,0.74,0.8230769230769222,0.5,0.5,0,2
0.564,0.74,0.8344615384615376,0.5,0.5,0,2
0.564,0.74,0.8458461538461529,0.5,0.5,0,1
0.564,0.74,0.8572307692307682,0.5,0.5,0,1
0.564,0.74,0.8686153846153836,0.5,0.5,0,1
0.564,0.74,0.879999999999999,0.5,0.5,0,1
0.564,0.74,0.8913846153846143,0.5,0.5,0,1
0.564,0.74,0.9027692307692297,0.5,0.5,0,1
0.564,0.74,0.914153846153845,0.5,0.5,0,1
0.564,0.74,0.9255384615384603,0.5,0.5,0,1
0.564,0.74,0.9369230769230757,0.5,0.5,0,1
0.564,0.26,0.8806153846153839,-0.5,0.8333333333333334,1,1
0.564,0.26,0.8981538461538454,-0.5,0.8333333333333334,1,1
0.564,0.26,0.9156923076923069,-0.5,0.8333333333333334,1,1
0.564,0.26,0.9332307692307684,-0.5,0.8333333333333334,1,1
0.564,0.74,0.8587692307692298,0.5,0.8333333333333334,0,1
0.564,0.74,0.8763076923076913,0.5,0.8333333333333334,0,1
0.564,0.74,0.8938461538461528,0.5,0.8333333333333334,0,1
0.564,0.74,0.9113846153846143,0.5,0.8333333333333334,0,1
0.564,0.74,0.9289230769230759,0.5,0.8333333333333334,0,1
0.55,0.74,1.0507692307692291,0.5,0.5,0,0
0.536,0.26,-0.3076923076923077,-0.5,0.8333333333333334,1,0
0.522,0.26,-0.29015384615384615,-0.5,0.8333333333333334,1,0
0.508,0.26,-0.2726153846153846,-0.5,0.8333333333333334,1,0
0.494,0.26,-0.25507692307692303,-0.5,0.8333333333333334,1,0
0.494,0.26,-0.2375384615384615,-0.5,0.8333333333333334,1,1
0.494,0.26,-0.21999999999999995,-0.5,0.8333333333333334,1,1
0.494,0.26,-0.20192307692307687,-0.5,0.8333333333333334,1,1
0.494,0.26,-0.1838461538461538,-0.5,0.8333333333333334,1,1
0.494,0.26,-0.16576923076923072,-0.5,0.8333333333333334,1,1
0.494,0.26,-0.14769230769230765,-0.5,0.8333333333333334,1,1
0.494,0.26,-0.12961538461538458,-0.5,0.8333333333333334,1,1
0.494,0.26,-0.11153846153846149,-0.5,0.8333333333333334,1,1
0.494,0.26,-0.09346153846153842,-0.5,0.8333333333333334,1,1
0.494,0.26,-0.07538461538461534,-0.5,0.8333333333333334,1,1
0.494,0.26,-0.05730769230769226,-0.5,0.8333333333333334,1,1
0.494,0.26,-0.03923076923076919,-0.5,0.8333333333333334,1,1
0.494,0.26,-0.02115384615384611,-0.5,0.8333333333333334,1,1
0.494,0.26,-0.003076923076923033,-0.5,0.8333333333333334,1,1
0.494,0.26,0.015000000000000045,-0.5,0.8333333333333334,1,1
0.494,0.26,0.03307692307692312,-0.5,0.8333333333333334,1,1
0.494,0.26,0.051153846153846196,-0.5,0.8333333333333334,1,1
0.494,0.26,0.06923076923076928,-0.5,0.8333333333333334,1,1
0.494,0.26,0.08730769230769235,-0.5,0.8333333333333334,1,1
0.494,0.26,0.10538461538461542,-0.5,0.8333333333333334,1,1
0.494,0.26,0.12346153846153851,-0.5,0.8333333333333334,1,1
0.508,0.26,0.14153846153846159,-0.5,0.8333333333333334,1,2
0.522,0.26,0.15961538461538466,-0.5,0.8333333333333334,1,2
0.536,0.26,0.17769230769230773,-0.5,0.8333333333333334,1,2
0.55,0.26,0.1957692307692308,-0.5,0.8333333333333334,1,2
0.564,0.26,0.21384615384615388,-0.5,0.8333333333333334,1,2
0.578,0.26,0.23192307692307695,-0.5,0.8333333333333334,1,2
0.592,0.26,0.25000000000000006,-0.5,0.8333333333333334,1,2
0.606,0.26,0.2680769230769231,-0.5,0.8333333333333334,1,2
0.62,0.26,0.2861538461538462,-1.0,0.8333333333333334,1,2
0.634,0.26,0.30423076923076925,-1.0,0.8333333333333334,1,2
0.648,0.26,0.32230769230769235,-1.0,0.8333333333333334,1,2
0.662,0.26,0.34038461538461545,-1.0,0.8333333333333334,1,2
0.676,0.26,0.3584615384615385,-1.0,0.8333333333333334,1,2
0.69,0.26,0.3765384615384616,-1.0,0.8333333333333334,1,2
0.704,0.26,0.3946153846153846,-1.0,0.8333333333333334,1,2
0.704,0.26,0.4126923076923077,-1.0,0.8333333333333334,1,1
0.704,0.26,0.4307692307692308,-1.0,0.8333333333333334,1,1
0.704,0.26,0.44884615384615384,-1.0,0.8333333333333334,1,1
0.704,0.26,0.46692307692307694,-1.0,0.8333333333333334,1,1
0.704,0.26,0.485,-1.0,0.8333333333333334,1,1
0.704,0.26,0.5030769230769231,-1.0,0.8333333333333334,1,1
0.704,0.26,0.5211538461538462,-1.0,0.8333333333333334,1,1
0.704,0.26,0.5392307692307692,-1.0,0.8333333333333334,1,1
0.718,0.26,0.5573076923076923,-1.0,0.8333333333333334,1,2
0.732,0.26,0.5753846153846154,-1.0,0.8333333333333334,1,2
0.746,0.26,0.5934615384615385,-1.0,0.8333333333333334,1,2
0.76,0.26,0.6115384615384616,-1.0,0.8333333333333334,1,2
0.774,0.26,0.6296153846153846,-1.0,0.8333333333333334,1,2
0.788,0.26,0.6476923076923077,-1.0,0.8333333333333334,1,2
0.802,0.26,0.6657692307692308,-1.0,0.8333333333333334,1,2
0.802,0.26,0.6838461538461539,-1.0,0.8333333333333334,1,2
0.802,0.26,0.7019230769230769,-1.0,0.8333333333333334,1,2
0.802,0.26,0.72,-1.0,0.8333333333333334,1,2
0.802,0.26,0.7380769230769231,-1.0,0.8333333333333334,1,1
0.802,0.26,0.7561538461538462,-1.0,0.8333333333333334,1,1
0.802,0.26,0.7742307692307693,-1.0,0.8333333333333334,1,1
0.802,0.26,0.7923076923076923,-1.0,0.8333333333333334,1,1
0.802,0.26,0.8103846153846154,-1.0,0.8333333333333334,1,1
0.802,0.26,0.8284615384615385,-1.0,0.8333333333333334,1,1
0.802,0.26,0.8465384615384616,-1.0,0.8333333333333334,1,1
0.802,0.26,0.8646153846153846,-1.0,0.8333333333333334,1,1
0.802,0.26,0.8826923076923077,-1.0,0.8333333333333334,1,1
0.802,0.26,0.9007692307692308,-1.0,0.8333333333333334,1,1
0.802,0.26,0.9188461538461539,-1.0,0.8333333333333334,1,1
0.802,0.26,0.936923076923077,-1.0,0.8333333333333334,1,1
0.802,0.5,0.6523076923076923,-0.5,0.75,0,1
0.802,0.5,0.6688461538461539,-0.5,0.75,0,1
0.802,0.5,0.6853846153846154,-0.5,0.75,0,1
0.802,0.5,0.7019230769230769,-0.5,0.75,0,1
0.802,0.5,0.7184615384615385,-0.5,0.75,0,1
0.802,0.5,0.735,-0.5,0.75,0,1
0.802,0.5,0.7515384615384615,-0.5,0.75,0,1
0.802,0.5,0.7680769230769231,-0.5,0.75,0,1
0.802,0.5,0.7846153846153846,-0.5,0.75,0,1
0.802,0.5,0.8011538461538461,-0.5,0.75,0,1
0.802,0.5,0.8176923076923077,-0.5,0.75,0,1
0.802,0.5,0.8342307692307692,-0.5,0.75,0,1
0.802,0.5,0.8507692307692307,-0.5,0.75,0,1
0.802,0.5,0.8673076923076923,-0.5,0.75,0,1
0.802,0.5,0.8838461538461538,-0.5,0.75,0,1
0.802,0.5,0.9003846153846153,-0.5,0.75,0,1
0.788,0.5,0.916923076923077,-0.5,0.75,0,0
0.774,0.5,0.9334615384615385,-0.5,0.75,0,0
0.76,0.5,0.9397692307692306,-0.5,0.75,1,0
0.746,0.5,-0.21884615384615386,-0.5,0.6666666666666666,0,0
0.732,0.5,-0.20384615384615384,-0.5,0.6666666666666666,0,0
0.718,0.5,-0.18884615384615386,-0.5,0.6666666666666666,0,0
0.704,0.5,-0.17384615384615384,-0.5,0.6666666666666666,0,0
0.704,0.5,-0.15884615384615386,-0.5,0.6666666666666666,0,1
0.704,0.5,-0.14384615384615385,-0.5,0.6666666666666666,0,1
0.704,0.5,-0.12884615384615383,-0.5,0.6666666666666666,0,1
0.704,0.5,-0.11384615384615385,-0.5,0.6666666666666666,0,1
0.704,0.5,-0.09884615384615385,-0.5,0.6666666666666666,0,1
0.704,0.5,-0.08384615384615385,-0.5,0.6666666666666666,0,1
0.704,0.5,-0.06884615384615385,-0.5,0.6666666666666666,0,1
0.704,0.5,-0.05384615384615385,-0.5,0.6666666666666666,0,1
0.704,0.5,-0.03884615384615384,-0.5,0.6666666666666666,0,1
0.69,0.5,-0.023846153846153847,-0.5,0.6666666666666666,0,0
0.676,0.5,-0.008846153846153846,-0.5,0.6666666666666666,0,0
0.662,0.5,0.006153846153846154,-0.5,0.6666666666666666,0,0
0.648,0.5,0.021153846153846155,-0.5,0.6666666666666666,0,0
0.634,0.5,0.036153846153846154,-0.5,0.6666666666666666,0,0
0.62,0.5,0.051153846153846154,-0.5,0.6666666666666666,0,0
0.606,0.5,0.06615384615384616,0.0,0.6666666666666666,0,0
0.592,0.5,0.08115384615384616,0.0,0.6666666666666666,0,0
0.578,0.5,0.09615384615384616,0.0,0.6666666666666666,0,0
0.564,0.5,0.11115384615384616,0.0,0.6666666666666666,0,0
0.55,0.5,0.12615384615384614,0.0,0.6666666666666666,0,0
0.536,0.5,0.14115384615384616,0.0,0.6666666666666666,0,0
0.522,0.5,0.15615384615384614,0.0,0.6666666666666666,0,0
0.508,0.5,0.17115384615384616,0.0,0.6666666666666666,0,0
0.494,0.5,0.18615384615384614,0.0,0.6666666666666666,0,0
0.48,0.5,0.20115384615384616,0.0,0.6666666666666666,0,0
0.466,0.5,0.21615384615384614,0.0,0.6666666666666666,0,0
0.452,0.5,0.23115384615384615,0.0,0.6666666666666666,0,0
0.438,0.5,0.24615384615384617,0.0,0.6666666666666666,0,0
0.424,0.5,0.2611538461538462,0.0,0.6666666666666666,0,0
0.41,0.5,0.27615384615384614,0.0,0.6666666666666666,0,0
0.396,0.5,0.29115384615384615,0.0,0.6666666666666666,0,0
0.382,0.5,0.30615384615384617,0.0,0.6666666666666666,0,0
0.368,0.5,0.3211538461538462,0.5,0.6666666666666666,0,0
0.368,0.5,0.33615384615384614,0.5,0.6666666666666666,0,1
0.368,0.5,0.35115384615384615,0.5,0.6666666666666666,0,1
0.368,0.5,0.36615384615384616,0.5,0.6666666666666666,0,1
0.368,0.5,0.3811538461538462,0.5,0.6666666666666666,0,1
0.368,0.5,0.39615384615384613,0.5,0.6666666666666666,0,1
0.368,0.5,0.41115384615384615,0.5,0.6666666666666666,0,1
0.368,0.5,0.42615384615384616,0.5,0.6666666666666666,0,1
0.368,0.5,0.4411538461538462,0.5,0.6666666666666666,0,1
0.368,0.5,0.45615384615384613,0.5,0.6666666666666666,0,1
0.368,0.5,0.47115384615384615,0.5,0.6666666666666666,0,1
0.368,0.5,0.48615384615384616,0.5,0.6666666666666666,0,1
0.368,0.5,0.5011538461538462,0.5,0.6666666666666666,0,1
0.368,0.5,0.5161538461538462,0.5,0.6666666666666666,0,1
0.368,0.5,0.5311538461538462,0.5,0.6666666666666666,0,1
0.368,0.5,0.5461538461538461,0.5,0.6666666666666666,0,1
0.368,0.5,0.5611538461538461,0.5,0.6666666666666666,0,1
0.354,0.5,0.5761538461538461,0.5,0.6666666666666666,0,0
0.34,0.5,0.5911538461538461,0.5,0.6666666666666666,0,0
0.326,0.5,0.6061538461538462,0.5,0.6666666666666666,0,0
0.312,0.5,0.6211538461538462,0.5,0.6666666666666666,0,0
0.298,0.5,0.6361538461538462,0.5,0.6666666666666666,0,0
0.284,0.5,0.6511538461538462,0.5,0.6666666666666666,0,0
0.27,0.5,0.6661538461538462,0.5,0.6666666666666666,0,0
0.27,0.5,0.6811538461538461,0.5,0.6666666666666666,0,1
0.27,0.5,0.6961538461538461,0.5,0.6666666666666666,0,1
0.27,0.5,0.7111538461538461,0.5,0.6666666666666666,0,1
0.27,0.5,0.7261538461538461,0.5,0.6666666666666666,0,1
0.27,0.5,0.7411538461538462,0.5,0.6666666666666666,0,1
0.27,0.5,0.7561538461538462,0.5,0.6666666666666666,0,1
0.27,0.5,0.7711538461538462,0.5,0.6666666666666666,0,1
0.27,0.5,0.7861538461538462,0.5,0.6666666666666666,0,1
0.27,0.5,0.8011538461538461,0.5,0.6666666666666666,0,1
0.27,0.5,0.8161538461538461,0.5,0.6666666666666666,0,1
0.27,0.5,0.8311538461538461,0.5,0.6666666666666666,0,1
0.27,0.5,0.8461538461538461,0.5,0.6666666666666666,0,1
0.27,0.5,0.8611538461538462,0.5,0.6666666666666666,0,1
0.27,0.5,0.8761538461538462,0.5,0.6666666666666666,0,1
0.27,0.5,0.8911538461538462,0.5,0.6666666666666666,0,1
0.27,0.5,0.9061538461538462,0.5,0.6666666666666666,0,1
0.27,0.5,0.9211538461538461,0.5,0.6666666666666666,0,1
0.27,0.5,0.9361538461538461,0.5,0.6666666666666666,0,1
0.27,0.5,0.7430769230769231,0.5,0.6666666666666666,0,1
0.27,0.5,0.7580769230769231,0.5,0.6666666666666666,0,1
0.27,0.5,0.7730769230769231,0.5,0.6666666666666666,0,1
0.27,0.5,0.7880769230769231,0.5,0.6666666666666666,0,1
0.27,0.5,0.803076923076923,0.5,0.6666666666666666,0,1
0.27,0.5,0.818076923076923,0.5,0.6666666666666666,0,1
0.27,0.5,0.833076923076923,0.5,0.6666666666666666,0,1
0.27,0.5,0.8480769230769231,0.5,0.6666666666666666,0,1
0.27,0.5,0.8630769230769231,0.5,0.6666666666666666,0,1
0.27,0.5,0.8780769230769231,0.5,0.6666666666666666,0,1
0.27,0.5,0.8930769230769231,0.5,0.6666666666666666,0,1
0.27,0.5,0.9080769230769231,0.5,0.6666666666666666,0,1
0.27,0.5,0.9230769230769231,0.5,0.6666666666666666,0,1
0.27,0.5,0.938076923076923,0.5,0.6666666666666666,0,1
0.27,0.5,0.8042307692307692,0.5,0.6666666666666666,0,1
0.27,0.5,0.8192307692307692,0.5,0.6666666666666666,0,1
0.27,0.5,0.8342307692307692,0.5,0.6666666666666666,0,1
0.27,0.5,0.8492307692307692,0.5,0.6666666666666666,0,1
0.27,0.5,0.8642307692307692,0.5,0.6666666666666666,0,1
0.27,0.5,0.8792307692307693,0.5,0.6666666666666666,0,1
0.27,0.5,0.8942307692307693,0.5,0.6666666666666666,0,1
0.27,0.5,0.9092307692307692,0.5,0.6666666666666666,0,1
0.284,0.5,0.9242307692307692,0.5,0.6666666666666666,0,2
0.298,0.5,0.9392307692307692,0.5,0.6666666666666666,0,2
0.312,0.74,-0.40076923076923077,1.0,0.75,0,2
0.326,0.74,-0.3842307692307692,1.0,0.75,0,2
0.34,0.74,-0.3676923076923077,1.0,0.75,0,2
0.354,0.74,-0.35115384615384615,1.0,0.75,0,2
0.368,0.74,-0.3346153846153846,1.0,0.75,0,2
0.382,0.74,-0.3180769230769231,0.5,0.75,0,2
0.396,0.74,-0.30153846153846153,0.5,0.75,0,2
0.41,0.74,-0.285,0.5,0.75,0,2
0.424,0.74,-0.2684615384615385,0.5,0.75,0,2
0.438,0.74,-0.2519230769230769,0.5,0.75,0,2
0.452,0.74,-0.2353846153846154,0.5,0.75,0,2
0.466,0.74,-0.21884615384615386,0.5,0.75,0,2
0.48,0.74,-0.2023076923076923,0.5,0.75,0,2
0.494,0.74,-0.18576923076923077,0.5,0.75,0,2
0.508,0.74,-0.16923076923076924,0.5,0.75,0,2
0.508,0.74,-0.15269230769230768,0.5,0.75,0,1
0.508,0.74,-0.13615384615384615,0.5,0.75,0,1
0.508,0.74,-0.11961538461538461,0.5,0.75,0,1
0.508,0.74,-0.10307692307692308,0.5,0.75,0,1
0.508,0.74,-0.08653846153846154,0.5,0.75,0,1
0.508,0.74,-0.07,0.5,0.75,0,1
0.508,0.74,-0.05346153846153846,0.5,0.75,0,1
0.508,0.74,-0.036923076923076927,0.5,0.75,0,1
0.508,0.74,-0.020384615384615383,0.5,0.75,0,1
0.508,0.74,-0.0038461538461538464,0.5,0.75,0,1
0.508,0.74,0.012692307692307692,0.5,0.75,0,1
0.508,0.74,0.02923076923076923,0.5,0.75,0,1
0.508,0.74,0.04576923076923077,0.5,0.75,0,1
0.508,0.74,0.06230769230769231,0.5,0.75,0,1
0.508,0.74,0.07884615384615384,0.5,0.75,0,1
0.522,0.74,0.09538461538461539,0.5,0.75,0,2
0.536,0.74,0.11192307692307692,0.5,0.75,0,2
0.55,0.74,0.12846153846153846,0.5,0.75,0,2
0.564,0.74,0.145,0.5,0.75,0,2
0.578,0.74,0.16153846153846155,0.5,0.75,0,2
0.592,0.74,0.17807692307692308,0.5,0.75,0,2
0.606,0.74,0.1946153846153846,0.5,0.75,0,2
0.62,0.74,0.21115384615384616,0.0,0.75,0,2
0.62,0.74,0.2276923076923077,0.0,0.75,0,1
0.62,0.74,0.24423076923076922,0.0,0.75,0,1
0.62,0.74,0.26076923076923075,0.0,0.75,0,1
0.62,0.74,0.2773076923076923,0.0,0.75,0,1
0.62,0.74,0.29384615384615387,0.0,0.75,0,1
0.62,0.74,0.31038461538461537,0.0,0.75,0,1
0.62,0.74,0.3269230769230769,0.0,0.75,0,1
0.62,0.74,0.3434615384615385,0.0,0.75,0,1
0.62,0.74,0.36,0.0,0.75,0,1
0.62,0.74,0.37653846153846154,0.0,0.75,0,1
0.62,0.74,0.3930769230769231,0.0,0.75,0,1
0.62,0.74,0.4096153846153846,0.0,0.75,0,1
0.62,0.74,0.42615384615384616,0.0,0.75,0,1
0.62,0.74,0.4426923076923077,0.0,0.75,0,1
0.62,0.74,0.4592307692307692,0.0,0.75,0,1
0.606,0.74,0.4757692307692308,0.5,0.75,0,0
0.592,0.74,0.49230769230769234,0.5,0.75,0,0
0.578,0.74,0.5088461538461538,0.5,0.75,0,0
0.564,0.74,0.5253846153846153,0.5,0.75,0,0
0.55,0.74,0.541923076923077,0.5,0.75,0,0
0.536,0.74,0.5584615384615385,0.5,0.75,0,0
0.522,0.74,0.575,0.5,0.75,0,0
0.508,0.74,0.5915384615384616,0.5,0.75,0,0
0.494,0.74,0.6080769230769231,0.5,0.75,0,0
0.494,0.74,0.6246153846153846,0.5,0.75,0,1
0.494,0.74,0.6411538461538462,0.5,0.75,0,1
0.494,0.74,0.6576923076923077,0.5,0.75,0,1
0.494,0.74,0.6742307692307692,0.5,0.75,0,1
0.494,0.74,0.6907692307692308,0.5,0.75,0,1
0.494,0.74,0.7073076923076923,0.5,0.75,0,1
0.494,0.74,0.7238461538461538,0.5,0.75,0,1
0.494,0.74,0.7403846153846154,0.5,0.75,0,1
0.494,0.74,0.7569230769230769,0.5,0.75,0,1
0.494,0.74,0.7734615384615384,0.5,0.75,0,1
0.494,0.74,0.79,0.5,0.75,0,1
0.494,0.74,0.8065384615384615,0.5,0.75,0,1
0.494,0.74,0.823076923076923,0.5,0.75,0,1
0.494,0.74,0.8396153846153847,0.5,0.75,0,1
0.494,0.74,0.8561538461538462,0.5,0.75,0,1
0.494,0.74,0.8726923076923077,0.5,0.75,0,1
0.494,0.74,0.8892307692307693,0.5,0.75,0,1
0.494,0.74,0.9057692307692308,0.5,0.75,0,1
0.494,0.74,0.9223076923076923,0.5,0.75,0,1
0.494,0.74,0.9388461538461539,0.5,0.75,0,1
0.494,0.74,0.8976923076923077,0.5,0.8333333333333334,0,1
0.494,0.74,0.9157692307692308,0.5,0.8333333333333334,0,1
0.494,0.74,0.9338461538461539,0.5,0.8333333333333334,0,1
0.494,0.26,0.8703846153846154,-0.5,0.6666666666666666,1,1
0.494,0.26,0.8853846153846154,-0.5,0.6666666666666666,1,1
0.494,0.26,0.9003846153846153,-0.5,0.6666666666666666,1,1
0.494,0.26,0.9153846153846154,-0.5,0.6666666666666666,1,1
0.494,0.26,0.9303846153846154,-0.5,0.6666666666666666,1,1
0.494,0.5,-0.4419230769230769,0.0,0.5833333333333334,0,1
0.508,0.5,-0.42846153846153845,0.0,0.5833333333333334,0,2
0.522,0.74,-0.2953846153846154,0.5,0.5833333333333334,0,2
0.536,0.74,-0.28192307692307694,0.5,0.5833333333333334,0,2
0.55,0.74,-0.2684615384615385,0.5,0.5833333333333334,0,2
0.564,0.74,-0.255,0.5,0.5833333333333334,0,2
0.578,0.74,-0.24153846153846154,0.5,0.5833333333333334,0,2
0.592,0.74,-0.22807692307692307,0.5,0.5833333333333334,0,2
0.606,0.5,-0.2123076923076923,0.0,0.4166666666666667,0,2
0.62,0.74,-0.20115384615384616,0.0,0.5833333333333334,0,2
0.634,0.74,-0.18769230769230769,0.0,0.5833333333333334,0,2
0.648,0.74,-0.17423076923076924,0.0,0.5833333333333334,0,2
0.662,0.74,-0.16076923076923078,0.0,0.5833333333333334,0,2
0.662,0.74,-0.1473076923076923,0.0,0.5833333333333334,0,1
0.662,0.74,-0.13384615384615384,0.0,0.5833333333333334,0,1
0.662,0.74,-0.12038461538461538,0.0,0.5833333333333334,0,1
0.662,0.74,-0.10692307692307693,0.0,0.5833333333333334,0,1
0.662,0.74,-0.09346153846153846,0.0,0.5833333333333334,0,1
0.662,0.74,-0.08,0.0,0.5833333333333334,0,1
0.662,0.74,-0.06653846153846153,0.0,0.5833333333333334,0,1
0.662,0.74,-0.05307692307692308,0.0,0.5833333333333334,0,1
0.662,0.74,-0.039615384615384615,0.0,0.5833333333333334,0,1
0.662,0.74,-0.026153846153846153,0.0,0.5833333333333334,0,1
0.648,0.74,-0.012692307692307692,0.0,0.5833333333333334,0,0
0.634,0.74,0.0007692307692307692,0.0,0.5833333333333334,0,0
0.62,0.74,0.01423076923076923,0.0,0.5833333333333334,0,0
0.606,0.74,0.027692307692307693,0.5,0.5833333333333334,0,0
0.592,0.74,0.04115384615384615,0.5,0.5833333333333334,0,0
0.578,0.74,0.054615384615384614,0.5,0.5833333333333334,0,0
0.564,0.74,0.06807692307692308,0.5,0.5833333333333334,0,0
0.55,0.74,0.08153846153846153,0.5,0.5833333333333334,0,0
0.536,0.74,0.095,0.5,0.5833333333333334,0,0
0.522,0.74,0.10846153846153846,0.5,0.5833333333333334,0,0
0.522,0.74,0.12192307692307693,0.5,0.5833333333333334,0,1
0.522,0.74,0.13538461538461538,0.5,0.5833333333333334,0,1
0.522,0.74,0.14884615384615385,0.5,0.5833333333333334,0,1
0.522,0.74,0.16230769230769232,0.5,0.5833333333333334,0,1
0.522,0.74,0.17576923076923076,0.5,0.5833333333333334,0,1
0.522,0.74,0.18923076923076923,0.5,0.5833333333333334,0,1
0.522,0.74,0.2026923076923077,0.5,0.5833333333333334,0,1
0.536,0.74,0.21615384615384614,0.5,0.5833333333333334,0,2
0.55,0.74,0.2296153846153846,0.5,0.5833333333333334,0,2
0.564,0.74,0.24307692307692308,0.5,0.5833333333333334,0,2
0.578,0.74,0.25653846153846155,0.5,0.5833333333333334,0,2
0.592,0.74,0.27,0.5,0.5833333333333334,0,2
0.606,0.74,0.2834615384615385,0.5,0.5833333333333334,0,2
0.606,0.74,0.2969230769230769,0.5,0.5833333333333334,0,1
0.606,0.74,0.31038461538461537,0.5,0.5833333333333334,0,1
0.606,0.74,0.32384615384615384,0.5,0.5833333333333334,0,1
0.606,0.74,0.3373076923076923,0.5,0.5833333333333334,0,1
0.606,0.74,0.3507692307692308,0.5,0.5833333333333334,0,1
0.606,0.74,0.36423076923076925,0.5,0.5833333333333334,0,1
0.606,0.74,0.3776923076923077,0.5,0.5833333333333334,0,1
0.606,0.74,0.39115384615384613,0.5,0.5833333333333334,0,1
0.606,0.74,0.4046153846153846,0.5,0.5833333333333334,0,1
0.606,0.74,0.41807692307692307,0.5,0.5833333333333334,0,1
0.592,0.74,0.43153846153846154,0.5,0.5833333333333334,0,0
0.578,0.74,0.445,0.5,0.5833333333333334,0,0
0.564,0.74,0.4584615384615385,0.5,0.5833333333333334,0,0
0.55,0.74,0.47192307692307695,0.5,0.5833333333333334,0,0
0.536,0.74,0.48538461538461536,0.5,0.5833333333333334,0,0
0.522,0.74,0.49884615384615383,0.5,0.5833333333333334,0,0
0.508,0.74,0.5123076923076924,0.5,0.5833333333333334,0,0
0.494,0.74,0.5257692307692308,0.5,0.5833333333333334,0,0
0.48,0.74,0.5392307692307692,0.5,0.5833333333333334,0,0
0.466,0.74,0.5526923076923077,0.5,0.5833333333333334,0,0
0.452,0.74,0.5661538461538461,0.5,0.5833333333333334,0,0
0.438,0.74,0.5796153846153846,0.5,0.5833333333333334,0,0
0.424,0.74,0.5930769230769231,0.5,0.5833333333333334,0,0
0.41,0.74,0.6065384615384616,0.5,0.5833333333333334,0,0
0.396,0.74,0.62,0.5,0.5833333333333334,0,0
0.382,0.74,0.6334615384615384,0.5,0.5833333333333334,0,0
0.368,0.74,0.6469230769230769,1.0,0.5833333333333334,0,0
0.354,0.74,0.6603846153846153,1.0,0.5833333333333334,0,0
0.34,0.74,0.6738461538461539,1.0,0.5833333333333334,0,0
0.326,0.74,0.6873076923076923,1.0,0.5833333333333334,0,0
0.312,0.74,0.7007692307692308,1.0,0.5833333333333334,0,0
0.298,0.74,0.7142307692307692,1.0,0.5833333333333334,0,0
0.284,0.74,0.7276923076923076,1.0,0.5833333333333334,0,0
0.27,0.74,0.7411538461538462,1.0,0.5833333333333334,0,0
0.256,0.74,0.7546153846153846,1.0,0.5833333333333334,0,0
0.242,0.74,0.7680769230769231,1.0,0.5833333333333334,0,0
0.228,0.74,0.7815384615384615,1.0,0.5833333333333334,0,0
0.214,0.74,0.795,1.0,0.5833333333333334,0,0
0.2,0.74,0.8084615384615385,1.0,0.5833333333333334,0,0
0.2,0.74,0.821923076923077,1.0,0.5833333333333334,0,1
0.2,0.74,0.8353846153846154,1.0,0.5833333333333334,0,1
0.2,0.74,0.8488461538461538,1.0,0.5833333333333334,0,1
0.2,0.74,0.8623076923076923,1.0,0.5833333333333334,0,1
0.2,0.74,0.8757692307692307,1.0,0.5833333333333334,0,1
0.2,0.74,0.8892307692307693,1.0,0.5833333333333334,0,1
0.2,0.74,0.9026923076923077,1.0,0.5833333333333334,0,1
0.2,0.74,0.9161538461538462,1.0,0.5833333333333334,0,1
0.2,0.74,0.9296153846153846,1.0,0.5833333333333334,0,1
0.2,0.5,0.8234615384615385,0.5,0.5833333333333334,0,1
0.2,0.5,0.8369230769230769,0.5,0.5833333333333334,0,1
0.2,0.5,0.8503846153846154,0.5,0.5833333333333334,0,1
0.2,0.5,0.8638461538461538,0.5,0.5833333333333334,0,1
0.2,0.5,0.8773076923076923,0.5,0.5833333333333334,0,1
0.2,0.5,0.8907692307692308,0.5,0.5833333333333334,0,1
0.2,0.5,0.9042307692307693,0.5,0.5833333333333334,0,1
0.2,0.5,0.9176923076923077,0.5,0.5833333333333334,0,1
0.2,0.5,0.9311538461538461,0.5,0.5833333333333334,0,1
0.2,0.5,0.7742307692307693,0.5,0.4166666666666667,0,1
0.2,0.5,0.7846153846153846,0.5,0.4166666666666667,0,1
0.2,0.5,0.795,0.5,0.4166666666666667,0,1
0.2,0.5,0.8053846153846154,0.5,0.4166666666666667,0,1
0.2,0.5,0.8157692307692308,0.5,0.4166666666666667,0,1
0.2,0.5,0.8261538461538461,0.5,0.4166666666666667,0,1
0.2,0.5,0.8365384615384616,0.5,0.4166666666666667,0,1
0.2,0.5,0.8469230769230769,0.5,0.4166666666666667,0,1
0.2,0.5,0.8573076923076923,0.5,0.4166666666666667,0,1
0.2,0.5,0.8676923076923077,0.5,0.4166666666666667,0,1
0.2,0.5,0.8780769230769231,0.5,0.4166666666666667,0,1
0.214,0.5,0.8884615384615384,0.5,0.4166666666666667,0,2
0.228,0.5,0.8988461538461539,0.5,0.4166666666666667,0,2
0.242,0.5,0.9092307692307692,0.5,0.4166666666666667,0,2
0.256,0.5,0.9196153846153846,0.5,0.4166666666666667,0,2
0.27,0.5,0.93,0.5,0.4166666666666667,0,2
0.284,0.74,0.043076923076923075,1.0,0.75,1,2
0.298,0.74,0.05961538461538462,1.0,0.75,1,2
0.312,0.74,0.07615384615384616,1.0,0.75,1,2
0.312,0.74,0.0926923076923077,1.0,0.75,1,1
0.312,0.74,0.10923076923076923,1.0,0.75,1,1
0.312,0.74,0.12576923076923077,1.0,0.75,1,1
0.312,0.74,0.1423076923076923,1.0,0.75,1,1
0.312,0.74,0.15884615384615386,1.0,0.75,1,1
0.312,0.74,0.1753846153846154,1.0,0.75,1,1
0.312,0.74,0.19192307692307692,1.0,0.75,1,1
0.312,0.74,0.20846153846153845,1.0,0.75,1,1
0.326,0.74,0.225,1.0,0.75,1,2
0.34,0.74,0.24153846153846154,1.0,0.75,1,2
0.354,0.74,0.2580769230769231,1.0,0.75,1,2
0.368,0.74,0.2746153846153846,1.0,0.75,1,2
0.382,0.74,0.29115384615384615,0.5,0.75,1,2
0.396,0.74,0.3076923076923077,0.5,0.75,1,2
0.41,0.74,0.3242307692307692,0.5,0.75,1,2
0.424,0.74,0.34076923076923077,0.5,0.75,1,2
0.438,0.74,0.3573076923076923,0.5,0.75,1,2
0.452,0.74,0.37384615384615383,0.5,0.75,1,2
0.452,0.74,0.3903846153846154,0.5,0.75,1,1
0.452,0.74,0.40692307692307694,0.5,0.75,1,1
0.452,0.74,0.42346153846153844,0.5,0.75,1,1
0.452,0.74,0.44,0.5,0.75,1,1
0.452,0.74,0.45653846153846156,0.5,0.75,1,1
0.452,0.74,0.47307692307692306,0.5,0.75,1,1
0.466,0.74,0.4896153846153846,0.5,0.75,1,2
0.48,0.74,0.5061538461538462,0.5,0.75,1,2
0.494,0.74,0.5226923076923077,0.5,0.75,1,2
0.508,0.74,0.5392307692307692,0.5,0.75,1,2
0.522,0.74,0.5557692307692308,0.5,0.75,1,2
0.522,0.74,0.5723076923076923,0.5,0.75,1,1
0.522,0.74,0.5888461538461538,0.5,0.75,1,1
0.522,0.74,0.6053846153846154,0.5,0.75,1,1
0.522,0.74,0.6219230769230769,0.5,0.75,1,1
0.522,0.74,0.6384615384615384,0.5,0.75,1,1
0.522,0.74,0.655,0.5,0.75,1,1
0.522,0.74,0.6715384615384615,0.5,0.75,1,1
0.522,0.74,0.688076923076923,0.5,0.75,1,1
0.522,0.74,0.7046153846153846,0.5,0.75,1,1
0.522,0.74,0.7211538461538461,0.5,0.75,1,1
0.522,0.74,0.7376923076923076,0.5,0.75,1,1
0.522,0.74,0.7542307692307693,0.5,0.75,1,1
0.522,0.74,0.7707692307692308,0.5,0.75,1,1
0.536,0.74,0.7873076923076923,0.5,0.75,1,2
0.55,0.74,0.8038461538461539,0.5,0.75,1,2
0.564,0.74,0.8203846153846154,0.5,0.75,1,2
0.578,0.74,0.8369230769230769,0.5,0.75,1,2
0.592,0.74,0.8534615384615385,0.5,0.75,1,2
0.606,0.74,0.87,0.5,0.75,1,2
0.606,0.74,0.8865384615384615,0.5,0.75,1,1
0.606,0.74,0.9030769230769231,0.5,0.75,1,1
0.606,0.74,0.9196153846153846,0.5,0.75,1,1
0.606,0.74,0.9361538461538461,0.5,0.75,1,1
0.606,0.26,0.7161538461538461,-0.5,0.75,0,1
0.606,0.26,0.7326923076923076,-0.5,0.75,0,1
0.606,0.26,0.7492307692307693,-0.5,0.75,0,1
0.606,0.26,0.7657692307692308,-0.5,0.75,0,1
0.606,0.26,0.7823076923076923,-0.5,0.75,0,1
0.606,0.26,0.7988461538461539,-0.5,0.75,0,1
0.606,0.26,0.8153846153846154,-0.5,0.75,0,1
0.606,0.26,0.8319230769230769,-0.5,0.75,0,1
0.606,0.26,0.8484615384615385,-0.5,0.75,0,1
0.606,0.26,0.865,-0.5,0.75,0,1
0.606,0.26,0.8815384615384615,-0.5,0.75,0,1
0.606,0.26,0.8980769230769231,-0.5,0.75,0,1
0.606,0.26,0.9146153846153846,-0.5,0.75,0,1
0.606,0.26,0.9311538461538461,-0.5,0.75,0,1
0.606,0.74,0.1396153846153846,0.5,0.4166666666666667,0,1
0.606,0.74,0.15,0.5,0.4166666666666667,0,1
0.606,0.74,0.16038461538461538,0.5,0.4166666666666667,0,1
0.606,0.74,0.17076923076923076,0.5,0.4166666666666667,0,1
0.592,0.74,0.18115384615384617,0.5,0.4166666666666667,0,0
0.578,0.74,0.19153846153846155,0.5,0.4166666666666667,0,0
0.564,0.74,0.20192307692307693,0.5,0.4166666666666667,0,0
0.55,0.74,0.2123076923076923,0.5,0.4166666666666667,0,0
0.536,0.74,0.2226923076923077,0.5,0.4166666666666667,0,0
0.522,0.74,0.23307692307692307,0.5,0.4166666666666667,0,0
0.522,0.74,0.24346153846153845,0.5,0.4166666666666667,0,1
0.522,0.74,0.25384615384615383,0.5,0.4166666666666667,0,1
0.522,0.74,0.2642307692307692,0.5,0.4166666666666667,0,1
0.522,0.74,0.2746153846153846,0.5,0.4166666666666667,0,1
0.522,0.74,0.285,0.5,0.4166666666666667,0,1
0.522,0.74,0.2953846153846154,0.5,0.4166666666666667,0,1
0.522,0.74,0.3057692307692308,0.5,0.4166666666666667,0,1
0.522,0.74,0.3161538461538462,0.5,0.4166666666666667,0,1
0.522,0.74,0.32653846153846156,0.5,0.4166666666666667,0,1
0.536,0.74,0.33692307692307694,0.5,0.4166666666666667,0,2
0.55,0.74,0.3473076923076923,0.5,0.4166666666666667,0,2
0.564,0.74,0.3576923076923077,0.5,0.4166666666666667,0,2
0.578,0.74,0.3680769230769231,0.5,0.4166666666666667,0,2
0.592,0.74,0.37846153846153846,0.5,0.4166666666666667,0,2
0.606,0.74,0.38884615384615384,0.5,0.4166666666666667,0,2
0.62,0.74,0.3992307692307692,0.0,0.4166666666666667,0,2
0.634,0.74,0.4096153846153846,0.0,0.4166666666666667,0,2
0.634,0.74,0.42,0.0,0.4166666666666667,0,1
0.634,0.74,0.43038461538461537,0.0,0.4166666666666667,0,1
0.634,0.74,0.44076923076923075,0.0,0.4166666666666667,0,1
0.634,0.74,0.4511538461538461,0.0,0.4166666666666667,0,1
0.634,0.74,0.46153846153846156,0.0,0.4166666666666667,0,1
0.634,0.74,0.47192307692307695,0.0,0.4166666666666667,0,1
0.62,0.74,0.4823076923076923,0.0,0.4166666666666667,0,0
0.606,0.74,0.4926923076923077,0.5,0.4166666666666667,0,0
0.592,0.74,0.5030769230769231,0.5,0.4166666666666667,0,0
0.578,0.74,0.5134615384615384,0.5,0.4166666666666667,0,0
0.564,0.74,0.5238461538461539,0.5,0.4166666666666667,0,0
0.55,0.74,0.5342307692307692,0.5,0.4166666666666667,0,0
0.536,0.74,0.5446153846153846,0.5,0.4166666666666667,0,0
0.522,0.74,0.555,0.5,0.4166666666666667,0,0
0.508,0.74,0.5653846153846154,0.5,0.4166666666666667,0,0
0.494,0.74,0.5757692307692308,0.5,0.4166666666666667,0,0
0.48,0.74,0.5861538461538461,0.5,0.4166666666666667,0,0
0.466,0.74,0.5965384615384616,0.5,0.4166666666666667,0,0
0.452,0.74,0.6069230769230769,0.5,0.4166666666666667,0,0
0.438,0.74,0.6173076923076923,0.5,0.4166666666666667,0,0
0.424,0.74,0.6276923076923077,0.5,0.4166666666666667,0,0
0.41,0.74,0.6380769230769231,0.5,0.4166666666666667,0,0
0.41,0.74,0.6484615384615384,0.5,0.4166666666666667,0,1
0.41,0.74,0.6588461538461539,0.5,0.4166666666666667,0,1
0.41,0.74,0.6692307692307692,0.5,0.4166666666666667,0,1
0.41,0.74,0.6796153846153846,0.5,0.4166666666666667,0,1
0.41,0.74,0.69,0.5,0.4166666666666667,0,1
0.41,0.74,0.7003846153846154,0.5,0.4166666666666667,0,1
0.41,0.74,0.7107692307692308,0.5,0.4166666666666667,0,1
0.41,0.74,0.7211538461538461,0.5,0.4166666666666667,0,1
0.41,0.74,0.7315384615384616,0.5,0.4166666666666667,0,1
0.424,0.74,0.7419230769230769,0.5,0.4166666666666667,0,2
0.438,0.74,0.7523076923076923,0.5,0.4166666666666667,0,2
0.452,0.74,0.7626923076923077,0.5,0.4166666666666667,0,2
0.466,0.74,0.7730769230769231,0.5,0.4166666666666667,0,2
0.48,0.74,0.7834615384615384,0.5,0.4166666666666667,0,2
0.494,0.74,0.7938461538461539,0.5,0.4166666666666667,0,2
0.508,0.74,0.8042307692307692,0.5,0.4166666666666667,0,2
0.522,0.74,0.8146153846153846,0.5,0.4166666666666667,0,2
0.536,0.74,0.825,0.5,0.4166666666666667,0,2
0.536,0.74,0.8353846153846154,0.5,0.4166666666666667,0,1
0.536,0.74,0.8457692307692307,0.5,0.4166666666666667,0,1
0.536,0.74,0.8561538461538462,0.5,0.4166666666666667,0,1
0.536,0.74,0.8665384615384616,0.5,0.4166666666666667,0,1
0.536,0.74,0.8769230769230769,0.5,0.4166666666666667,0,1
0.536,0.74,0.8873076923076924,0.5,0.4166666666666667,0,1
0.536,0.74,0.8976923076923077,0.5,0.4166666666666667,0,1
0.536,0.74,0.9080769230769231,0.5,0.4166666666666667,0,1
0.536,0.74,0.9184615384615384,0.5,0.4166666666666667,0,1
0.536,0.74,0.9288461538461539,0.5,0.4166666666666667,0,1
0.536,0.74,0.9392307692307692,0.5,0.4166666666666667,0,1
0.536,0.74,0.8319230769230769,0.5,0.6666666666666666,0,1
0.536,0.74,0.8469230769230769,0.5,0.6666666666666666,0,1
0.522,0.74,0.8619230769230769,0.5,0.6666666666666666,0,0
0.508,0.74,0.8769230769230769,0.5,0.6666666666666666,0,0
0.494,0.74,0.8919230769230769,0.5,0.6666666666666666,0,0
0.48,0.74,0.9069230769230769,0.5,0.6666666666666666,0,0
0.466,0.74,0.921923076923077,0.5,0.6666666666666666,0,0
0.466,0.74,0.936923076923077,0.5,0.6666666666666666,0,1
0.466,0.26,0.7434615384615385,-0.5,0.5833333333333334,1,1
0.466,0.26,0.7569230769230769,-0.5,0.5833333333333334,1,1
0.466,0.26,0.7703846153846153,-0.5,0.5833333333333334,1,1
0.466,0.26,0.7838461538461539,-0.5,0.5833333333333334,1,1
0.466,0.26,0.7973076923076923,-0.5,0.5833333333333334,1,1
0.466,0.26,0.8107692307692308,-0.5,0.5833333333333334,1,1
0.466,0.26,0.8242307692307692,-0.5,0.5833333333333334,1,1
0.466,0.26,0.8376923076923077,-0.5,0.5833333333333334,1,1
0.466,0.26,0.8511538461538461,-0.5,0.5833333333333334,1,1
0.48,0.26,0.8646153846153846,-0.5,0.5833333333333334,1,2
0.494,0.26,0.8780769230769231,-0.5,0.5833333333333334,1,2
0.508,0.26,0.8915384615384615,-0.5,0.5833333333333334,1,2
0.522,0.26,0.905,-0.5,0.5833333333333334,1,2
0.536,0.26,0.9184615384615384,-0.5,0.5833333333333334,1,2
0.55,0.26,0.931923076923077,-0.5,0.5833333333333334,1,2
0.564,0.5,-0.3261538461538461,0.0,0.5833333333333334,1,2
0.578,0.5,-0.3126923076923077,0.0,0.5833333333333334,1,2
0.592,0.5,-0.29923076923076924,0.0,0.5833333333333334,1,2
0.592,0.5,-0.2857692307692308,0.0,0.5833333333333334,1,1
0.592,0.5,-0.2723076923076923,0.0,0.5833333333333334,1,1
0.592,0.5,-0.25884615384615384,0.0,0.5833333333333334,1,1
0.592,0.5,-0.2453846153846154,0.0,0.5833333333333334,1,1
0.592,0.5,-0.23192307692307693,0.0,0.5833333333333334,1,1
0.606,0.5,-0.21846153846153846,0.0,0.5833333333333334,1,2
0.62,0.5,-0.205,-0.5,0.5833333333333334,1,2
0.634,0.5,-0.19153846153846155,-0.5,0.5833333333333334,1,2
0.648,0.5,-0.17807692307692308,-0.5,0.5833333333333334,1,2
0.662,0.5,-0.1646153846153846,-0.5,0.5833333333333334,1,2
0.676,0.5,-0.15115384615384617,-0.5,0.5833333333333334,1,2
0.676,0.5,-0.1376923076923077,-0.5,0.5833333333333334,1,1
0.676,0.5,-0.12423076923076923,-0.5,0.5833333333333334,1,1
0.676,0.5,-0.11076923076923077,-0.5,0.5833333333333334,1,1
0.676,0.5,-0.0973076923076923,-0.5,0.5833333333333334,1,1
0.676,0.5,-0.08384615384615385,-0.5,0.5833333333333334,1,1
0.676,0.5,-0.07038461538461538,-0.5,0.5833333333333334,1,1
0.676,0.5,-0.05692307692307692,-0.5,0.5833333333333334,1,1
0.676,0.5,-0.04346153846153846,-0.5,0.5833333333333334,1,1
0.676,0.5,-0.03,-0.5,0.5833333333333334,1,1
0.676,0.5,-0.01653846153846154,-0.5,0.5833333333333334,1,1
0.676,0.5,-0.003076923076923077,-0.5,0.5833333333333334,1,1
0.676,0.5,0.010384615384615384,-0.5,0.5833333333333334,1,1
0.662,0.5,0.023846153846153847,-0.5,0.5833333333333334,1,0
0.648,0.74,0.03769230769230769,0.0,0.6666666666666666,0,0
0.634,0.74,0.05269230769230769,0.0,0.6666666666666666,0,0
0.62,0.74,0.06769230769230769,0.0,0.6666666666666666,0,0
0.606,0.74,0.08269230769230769,0.5,0.6666666666666666,0,0
0.592,0.74,0.09769230769230769,0.5,0.6666666666666666,0,0
0.578,0.74,0.11269230769230769,0.5,0.6666666666666666,0,0
0.564,0.74,0.1276923076923077,0.5,0.6666666666666666,0,0
0.55,0.74,0.1426923076923077,0.5,0.6666666666666666,0,0
0.536,0.74,0.1576923076923077,0.5,0.6666666666666666,0,0
0.522,0.74,0.1726923076923077,0.5,0.6666666666666666,0,0
0.508,0.74,0.18769230769230769,0.5,0.6666666666666666,0,0
0.494,0.74,0.2026923076923077,0.5,0.6666666666666666,0,0
0.48,0.74,0.21769230769230768,0.5,0.6666666666666666,0,0
0.466,0.74,0.2326923076923077,0.5,0.6666666666666666,0,0
0.466,0.74,0.24769230769230768,0.5,0.6666666666666666,0,1
0.466,0.74,0.26269230769230767,0.5,0.6666666666666666,0,1
0.466,0.74,0.2776923076923077,0.5,0.6666666666666666,0,1
0.48,0.74,0.2926923076923077,0.5,0.6666666666666666,0,2
0.494,0.74,0.3076923076923077,0.5,0.6666666666666666,0,2
0.508,0.74,0.32269230769230767,0.5,0.6666666666666666,0,2
0.508,0.74,0.3376923076923077,0.5,0.6666666666666666,0,1
0.508,0.74,0.3526923076923077,0.5,0.6666666666666666,0,1
0.508,0.74,0.3676923076923077,0.5,0.6666666666666666,0,1
0.508,0.74,0.38269230769230766,0.5,0.6666666666666666,0,1
0.508,0.74,0.3976923076923077,0.5,0.6666666666666666,0,1
0.508,0.74,0.4126923076923077,0.5,0.6666666666666666,0,1
0.508,0.74,0.4276923076923077,0.5,0.6666666666666666,0,1
0.508,0.74,0.4426923076923077,0.5,0.6666666666666666,0,1
0.522,0.74,0.4576923076923077,0.5,0.6666666666666666,0,2
0.536,0.74,0.4726923076923077,0.5,0.6666666666666666,0,2
0.55,0.74,0.4876923076923077,0.5,0.6666666666666666,0,2
0.564,0.74,0.5026923076923077,0.5,0.6666666666666666,0,2
0.578,0.74,0.5176923076923077,0.5,0.6666666666666666,0,2
0.592,0.74,0.5326923076923077,0.5,0.6666666666666666,0,2
0.606,0.74,0.5476923076923077,0.5,0.6666666666666666,0,2
0.606,0.74,0.5626923076923077,0.5,0.6666666666666666,0,1
0.606,0.74,0.5776923076923077,0.5,0.6666666666666666,0,1
0.606,0.74,0.5926923076923077,0.5,0.6666666666666666,0,1
0.606,0.74,0.6076923076923076,0.5,0.6666666666666666,0,1
0.606,0.74,0.6226923076923077,0.5,0.6666666666666666,0,1
0.606,0.74,0.6376923076923077,0.5,0.6666666666666666,0,1
0.606,0.74,0.6526923076923077,0.5,0.6666666666666666,0,1
0.606,0.74,0.6676923076923077,0.5,0.6666666666666666,0,1
0.606,0.74,0.6826923076923077,0.5,0.6666666666666666,0,1
0.606,0.74,0.6976923076923077,0.5,0.6666666666666666,0,1
0.606,0.74,0.7126923076923077,0.5,0.6666666666666666,0,1
0.606,0.74,0.7276923076923076,0.5,0.6666666666666666,0,1
0.606,0.74,0.7426923076923077,0.5,0.6666666666666666,0,1
0.606,0.74,0.7576923076923077,0.5,0.6666666666666666,0,1
0.606,0.74,0.7726923076923077,0.5,0.6666666666666666,0,1
0.606,0.74,0.7876923076923077,0.5,0.6666666666666666,0,1
0.606,0.74,0.8026923076923077,0.5,0.6666666666666666,0,1
0.606,0.74,0.8176923076923077,0.5,0.6666666666666666,0,1
0.606,0.74,0.8326923076923077,0.5,0.6666666666666666,0,1
0.606,0.74,0.8476923076923077,0.5,0.6666666666666666,0,1
0.606,0.74,0.8626923076923076,0.5,0.6666666666666666,0,1
0.606,0.74,0.8776923076923077,0.5,0.6666666666666666,0,1
0.606,0.74,0.8926923076923077,0.5,0.6666666666666666,0,1
0.606,0.74,0.9076923076923077,0.5,0.6666666666666666,0,1
0.606,0.74,0.9226923076923077,0.5,0.6666666666666666,0,1
0.606,0.74,0.9376923076923077,0.5,0.6666666666666666,0,1
0.606,0.26,0.9080769230769231,-0.5,0.6666666666666666,0,1
0.62,0.26,0.9230769230769231,-1.0,0.6666666666666666,0,2
0.634,0.26,0.938076923076923,-1.0,0.6666666666666666,0,2
0.648,0.5,0.8988461538461539,-0.5,0.5833333333333334,1,2
0.662,0.5,0.9123076923076923,-0.5,0.5833333333333334,1,2
0.676,0.5,0.9257692307692308,-0.5,0.5833333333333334,1,2
0.69,0.5,0.9392307692307692,-0.5,0.5833333333333334,1,2
0.704,0.74,1.0576923076923077,0.0,0.6666666666666666,0,2
0.718,0.74,-0.37846153846153846,0.0,0.8333333333333334,0,2
0.718,0.74,-0.36038461538461536,0.0,0.8333333333333334,0,1
0.718,0.74,-0.3423076923076923,0.0,0.8333333333333334,0,1
0.718,0.74,-0.3242307692307692,0.0,0.8333333333333334,0,1
0.718,0.74,-0.30615384615384617,0.0,0.8333333333333334,0,1
0.718,0.74,-0.28807692307692306,0.0,0.8333333333333334,0,1
0.718,0.74,-0.27,0.0,0.8333333333333334,0,1
0.718,0.74,-0.2519230769230769,0.0,0.8333333333333334,0,1
0.718,0.74,-0.23384615384615384,0.0,0.8333333333333334,0,1
0.718,0.74,-0.21576923076923077,0.0,0.8333333333333334,0,1
0.718,0.74,-0.1976923076923077,0.0,0.8333333333333334,0,1
0.718,0.74,-0.17961538461538462,0.0,0.8333333333333334,0,1
0.718,0.74,-0.16153846153846155,0.0,0.8333333333333334,0,1
0.718,0.74,-0.14346153846153847,0.0,0.8333333333333334,0,1
0.704,0.74,-0.12538461538461537,0.0,0.8333333333333334,0,0
0.69,0.74,-0.10730769230769231,0.0,0.8333333333333334,0,0
0.676,0.74,-0.08923076923076922,0.0,0.8333333333333334,0,0
0.662,0.74,-0.07115384615384615,0.0,0.8333333333333334,0,0
0.648,0.74,-0.05307692307692308,0.0,0.8333333333333334,0,0
0.634,0.74,-0.035,0.0,0.8333333333333334,0,0
0.62,0.74,-0.016923076923076923,0.0,0.8333333333333334,0,0
0.606,0.74,0.001153846153846154,0.5,0.8333333333333334,0,0
0.592,0.74,0.019230769230769232,0.5,0.8333333333333334,0,0
0.578,0.74,0.037307692307692306,0.5,0.8333333333333334,0,0
0.564,0.74,0.055384615384615386,0.5,0.8333333333333334,0,0
0.55,0.74,0.07346153846153847,0.5,0.8333333333333334,0,0
0.536,0.74,0.09153846153846154,0.5,0.8333333333333334,0,0
0.522,0.74,0.10961538461538461,0.5,0.8333333333333334,0,0
0.508,0.74,0.1276923076923077,0.5,0.8333333333333334,0,0
0.508,0.74,0.14576923076923076,0.5,0.8333333333333334,0,1
0.508,0.74,0.16384615384615384,0.5,0.8333333333333334,0,1
0.508,0.74,0.1819230769230769,0.5,0.8333333333333334,0,1
0.508,0.74,0.2,0.5,0.8333333333333334,0,1
0.508,0.74,0.21807692307692308,0.5,0.8333333333333334,0,1
0.508,0.74,0.23615384615384616,0.5,0.8333333333333334,0,1
0.508,0.74,0.2542307692307692,0.5,0.8333333333333334,0,1
0.508,0.74,0.2723076923076923,0.5,0.8333333333333334,0,1
0.508,0.74,0.2903846153846154,0.5,0.8333333333333334,0,1
0.508,0.74,0.30846153846153845,0.5,0.8333333333333334,0,1
0.494,0.74,0.32653846153846156,0.5,0.8333333333333334,0,0
0.48,0.74,0.3446153846153846,0.5,0.8333333333333334,0,0
0.466,0.74,0.3626923076923077,0.5,0.8333333333333334,0,0
0.452,0.74,0.38076923076923075,0.5,0.8333333333333334,0,0
0.438,0.74,0.39884615384615385,0.5,0.8333333333333334,0,0
0.424,0.74,0.4169230769230769,0.5,0.8333333333333334,0,0
0.424,0.74,0.435,0.5,0.8333333333333334,0,1
0.424,0.74,0.4530769230769231,0.5,0.8333333333333334,0,1
0.424,0.74,0.47115384615384615,0.5,0.8333333333333334,0,1
0.424,0.74,0.48923076923076925,0.5,0.8333333333333334,0,1
0.424,0.74,0.5073076923076923,0.5,0.8333333333333334,0,1
0.424,0.74,0.5253846153846153,0.5,0.8333333333333334,0,1
0.424,0.74,0.5434615384615384,0.5,0.8333333333333334,0,1
0.424,0.74,0.5615384615384615,0.5,0.8333333333333334,0,1
0.424,0.74,0.5796153846153846,0.5,0.8333333333333334,0,1
0.424,0.74,0.5976923076923077,0.5,0.8333333333333334,0,1
0.424,0.74,0.6157692307692307,0.5,0.8333333333333334,0,1
0.424,0.74,0.6338461538461538,0.5,0.8333333333333334,0,1
0.424,0.74,0.6519230769230769,0.5,0.8333333333333334,0,1
0.438,0.74,0.67,0.5,0.8333333333333334,0,2
0.452,0.74,0.688076923076923,0.5,0.8333333333333334,0,2
0.466,0.74,0.7061538461538461,0.5,0.8333333333333334,0,2
0.48,0.74,0.7242307692307692,0.5,0.8333333333333334,0,2
0.494,0.74,0.7423076923076923,0.5,0.8333333333333334,0,2
0.508,0.74,0.7603846153846154,0.5,0.8333333333333334,0,2
0.522,0.74,0.7784615384615384,0.5,0.8333333333333334,0,2
0.536,0.74,0.7965384615384615,0.5,0.8333333333333334,0,2
0.55,0.74,0.8146153846153846,0.5,0.8333333333333334,0,2
0.55,0.74,0.8326923076923077,0.5,0.8333333333333334,0,1
0.55,0.74,0.8507692307692307,0.5,0.8333333333333334,0,1
0.55,0.74,0.8688461538461538,0.5,0.8333333333333334,0,1
0.55,0.74,0.8869230769230769,0.5,0.8333333333333334,0,1
0.55,0.74,0.905,0.5,0.8333333333333334,0,1
0.55,0.74,0.9230769230769231,0.5,0.8333333333333334,0,1
0.55,0.74,0.7792307692307693,0.5,0.8333333333333334,0,1
0.55,0.74,0.7973076923076923,0.5,0.8333333333333334,0,1
0.55,0.74,0.8153846153846154,0.5,0.8333333333333334,0,1
0.55,0.74,0.8334615384615385,0.5,0.8333333333333334,0,1
0.55,0.74,0.8515384615384616,0.5,0.8333333333333334,0,1
0.55,0.74,0.8696153846153846,0.5,0.8333333333333334,0,1
0.55,0.74,0.8876923076923077,0.5,0.8333333333333334,0,1
0.55,0.74,0.9057692307692308,0.5,0.8333333333333334,0,1
0.55,0.74,0.9238461538461539,0.5,0.8333333333333334,0,1
0.55,0.26,0.1930769230769231,-0.5,0.4166666666666667,0,1
0.55,0.26,0.20346153846153847,-0.5,0.4166666666666667,0,1
0.55,0.26,0.21384615384615385,-0.5,0.4166666666666667,0,1
0.55,0.26,0.22423076923076923,-0.5,0.4166666666666667,0,1
0.55,0.26,0.23461538461538461,-0.5,0.4166666666666667,0,1
0.564,0.26,0.245,-0.5,0.4166666666666667,0,2
0.578,0.26,0.2553846153846154,-0.5,0.4166666666666667,0,2
0.592,0.26,0.26576923076923076,-0.5,0.4166666666666667,0,2
0.606,0.26,0.27615384615384614,-0.5,0.4166666666666667,0,2
0.62,0.26,0.2865384615384615,-1.0,0.4166666666666667,0,2
0.634,0.26,0.2969230769230769,-1.0,0.4166666666666667,0,2
0.648,0.26,0.3073076923076923,-1.0,0.4166666666666667,0,2
0.662,0.26,0.3176923076923077,-1.0,0.4166666666666667,0,2
0.676,0.26,0.3280769230769231,-1.0,0.4166666666666667,0,2
0.69,0.26,0.3384615384615385,-1.0,0.4166666666666667,0,2
0.704,0.26,0.34884615384615386,-1.0,0.4166666666666667,0,2
0.704,0.26,0.35923076923076924,-1.0,0.4166666666666667,0,1
0.704,0.26,0.3696153846153846,-1.0,0.4166666666666667,0,1
0.704,0.26,0.38,-1.0,0.4166666666666667,0,1
0.704,0.26,0.3903846153846154,-1.0,0.4166666666666667,0,1
0.704,0.26,0.40076923076923077,-1.0,0.4166666666666667,0,1
0.69,0.26,0.41115384615384615,-1.0,0.4166666666666667,0,0
0.676,0.26,0.42153846153846153,-1.0,0.4166666666666667,0,0
0.662,0.26,0.4319230769230769,-1.0,0.4166666666666667,0,0
0.648,0.26,0.4423076923076923,-1.0,0.4166666666666667,0,0
0.634,0.26,0.45269230769230767,-1.0,0.4166666666666667,0,0
0.62,0.26,0.46307692307692305,-1.0,0.4166666666666667,0,0
0.606,0.26,0.4734615384615385,-0.5,0.4166666666666667,0,0
0.592,0.26,0.48384615384615387,-0.5,0.4166666666666667,0,0
0.578,0.26,0.49423076923076925,-0.5,0.4166666666666667,0,0
0.564,0.26,0.5046153846153846,-0.5,0.4166666666666667,0,0
0.55,0.26,0.515,-0.5,0.4166666666666667,0,0
0.536,0.26,0.5253846153846153,-0.5,0.4166666666666667,0,0
0.522,0.26,0.5357692307692308,-0.5,0.4166666666666667,0,0
0.508,0.26,0.5461538461538461,-0.5,0.4166666666666667,0,0
0.508,0.26,0.5565384615384615,-0.5,0.4166666666666667,0,1
0.508,0.26,0.566923076923077,-0.5,0.4166666666666667,0,1
0.508,0.26,0.5773076923076923,-0.5,0.4166666666666667,0,1
0.508,0.26,0.5876923076923077,-0.5,0.4166666666666667,0,1
0.508,0.26,0.5980769230769231,-0.5,0.4166666666666667,0,1
0.508,0.26,0.6084615384615385,-0.5,0.4166666666666667,0,1
0.508,0.26,0.6188461538461538,-0.5,0.4166666666666667,0,1
0.508,0.26,0.6292307692307693,-0.5,0.4166666666666667,0,1
0.494,0.26,0.6396153846153846,-0.5,0.4166666666666667,0,0
0.48,0.26,0.65,-0.5,0.4166666666666667,0,0
0.466,0.26,0.6603846153846153,-0.5,0.4166666666666667,0,0
0.452,0.26,0.6707692307692308,-0.5,0.4166666666666667,0,0
0.438,0.26,0.6811538461538461,-0.5,0.4166666666666667,0,0
0.438,0.26,0.6915384615384615,-0.5,0.4166666666666667,0,1
0.438,0.26,0.7019230769230769,-0.5,0.4166666666666667,0,1
0.438,0.26,0.7123076923076923,-0.5,0.4166666666666667,0,1
0.438,0.26,0.7226923076923077,-0.5,0.4166666666666667,0,1
0.438,0.26,0.7330769230769231,-0.5,0.4166666666666667,0,1
0.438,0.26,0.7434615384615385,-0.5,0.4166666666666667,0,1
0.438,0.26,0.7538461538461538,-0.5,0.4166666666666667,0,1
0.438,0.26,0.7642307692307693,-0.5,0.4166666666666667,0,1
0.438,0.26,0.7746153846153846,-0.5,0.4166666666666667,0,1
0.438,0.26,0.785,-0.5,0.4166666666666667,0,1
0.438,0.74,0.8015384615384615,0.5,0.8333333333333334,1,1
0.438,0.74,0.8196153846153846,0.5,0.8333333333333334,1,1
0.438,0.74,0.8376923076923077,0.5,0.8333333333333334,1,1
0.438,0.74,0.8557692307692307,0.5,0.8333333333333334,1,1
0.438,0.74,0.8738461538461538,0.5,0.8333333333333334,1,1
0.438,0.74,0.8919230769230769,0.5,0.8333333333333334,1,1
0.438,0.74,0.91,0.5,0.8333333333333334,1,1
0.452,0.74,0.928076923076923,0.5,0.8333333333333334,1,2
0.466,0.26,0.8784615384615385,-0.5,0.4166666666666667,0,2
0.48,0.26,0.8888461538461538,-0.5,0.4166666666666667,0,2
0.494,0.26,0.8992307692307693,-0.5,0.4166666666666667,0,2
0.508,0.26,0.9096153846153846,-0.5,0.4166666666666667,0,2
0.522,0.26,0.92,-0.5,0.4166666666666667,0,2
0.536,0.26,0.9303846153846154,-0.5,0.4166666666666667,0,2
0.55,0.74,0.8196153846153846,0.5,0.8333333333333334,0,2
0.564,0.74,0.8376923076923077,0.5,0.8333333333333334,0,2
0.564,0.74,0.8557692307692307,0.5,0.8333333333333334,0,1
0.564,0.74,0.8738461538461538,0.5,0.8333333333333334,0,1
0.564,0.74,0.8919230769230769,0.5,0.8333333333333334,0,1
0.564,0.74,0.91,0.5,0.8333333333333334,0,1
0.564,0.74,0.928076923076923,0.5,0.8333333333333334,0,1
0.564,0.5,-0.32384615384615384,0.0,0.75,0,1
0.564,0.5,-0.3073076923076923,0.0,0.75,0,1
0.564,0.5,-0.2907692307692308,0.0,0.75,0,1
0.564,0.5,-0.2742307692307692,0.0,0.75,0,1
0.564,0.5,-0.25769230769230766,0.0,0.75,0,1
0.564,0.5,-0.24115384615384616,0.0,0.75,0,1
0.564,0.5,-0.2246153846153846,0.0,0.75,0,1
0.578,0.5,-0.20807692307692308,0.0,0.75,0,2
0.592,0.5,-0.19153846153846155,0.0,0.75,0,2
0.606,0.5,-0.175,0.0,0.75,0,2
0.62,0.5,-0.15846153846153846,-0.5,0.75,0,2
0.634,0.5,-0.14192307692307693,-0.5,0.75,0,2
0.648,0.5,-0.12538461538461537,-0.5,0.75,0,2
0.662,0.5,-0.10884615384615384,-0.5,0.75,0,2
0.662,0.5,-0.09230769230769231,-0.5,0.75,0,1
0.662,0.5,-0.07576923076923077,-0.5,0.75,0,1
0.662,0.5,-0.05923076923076923,-0.5,0.75,0,1
0.662,0.5,-0.04269230769230769,-0.5,0.75,0,1
0.662,0.5,-0.026153846153846153,-0.5,0.75,0,1
0.662,0.5,-0.009615384615384616,-0.5,0.75,0,1
0.662,0.5,0.006923076923076923,-0.5,0.75,0,1
0.662,0.5,0.02346153846153846,-0.5,0.75,0,1
0.662,0.5,0.04,-0.5,0.75,0,1
0.662,0.5,0.05653846153846154,-0.5,0.75,0,1
0.662,0.5,0.07307692307692308,-0.5,0.75,0,1
0.662,0.5,0.08961538461538461,-0.5,0.75,0,1
0.648,0.5,0.10615384615384615,-0.5,0.75,0,0
0.634,0.5,0.1226923076923077,-0.5,0.75,0,0
0.62,0.5,0.13923076923076924,-0.5,0.75,0,0
0.606,0.5,0.15576923076923077,0.0,0.75,0,0
0.592,0.5,0.1723076923076923,0.0,0.75,0,0
0.578,0.5,0.18884615384615386,0.0,0.75,0,0
0.564,0.5,0.2053846153846154,0.0,0.75,0,0
0.55,0.5,0.22192307692307692,0.0,0.75,0,0
0.536,0.5,0.23846153846153847,0.0,0.75,0,0
0.522,0.5,0.255,0.0,0.75,0,0
0.522,0.5,0.27153846153846156,0.0,0.75,0,1
0.522,0.5,0.28807692307692306,0.0,0.75,0,1
0.522,0.5,0.3046153846153846,0.0,0.75,0,1
0.522,0.5,0.3211538461538462,0.0,0.75,0,1
0.536,0.5,0.3376923076923077,0.0,0.75,0,2
0.55,0.5,0.35423076923076924,0.0,0.75,0,2
0.564,0.5,0.3707692307692308,0.0,0.75,0,2
0.578,0.5,0.3873076923076923,0.0,0.75,0,2
0.592,0.5,0.40384615384615385,0.0,0.75,0,2
0.606,0.5,0.4203846153846154,0.0,0.75,0,2
0.62,0.5,0.4369230769230769,-0.5,0.75,0,2
0.634,0.5,0.45346153846153847,-0.5,0.75,0,2
0.648,0.5,0.47,-0.5,0.75,0,2
0.662,0.5,0.48653846153846153,-0.5,0.75,0,2
0.676,0.5,0.5030769230769231,-0.5,0.75,0,2
0.69,0.5,0.5196153846153846,-0.5,0.75,0,2
0.704,0.5,0.5361538461538462,-0.5,0.75,0,2
0.718,0.5,0.5526923076923077,-0.5,0.75,0,2
0.732,0.5,0.5692307692307692,-0.5,0.75,0,2
0.746,0.5,0.5857692307692308,-0.5,0.75,0,2
0.746,0.5,0.6023076923076923,-0.5,0.75,0,1
0.746,0.5,0.6188461538461538,-0.5,0.75,0,1
0.746,0.5,0.6353846153846154,-0.5,0.75,0,1
0.746,0.5,0.6519230769230769,-0.5,0.75,0,1
0.746,0.5,0.6684615384615384,-0.5,0.75,0,1
0.746,0.5,0.685,-0.5,0.75,0,1
0.746,0.5,0.7015384615384616,-0.5,0.75,0,1
0.746,0.5,0.7180769230769231,-0.5,0.75,0,1
0.746,0.5,0.7346153846153847,-0.5,0.75,0,1
0.746,0.5,0.7511538461538462,-0.5,0.75,0,1
0.746,0.5,0.7676923076923077,-0.5,0.75,0,1
0.746,0.5,0.7842307692307692,-0.5,0.75,0,1
0.746,0.5,0.8007692307692308,-0.5,0.75,0,1
0.746,0.5,0.8173076923076923,-0.5,0.75,0,1
0.746,0.5,0.8338461538461538,-0.5,0.75,0,1
0.746,0.5,0.8503846153846154,-0.5,0.75,0,1
0.746,0.5,0.8669230769230769,-0.5,0.75,0,1
0.746,0.5,0.8834615384615384,-0.5,0.75,0,1
0.746,0.5,0.9,-0.5,0.75,0,1
0.746,0.5,0.9165384615384615,-0.5,0.75,0,1
0.746,0.5,0.933076923076923,-0.5,0.75,0,1
0.746,0.74,0.34615384615384615,0.0,0.4166666666666667,0,1
0.746,0.74,0.3565384615384615,0.0,0.4166666666666667,0,1
0.746,0.74,0.3669230769230769,0.0,0.4166666666666667,0,1
0.746,0.74,0.3773076923076923,0.0,0.4166666666666667,0,1
0.746,0.74,0.38769230769230767,0.0,0.4166666666666667,0,1
0.732,0.74,0.39807692307692305,0.0,0.4166666666666667,0,0
0.718,0.74,0.4084615384615385,0.0,0.4166666666666667,0,0
0.704,0.74,0.41884615384615387,0.0,0.4166666666666667,0,0
0.69,0.74,0.42923076923076925,0.0,0.4166666666666667,0,0
0.676,0.74,0.43961538461538463,0.0,0.4166666666666667,0,0
0.662,0.74,0.45,0.0,0.4166666666666667,0,0
0.648,0.74,0.4603846153846154,0.0,0.4166666666666667,0,0
0.634,0.74,0.4707692307692308,0.0,0.4166666666666667,0,0
0.62,0.74,0.48115384615384615,0.0,0.4166666666666667,0,0
0.606,0.74,0.49153846153846154,0.5,0.4166666666666667,0,0
0.592,0.74,0.5019230769230769,0.5,0.4166666666666667,0,0
0.578,0.74,0.5123076923076924,0.5,0.4166666666666667,0,0
0.564,0.74,0.5226923076923077,0.5,0.4166666666666667,0,0
0.564,0.74,0.5330769230769231,0.5,0.4166666666666667,0,1
0.564,0.74,0.5434615384615384,0.5,0.4166666666666667,0,1
0.564,0.74,0.5538461538461539,0.5,0.4166666666666667,0,1
0.564,0.74,0.5642307692307692,0.5,0.4166666666666667,0,1
0.564,0.26,0.5753846153846154,-0.5,0.5,1,1
0.564,0.26,0.5873076923076923,-0.5,0.5,1,1
0.564,0.26,0.5992307692307692,-0.5,0.5,1,1
0.564,0.26,0.6111538461538462,-0.5,0.5,1,1
0.564,0.26,0.6230769230769231,-0.5,0.5,1,1
0.578,0.26,0.635,-0.5,0.5,1,2
0.592,0.26,0.6469230769230769,-0.5,0.5,1,2
0.606,0.26,0.6588461538461539,-0.5,0.5,1,2
0.62,0.26,0.6707692307692308,-1.0,0.5,1,2
0.634,0.26,0.6826923076923077,-1.0,0.5,1,2
0.634,0.26,0.6946153846153846,-1.0,0.5,1,1
0.634,0.26,0.7065384615384616,-1.0,0.5,1,1
0.634,0.26,0.7184615384615385,-1.0,0.5,1,1
0.634,0.26,0.7303846153846154,-1.0,0.5,1,1
0.634,0.26,0.7423076923076923,-1.0,0.5,1,1
0.634,0.26,0.7542307692307693,-1.0,0.5,1,1
0.634,0.26,0.7661538461538462,-1.0,0.5,1,1
0.634,0.26,0.7780769230769231,-1.0,0.5,1,1
0.634,0.26,0.79,-1.0,0.5,1,1
0.634,0.26,0.801923076923077,-1.0,0.5,1,1
0.62,0.26,0.8138461538461539,-1.0,0.5,1,0
0.606,0.26,0.8257692307692308,-0.5,0.5,1,0
0.592,0.26,0.8376923076923077,-0.5,0.5,1,0
0.578,0.26,0.8496153846153847,-0.5,0.5,1,0
0.564,0.26,0.8615384615384616,-0.5,0.5,1,0
0.55,0.26,0.8734615384615385,-0.5,0.5,1,0
0.536,0.26,0.8853846153846154,-0.5,0.5,1,0
0.522,0.26,0.8973076923076924,-0.5,0.5,1,0
0.508,0.26,0.9092307692307692,-0.5,0.5,1,0
0.494,0.26,0.9211538461538461,-0.5,0.5,1,0
0.48,0.26,0.933076923076923,-0.5,0.5,1,0
0.466,0.74,0.8965384615384615,0.5,0.4166666666666667,0,0
0.452,0.74,0.9069230769230769,0.5,0.4166666666666667,0,0
0.452,0.74,0.9173076923076923,0.5,0.4166666666666667,0,1
0.452,0.74,0.9276923076923077,0.5,0.4166666666666667,0,1
0.452,0.74,0.938076923076923,0.5,0.4166666666666667,0,1
0.452,0.26,0.08346153846153846,-0.5,0.5833333333333334,0,1
0.452,0.26,0.09692307692307692,-0.5,0.5833333333333334,0,1
0.452,0.26,0.11038461538461539,-0.5,0.5833333333333334,0,1
0.452,0.26,0.12384615384615384,-0.5,0.5833333333333334,0,1
0.452,0.26,0.1373076923076923,-0.5,0.5833333333333334,0,1
0.452,0.26,0.15076923076923077,-0.5,0.5833333333333334,0,1
0.452,0.26,0.16423076923076924,-0.5,0.5833333333333334,0,1
0.452,0.26,0.1776923076923077,-0.5,0.5833333333333334,0,1
0.466,0.26,0.19115384615384615,-0.5,0.5833333333333334,0,2
0.48,0.26,0.20461538461538462,-0.5,0.5833333333333334,0,2
0.494,0.26,0.21807692307692308,-0.5,0.5833333333333334,0,2
0.508,0.26,0.23153846153846153,-0.5,0.5833333333333334,0,2
0.522,0.26,0.245,-0.5,0.5833333333333334,0,2
0.536,0.26,0.25846153846153846,-0.5,0.5833333333333334,0,2
0.55,0.26,0.27192307692307693,-0.5,0.5833333333333334,0,2
0.564,0.26,0.2853846153846154,-0.5,0.5833333333333334,0,2
0.578,0.26,0.2988461538461539,-0.5,0.5833333333333334,0,2
0.578,0.26,0.3123076923076923,-0.5,0.5833333333333334,0,1
0.578,0.26,0.32576923076923076,-0.5,0.5833333333333334,0,1
0.578,0.26,0.3392307692307692,-0.5,0.5833333333333334,0,1
0.578,0.26,0.3526923076923077,-0.5,0.5833333333333334,0,1
0.578,0.26,0.36615384615384616,-0.5,0.5833333333333334,0,1
0.578,0.26,0.37961538461538463,-0.5,0.5833333333333334,0,1
0.592,0.26,0.3930769230769231,-0.5,0.5833333333333334,0,2
0.606,0.26,0.4065384615384615,-0.5,0.5833333333333334,0,2
0.62,0.26,0.42,-1.0,0.5833333333333334,0,2
0.634,0.26,0.43346153846153845,-1.0,0.5833333333333334,0,2
0.648,0.26,0.4469230769230769,-1.0,0.5833333333333334,0,2
0.662,0.26,0.4603846153846154,-1.0,0.5833333333333334,0,2
0.676,0.26,0.47384615384615386,-1.0,0.5833333333333334,0,2
0.676,0.26,0.48730769230769233,-1.0,0.5833333333333334,0,1
0.676,0.26,0.5007692307692307,-1.0,0.5833333333333334,0,1
0.676,0.26,0.5142307692307693,-1.0,0.5833333333333334,0,1
0.676,0.26,0.5276923076923077,-1.0,0.5833333333333334,0,1
0.676,0.26,0.5411538461538462,-1.0,0.5833333333333334,0,1
0.676,0.26,0.5546153846153846,-1.0,0.5833333333333334,0,1
0.676,0.26,0.568076923076923,-1.0,0.5833333333333334,0,1
0.676,0.26,0.5815384615384616,-1.0,0.5833333333333334,0,1
0.676,0.26,0.595,-1.0,0.5833333333333334,0,1
0.676,0.26,0.6084615384615385,-1.0,0.5833333333333334,0,1
0.676,0.26,0.6219230769230769,-1.0,0.5833333333333334,0,1
0.676,0.26,0.6353846153846154,-1.0,0.5833333333333334,0,1
0.676,0.26,0.6488461538461539,-1.0,0.5833333333333334,0,1
0.676,0.26,0.6623076923076923,-1.0,0.5833333333333334,0,1
0.662,0.26,0.6757692307692308,-1.0,0.5833333333333334,0,0
0.648,0.26,0.6892307692307692,-1.0,0.5833333333333334,0,0
0.634,0.26,0.7026923076923077,-1.0,0.5833333333333334,0,0
0.62,0.26,0.7161538461538461,-1.0,0.5833333333333334,0,0
0.606,0.26,0.7296153846153847,-0.5,0.5833333333333334,0,0
0.592,0.26,0.7430769230769231,-0.5,0.5833333333333334,0,0
0.578,0.26,0.7565384615384615,-0.5,0.5833333333333334,0,0
0.578,0.26,0.77,-0.5,0.5833333333333334,0,1
0.578,0.26,0.7834615384615384,-0.5,0.5833333333333334,0,1
0.578,0.26,0.796923076923077,-0.5,0.5833333333333334,0,1
0.578,0.26,0.8103846153846154,-0.5,0.5833333333333334,0,1
0.578,0.26,0.8238461538461539,-0.5,0.5833333333333334,0,1
0.592,0.26,0.8373076923076923,-0.5,0.5833333333333334,0,2
0.606,0.26,0.8507692307692307,-0.5,0.5833333333333334,0,2
0.62,0.26,0.8642307692307692,-1.0,0.5833333333333334,0,2
0.634,0.26,0.8776923076923077,-1.0,0.5833333333333334,0,2
0.648,0.26,0.8911538461538462,-1.0,0.5833333333333334,0,2
0.662,0.26,0.9046153846153846,-1.0,0.5833333333333334,0,2
0.676,0.26,0.9180769230769231,-1.0,0.5833333333333334,0,2
0.69,0.26,0.9315384615384615,-1.0,0.5833333333333334,0,2
0.704,0.5,0.3557692307692308,-0.5,0.5,0,2
0.704,0.5,0.3676923076923077,-0.5,0.5,0,1
0.704,0.5,0.37961538461538463,-0.5,0.5,0,1
0.704,0.5,0.39153846153846156,-0.5,0.5,0,1
0.704,0.5,0.4034615384615385,-0.5,0.5,0,1
0.704,0.5,0.4153846153846154,-0.5,0.5,0,1
0.704,0.5,0.42730769230769233,-0.5,0.5,0,1
0.704,0.5,0.43923076923076926,-0.5,0.5,0,1
0.704,0.5,0.4511538461538461,-0.5,0.5,0,1
0.704,0.5,0.46307692307692305,-0.5,0.5,0,1
0.718,0.5,0.475,-0.5,0.5,0,2
0.732,0.5,0.4869230769230769,-0.5,0.5,0,2
0.732,0.5,0.49884615384615383,-0.5,0.5,0,1
0.732,0.5,0.5107692307692308,-0.5,0.5,0,1
0.732,0.5,0.5226923076923077,-0.5,0.5,0,1
0.732,0.5,0.5346153846153846,-0.5,0.5,0,1
0.732,0.5,0.5465384615384615,-0.5,0.5,0,1
0.732,0.5,0.5584615384615385,-0.5,0.5,0,1
0.732,0.5,0.5703846153846154,-0.5,0.5,0,1
0.732,0.5,0.5823076923076923,-0.5,0.5,0,1
0.732,0.5,0.5942307692307692,-0.5,0.5,0,1
0.732,0.5,0.6061538461538462,-0.5,0.5,0,1
0.732,0.5,0.6180769230769231,-0.5,0.5,0,1
0.732,0.5,0.63,-0.5,0.5,0,1
0.732,0.5,0.6419230769230769,-0.5,0.5,0,1
0.732,0.5,0.6538461538461539,-0.5,0.5,0,1
0.732,0.5,0.6657692307692308,-0.5,0.5,0,1
0.732,0.5,0.6776923076923077,-0.5,0.5,0,1
0.732,0.5,0.6896153846153846,-0.5,0.5,0,1
0.732,0.5,0.7015384615384616,-0.5,0.5,0,1
0.732,0.5,0.7134615384615385,-0.5,0.5,0,1
0.732,0.5,0.7253846153846154,-0.5,0.5,0,1
0.732,0.5,0.7373076923076923,-0.5,0.5,0,1
0.732,0.5,0.7492307692307693,-0.5,0.5,0,1
0.732,0.5,0.7611538461538462,-0.5,0.5,0,1
0.732,0.5,0.7730769230769231,-0.5,0.5,0,1
0.732,0.5,0.785,-0.5,0.5,0,1
0.732,0.5,0.796923076923077,-0.5,0.5,0,1
0.732,0.5,0.8088461538461539,-0.5,0.5,0,1
0.732,0.5,0.8207692307692308,-0.5,0.5,0,1
0.732,0.5,0.8326923076923077,-0.5,0.5,0,1
0.732,0.5,0.8446153846153847,-0.5,0.5,0,1
0.732,0.5,0.8565384615384616,-0.5,0.5,0,1
0.732,0.5,0.8684615384615385,-0.5,0.5,0,1
0.732,0.5,0.8803846153846154,-0.5,0.5,0,1
0.732,0.5,0.8923076923076924,-0.5,0.5,0,1
0.718,0.5,0.9042307692307693,-0.5,0.5,0,0
0.704,0.5,0.9161538461538462,-0.5,0.5,0,0
0.69,0.5,0.928076923076923,-0.5,0.5,0,0
0.676,0.26,0.5792307692307692,-1.0,0.4166666666666667,1,0
0.662,0.26,0.5896153846153847,-1.0,0.4166666666666667,1,0
0.648,0.26,0.6,-1.0,0.4166666666666667,1,0
0.634,0.26,0.6103846153846154,-1.0,0.4166666666666667,1,0
0.62,0.26,0.6207692307692307,-1.0,0.4166666666666667,1,0
0.606,0.26,0.6311538461538462,-0.5,0.4166666666666667,1,0
0.592,0.26,0.6415384615384615,-0.5,0.4166666666666667,1,0
0.578,0.26,0.6519230769230769,-0.5,0.4166666666666667,1,0
0.564,0.26,0.6623076923076923,-0.5,0.4166666666666667,1,0
0.55,0.26,0.6726923076923077,-0.5,0.4166666666666667,1,0
0.55,0.26,0.683076923076923,-0.5,0.4166666666666667,1,1
0.55,0.26,0.6934615384615385,-0.5,0.4166666666666667,1,1
0.55,0.26,0.7038461538461539,-0.5,0.4166666666666667,1,1
0.55,0.26,0.7142307692307692,-0.5,0.4166666666666667,1,1
0.55,0.26,0.7246153846153847,-0.5,0.4166666666666667,1,1
0.55,0.26,0.735,-0.5,0.4166666666666667,1,1
0.55,0.26,0.7453846153846154,-0.5,0.4166666666666667,1,1
0.55,0.26,0.7557692307692307,-0.5,0.4166666666666667,1,1
0.55,0.26,0.7661538461538462,-0.5,0.4166666666666667,1,1
0.55,0.26,0.7765384615384615,-0.5,0.4166666666666667,1,1
0.55,0.26,0.786923076923077,-0.5,0.4166666666666667,1,1
0.55,0.26,0.7973076923076923,-0.5,0.4166666666666667,1,1
0.55,0.26,0.8076923076923077,-0.5,0.4166666666666667,1,1
0.55,0.26,0.818076923076923,-0.5,0.4166666666666667,1,1
0.55,0.26,0.8284615384615385,-0.5,0.4166666666666667,1,1
0.55,0.26,0.8388461538461538,-0.5,0.4166666666666667,1,1
0.55,0.26,0.8492307692307692,-0.5,0.4166666666666667,1,1
0.55,0.26,0.8596153846153847,-0.5,0.4166666666666667,1,1
0.55,0.26,0.87,-0.5,0.4166666666666667,1,1
0.55,0.26,0.8803846153846154,-0.5,0.4166666666666667,1,1
0.55,0.26,0.8907692307692308,-0.5,0.4166666666666667,1,1
0.55,0.26,0.9011538461538462,-0.5,0.4166666666666667,1,1
0.536,0.26,0.9115384615384615,-0.5,0.4166666666666667,1,0
0.522,0.26,0.921923076923077,-0.5,0.4166666666666667,1,0
0.508,0.26,0.9323076923076923,-0.5,0.4166666666666667,1,0
0.494,0.26,0.9342307692307692,-0.5,0.6666666666666666,0,0
0.494,0.26,0.24576923076923077,-0.5,0.75,0,1
0.494,0.26,0.2623076923076923,-0.5,0.75,0,1
0.494,0.26,0.27884615384615385,-0.5,0.75,0,1
0.494,0.26,0.2953846153846154,-0.5,0.75,0,1
0.494,0.26,0.3119230769230769,-0.5,0.75,0,1
0.494,0.26,0.32846153846153847,-0.5,0.75,0,1
0.494,0.26,0.345,-0.5,0.75,0,1
0.508,0.26,0.36153846153846153,-0.5,0.75,0,2
0.522,0.26,0.3780769230769231,-0.5,0.75,0,2
0.536,0.26,0.3946153846153846,-0.5,0.75,0,2
0.55,0.26,0.41115384615384615,-0.5,0.75,0,2
0.564,0.26,0.4276923076923077,-0.5,0.75,0,2
0.578,0.26,0.4442307692307692,-0.5,0.75,0,2
0.592,0.26,0.46076923076923076,-0.5,0.75,0,2
0.606,0.26,0.4773076923076923,-0.5,0.75,0,2
0.606,0.26,0.4938461538461538,-0.5,0.75,0,1
0.606,0.26,0.5103846153846154,-0.5,0.75,0,1
0.606,0.26,0.5269230769230769,-0.5,0.75,0,1
0.606,0.26,0.5434615384615384,-0.5,0.75,0,1
0.606,0.26,0.56,-0.5,0.75,0,1
0.606,0.26,0.5765384615384616,-0.5,0.75,0,1
0.606,0.26,0.5930769230769231,-0.5,0.75,0,1
0.62,0.26,0.6096153846153847,-1.0,0.75,0,2
0.634,0.26,0.6261538461538462,-1.0,0.75,0,2
0.648,0.26,0.6426923076923077,-1.0,0.75,0,2
0.662,0.26,0.6592307692307692,-1.0,0.75,0,2
0.676,0.26,0.6757692307692308,-1.0,0.75,0,2
0.69,0.26,0.6923076923076923,-1.0,0.75,0,2
0.69,0.26,0.7088461538461538,-1.0,0.75,0,1
0.69,0.26,0.7253846153846154,-1.0,0.75,0,1
0.69,0.26,0.7419230769230769,-1.0,0.75,0,1
0.69,0.26,0.7584615384615384,-1.0,0.75,0,1
0.69,0.26,0.775,-1.0,0.75,0,1
0.69,0.26,0.7915384615384615,-1.0,0.75,0,1
0.704,0.26,0.808076923076923,-1.0,0.75,0,2
0.718,0.26,0.8246153846153846,-1.0,0.75,0,2
0.732,0.26,0.8411538461538461,-1.0,0.75,0,2
0.746,0.26,0.8576923076923076,-1.0,0.75,0,2
0.76,0.26,0.8742307692307693,-1.0,0.75,0,2
0.774,0.26,0.8907692307692308,-1.0,0.75,0,2
0.788,0.26,0.9073076923076923,-1.0,0.75,0,2
0.802,0.26,0.9238461538461539,-1.0,0.75,0,2
0.802,0.5,0.4023076923076923,-0.5,0.75,0,2
0.802,0.5,0.41884615384615387,-0.5,0.75,0,2
0.802,0.5,0.43538461538461537,-0.5,0.75,0,2
0.802,0.5,0.4519230769230769,-0.5,0.75,0,1
0.802,0.5,0.4684615384615385,-0.5,0.75,0,1
0.802,0.5,0.485,-0.5,0.75,0,1
0.802,0.5,0.5015384615384615,-0.5,0.75,0,1
0.802,0.5,0.5180769230769231,-0.5,0.75,0,1
0.802,0.5,0.5346153846153846,-0.5,0.75,0,1
0.802,0.5,0.5511538461538461,-0.5,0.75,0,1
0.802,0.5,0.5676923076923077,-0.5,0.75,0,1
0.802,0.5,0.5842307692307692,-0.5,0.75,0,1
0.802,0.5,0.6007692307692307,-0.5,0.75,0,1
0.802,0.5,0.6173076923076923,-0.5,0.75,0,1
0.802,0.5,0.6338461538461538,-0.5,0.75,0,1
0.802,0.5,0.6503846153846153,-0.5,0.75,0,1
0.802,0.5,0.666923076923077,-0.5,0.75,0,1
0.802,0.5,0.6834615384615385,-0.5,0.75,0,1
0.802,0.5,0.7,-0.5,0.75,0,1
0.802,0.5,0.7165384615384616,-0.5,0.75,0,1
0.802,0.5,0.7330769230769231,-0.5,0.75,0,1
0.802,0.5,0.7496153846153846,-0.5,0.75,0,1
0.802,0.5,0.7661538461538462,-0.5,0.75,0,1
0.802,0.5,0.7826923076923077,-0.5,0.75,0,1
0.802,0.5,0.7992307692307692,-0.5,0.75,0,1
0.802,0.5,0.8157692307692308,-0.5,0.75,0,1
0.802,0.5,0.8323076923076923,-0.5,0.75,0,1
0.802,0.5,0.8488461538461538,-0.5,0.75,0,1
0.802,0.5,0.8653846153846154,-0.5,0.75,0,1
0.802,0.5,0.8819230769230769,-0.5,0.75,0,1
0.802,0.5,0.8984615384615384,-0.5,0.75,0,1
0.788,0.5,0.915,-0.5,0.75,0,0
0.774,0.5,0.9315384615384615,-0.5,0.75,0,0
0.76,0.5,0.7276923076923076,-0.5,0.75,1,0
0.746,0.5,0.7442307692307693,-0.5,0.75,1,0
0.732,0.5,0.7607692307692308,-0.5,0.75,1,0
0.718,0.5,0.7773076923076923,-0.5,0.75,1,0
0.704,0.5,0.7938461538461539,-0.5,0.75,1,0
0.69,0.5,0.8103846153846154,-0.5,0.75,1,0
0.676,0.5,0.8269230769230769,-0.5,0.75,1,0
0.662,0.5,0.8434615384615385,-0.5,0.75,1,0
0.648,0.5,0.86,-0.5,0.75,1,0
0.634,0.5,0.8765384615384615,-0.5,0.75,1,0
0.62,0.5,0.8930769230769231,-0.5,0.75,1,0
0.606,0.5,0.9096153846153846,0.0,0.75,1,0
0.592,0.5,0.9261538461538461,0.0,0.75,1,0
0.578,0.5,0.20692307692307693,0.0,0.4166666666666667,0,0
0.564,0.5,0.2173076923076923,0.0,0.4166666666666667,0,0
0.55,0.5,0.2276923076923077,0.0,0.4166666666666667,0,0
0.536,0.5,0.23807692307692307,0.0,0.4166666666666667,0,0
0.522,0.5,0.24846153846153846,0.0,0.4166666666666667,0,0
0.522,0.5,0.25884615384615384,0.0,0.4166666666666667,0,1
0.522,0.5,0.2692307692307692,0.0,0.4166666666666667,0,1
0.522,0.5,0.2796153846153846,0.0,0.4166666666666667,0,1
0.522,0.5,0.29,0.0,0.4166666666666667,0,1
0.522,0.5,0.30038461538461536,0.0,0.4166666666666667,0,1
0.522,0.5,0.31076923076923074,0.0,0.4166666666666667,0,1
0.522,0.5,0.3211538461538462,0.0,0.4166666666666667,0,1
0.522,0.5,0.33153846153846156,0.0,0.4166666666666667,0,1
0.522,0.5,0.34192307692307694,0.0,0.4166666666666667,0,1
0.522,0.5,0.3523076923076923,0.0,0.4166666666666667,0,1
0.522,0.5,0.3626923076923077,0.0,0.4166666666666667,0,1
0.522,0.5,0.3730769230769231,0.0,0.4166666666666667,0,1
0.522,0.5,0.38346153846153846,0.0,0.4166666666666667,0,1
0.522,0.5,0.39384615384615385,0.0,0.4166666666666667,0,1
0.522,0.5,0.4042307692307692,0.0,0.4166666666666667,0,1
0.508,0.5,0.4146153846153846,0.0,0.4166666666666667,0,0
0.494,0.5,0.425,0.0,0.4166666666666667,0,0
0.48,0.5,0.43538461538461537,0.0,0.4166666666666667,0,0
0.466,0.5,0.44576923076923075,0.0,0.4166666666666667,0,0
0.452,0.5,0.45615384615384613,0.0,0.4166666666666667,0,0
0.438,0.5,0.4665384615384615,0.0,0.4166666666666667,0,0
0.424,0.5,0.47692307692307695,0.0,0.4166666666666667,0,0
0.41,0.5,0.48730769230769233,0.0,0.4166666666666667,0,0
0.396,0.5,0.4976923076923077,0.0,0.4166666666666667,0,0
0.382,0.5,0.5080769230769231,0.0,0.4166666666666667,0,0
0.368,0.5,0.5184615384615384,0.5,0.4166666666666667,0,0
0.354,0.5,0.5288461538461539,0.5,0.4166666666666667,0,0
0.34,0.5,0.5392307692307692,0.5,0.4166666666666667,0,0
0.326,0.5,0.5496153846153846,0.5,0.4166666666666667,0,0
0.312,0.5,0.56,0.5,0.4166666666666667,0,0
0.298,0.5,0.5703846153846154,0.5,0.4166666666666667,0,0
0.284,0.5,0.5807692307692308,0.5,0.4166666666666667,0,0
0.284,0.5,0.5911538461538461,0.5,0.4166666666666667,0,1
0.284,0.5,0.6015384615384616,0.5,0.4166666666666667,0,1
0.284,0.5,0.6119230769230769,0.5,0.4166666666666667,0,1
0.284,0.5,0.6223076923076923,0.5,0.4166666666666667,0,1
0.284,0.5,0.6326923076923077,0.5,0.4166666666666667,0,1
0.284,0.5,0.6430769230769231,0.5,0.4166666666666667,0,1
0.284,0.5,0.6534615384615384,0.5,0.4166666666666667,0,1
0.284,0.5,0.6638461538461539,0.5,0.4166666666666667,0,1
0.284,0.5,0.6742307692307692,0.5,0.4166666666666667,0,1
0.284,0.5,0.6846153846153846,0.5,0.4166666666666667,0,1
0.284,0.5,0.695,0.5,0.4166666666666667,0,1
0.284,0.5,0.7053846153846154,0.5,0.4166666666666667,0,1
0.284,0.5,0.7157692307692308,0.5,0.4166666666666667,0,1
0.284,0.5,0.7261538461538461,0.5,0.4166666666666667,0,1
0.284,0.5,0.7365384615384616,0.5,0.4166666666666667,0,1
0.284,0.5,0.7469230769230769,0.5,0.4166666666666667,0,1
0.284,0.5,0.7573076923076923,0.5,0.4166666666666667,0,1
0.284,0.5,0.7676923076923077,0.5,0.4166666666666667,0,1
0.284,0.5,0.7780769230769231,0.5,0.4166666666666667,0,1
0.284,0.5,0.7884615384615384,0.5,0.4166666666666667,0,1
0.284,0.5,0.7988461538461539,0.5,0.4166666666666667,0,1
0.284,0.5,0.8092307692307692,0.5,0.4166666666666667,0,1
0.284,0.5,0.8196153846153846,0.5,0.4166666666666667,0,1
0.284,0.5,0.83,0.5,0.4166666666666667,0,1
0.284,0.5,0.8403846153846154,0.5,0.4166666666666667,0,1
0.298,0.5,0.8507692307692307,0.5,0.4166666666666667,0,2
0.312,0.5,0.8611538461538462,0.5,0.4166666666666667,0,2
0.326,0.5,0.8715384615384615,0.5,0.4166666666666667,0,2
0.34,0.5,0.8819230769230769,0.5,0.4166666666666667,0,2
0.354,0.5,0.8923076923076924,0.5,0.4166666666666667,0,2
0.368,0.5,0.9026923076923077,0.5,0.4166666666666667,0,2
0.382,0.5,0.9130769230769231,0.0,0.4166666666666667,0,2
0.396,0.5,0.9234615384615384,0.0,0.4166666666666667,0,2
0.396,0.5,0.9338461538461539,0.0,0.4166666666666667,0,1
0.396,0.74,0.9303846153846154,0.5,0.6666666666666666,0,1
0.396,0.26,0.7861538461538462,-0.5,0.75,1,1
0.396,0.26,0.8026923076923077,-0.5,0.75,1,1
0.396,0.26,0.8192307692307692,-0.5,0.75,1,1
0.396,0.26,0.8357692307692308,-0.5,0.75,1,1
0.396,0.26,0.8523076923076923,-0.5,0.75,1,1
0.396,0.26,0.8688461538461538,-0.5,0.75,1,1
0.396,0.26,0.8853846153846154,-0.5,0.75,1,1
0.396,0.26,0.9019230769230769,-0.5,0.75,1,1
0.396,0.26,0.9184615384615384,-0.5,0.75,1,1
0.396,0.26,0.935,-0.5,0.75,1,1
0.396,0.26,-0.15923076923076923,-0.5,0.5833333333333334,1,1
0.396,0.26,-0.14576923076923076,-0.5,0.5833333333333334,1,1
0.396,0.26,-0.13230769230769232,-0.5,0.5833333333333334,1,1
0.396,0.26,-0.11884615384615385,-0.5,0.5833333333333334,1,1
0.41,0.26,-0.10538461538461538,-0.5,0.5833333333333334,1,2
0.424,0.26,-0.09192307692307693,-0.5,0.5833333333333334,1,2
0.438,0.26,-0.07846153846153846,-0.5,0.5833333333333334,1,2
0.452,0.26,-0.065,-0.5,0.5833333333333334,1,2
0.466,0.26,-0.05153846153846154,-0.5,0.5833333333333334,1,2
0.48,0.26,-0.03807692307692308,-0.5,0.5833333333333334,1,2
0.494,0.26,-0.024615384615384615,-0.5,0.5833333333333334,1,2
0.508,0.26,-0.011153846153846153,-0.5,0.5833333333333334,1,2
0.522,0.26,0.002307692307692308,-0.5,0.5833333333333334,1,2
0.536,0.26,0.015769230769230768,-0.5,0.5833333333333334,1,2
0.55,0.26,0.02923076923076923,-0.5,0.5833333333333334,1,2
0.564,0.26,0.04269230769230769,-0.5,0.5833333333333334,1,2
0.578,0.26,0.05615384615384615,-0.5,0.5833333333333334,1,2
0.592,0.26,0.06961538461538462,-0.5,0.5833333333333334,1,2
0.606,0.26,0.08307692307692308,-0.5,0.5833333333333334,1,2
0.606,0.26,0.09653846153846155,-0.5,0.5833333333333334,1,1
0.606,0.26,0.11,-0.5,0.5833333333333334,1,1
0.606,0.26,0.12346153846153846,-0.5,0.5833333333333334,1,1
0.606,0.26,0.13692307692307693,-0.5,0.5833333333333334,1,1
0.606,0.26,0.1503846153846154,-0.5,0.5833333333333334,1,1
0.606,0.26,0.16384615384615384,-0.5,0.5833333333333334,1,1
0.606,0.26,0.1773076923076923,-0.5,0.5833333333333334,1,1
0.606,0.26,0.19076923076923077,-0.5,0.5833333333333334,1,1
0.62,0.26,0.20423076923076924,-1.0,0.5833333333333334,1,2
0.634,0.26,0.21769230769230768,-1.0,0.5833333333333334,1,2
0.648,0.26,0.23115384615384615,-1.0,0.5833333333333334,1,2
0.662,0.26,0.24461538461538462,-1.0,0.5833333333333334,1,2
0.676,0.26,0.2580769230769231,-1.0,0.5833333333333334,1,2
0.69,0.26,0.27153846153846156,-1.0,0.5833333333333334,1,2
0.704,0.26,0.285,-1.0,0.5833333333333334,1,2
0.718,0.26,0.29846153846153844,-1.0,0.5833333333333334,1,2
0.732,0.26,0.3119230769230769,-1.0,0.5833333333333334,1,2
0.732,0.26,0.3253846153846154,-1.0,0.5833333333333334,1,1
0.746,0.26,0.33884615384615385,-1.0,0.5833333333333334,1,2
0.76,0.26,0.3523076923076923,-1.0,0.5833333333333334,1,2
0.774,0.26,0.3657692307692308,-1.0,0.5833333333333334,1,2
0.788,0.26,0.3792307692307692,-1.0,0.5833333333333334,1,2
0.802,0.26,0.3926923076923077,-1.0,0.5833333333333334,1,2
0.802,0.26,0.40615384615384614,-1.0,0.5833333333333334,1,2
0.802,0.26,0.4196153846153846,-1.0,0.5833333333333334,1,1
0.802,0.26,0.4330769230769231,-1.0,0.5833333333333334,1,1
0.802,0.26,0.44653846153846155,-1.0,0.5833333333333334,1,1
0.802,0.26,0.46,-1.0,0.5833333333333334,1,1
0.802,0.26,0.4734615384615385,-1.0,0.5833333333333334,1,1
0.802,0.26,0.4869230769230769,-1.0,0.5833333333333334,1,1
0.802,0.26,0.5003846153846154,-1.0,0.5833333333333334,1,1
0.802,0.26,0.5138461538461538,-1.0,0.5833333333333334,1,1
0.802,0.26,0.5273076923076923,-1.0,0.5833333333333334,1,1
0.802,0.26,0.5407692307692308,-1.0,0.5833333333333334,1,1
0.802,0.26,0.5542307692307692,-1.0,0.5833333333333334,1,1
0.802,0.26,0.5676923076923077,-1.0,0.5833333333333334,1,1
0.802,0.26,0.5811538461538461,-1.0,0.5833333333333334,1,1
0.802,0.26,0.5946153846153847,-1.0,0.5833333333333334,1,1
0.802,0.26,0.6080769230769231,-1.0,0.5833333333333334,1,1
0.802,0.26,0.6215384615384615,-1.0,0.5833333333333334,1,1
0.802,0.26,0.635,-1.0,0.5833333333333334,1,1
0.802,0.26,0.6484615384615384,-1.0,0.5833333333333334,1,1
0.802,0.26,0.661923076923077,-1.0,0.5833333333333334,1,1
0.802,0.26,0.6753846153846154,-1.0,0.5833333333333334,1,1
0.788,0.26,0.6888461538461539,-1.0,0.5833333333333334,1,0
0.774,0.26,0.7023076923076923,-1.0,0.5833333333333334,1,0
0.76,0.26,0.7157692307692308,-1.0,0.5833333333333334,1,0
0.746,0.26,0.7292307692307692,-1.0,0.5833333333333334,1,0
0.732,0.26,0.7426923076923077,-1.0,0.5833333333333334,1,0
0.718,0.26,0.7561538461538462,-1.0,0.5833333333333334,1,0
0.718,0.26,0.7696153846153846,-1.0,0.5833333333333334,1,1
0.718,0.26,0.7830769230769231,-1.0,0.5833333333333334,1,1
0.718,0.26,0.7965384615384615,-1.0,0.5833333333333334,1,1
0.718,0.26,0.81,-1.0,0.5833333333333334,1,1
0.718,0.26,0.8234615384615385,-1.0,0.5833333333333334,1,1
0.732,0.26,0.8369230769230769,-1.0,0.5833333333333334,1,2
0.746,0.26,0.8503846153846154,-1.0,0.5833333333333334,1,2
0.76,0.26,0.8638461538461538,-1.0,0.5833333333333334,1,2
0.774,0.26,0.8773076923076923,-1.0,0.5833333333333334,1,2
0.788,0.26,0.8907692307692308,-1.0,0.5833333333333334,1,2
0.802,0.26,0.9042307692307693,-1.0,0.5833333333333334,1,2
0.802,0.5,0.9180769230769231,-0.5,0.6666666666666666,0,2
0.802,0.5,0.933076923076923,-0.5,0.6666666666666666,0,2
0.802,0.5,0.4411538461538462,-0.5,0.4166666666666667,0,2
0.802,0.5,0.45153846153846156,-0.5,0.4166666666666667,0,2
0.802,0.5,0.46192307692307694,-0.5,0.4166666666666667,0,1
0.802,0.5,0.4723076923076923,-0.5,0.4166666666666667,0,1
0.802,0.5,0.4826923076923077,-0.5,0.4166666666666667,0,1
0.802,0.5,0.4930769230769231,-0.5,0.4166666666666667,0,1
0.802,0.5,0.5034615384615385,-0.5,0.4166666666666667,0,1
0.802,0.5,0.5138461538461538,-0.5,0.4166666666666667,0,1
0.802,0.5,0.5242307692307693,-0.5,0.4166666666666667,0,1
0.802,0.5,0.5346153846153846,-0.5,0.4166666666666667,0,1
0.802,0.5,0.545,-0.5,0.4166666666666667,0,1
0.802,0.5,0.5553846153846154,-0.5,0.4166666666666667,0,1
0.802,0.5,0.5657692307692308,-0.5,0.4166666666666667,0,1
0.802,0.5,0.5761538461538461,-0.5,0.4166666666666667,0,1
0.802,0.5,0.5865384615384616,-0.5,0.4166666666666667,0,1
0.802,0.5,0.5969230769230769,-0.5,0.4166666666666667,0,1
0.802,0.5,0.6073076923076923,-0.5,0.4166666666666667,0,1
0.802,0.5,0.6176923076923077,-0.5,0.4166666666666667,0,1
0.802,0.5,0.6280769230769231,-0.5,0.4166666666666667,0,1
0.802,0.5,0.6384615384615384,-0.5,0.4166666666666667,0,1
0.802,0.5,0.6488461538461539,-0.5,0.4166666666666667,0,1
0.802,0.5,0.6592307692307692,-0.5,0.4166666666666667,0,1
0.802,0.5,0.6696153846153846,-0.5,0.4166666666666667,0,1
0.802,0.5,0.68,-0.5,0.4166666666666667,0,1
0.802,0.5,0.6903846153846154,-0.5,0.4166666666666667,0,1
0.802,0.5,0.7007692307692308,-0.5,0.4166666666666667,0,1
0.802,0.5,0.7111538461538461,-0.5,0.4166666666666667,0,1
0.802,0.5,0.7215384615384616,-0.5,0.4166666666666667,0,1
0.802,0.5,0.7319230769230769,-0.5,0.4166666666666667,0,1
0.802,0.5,0.7423076923076923,-0.5,0.4166666666666667,0,1
0.802,0.5,0.7526923076923077,-0.5,0.4166666666666667,0,1
0.802,0.5,0.7630769230769231,-0.5,0.4166666666666667,0,1
0.802,0.5,0.7734615384615384,-0.5,0.4166666666666667,0,1
0.802,0.5,0.7838461538461539,-0.5,0.4166666666666667,0,1
0.802,0.5,0.7942307692307692,-0.5,0.4166666666666667,0,1
0.802,0.5,0.8046153846153846,-0.5,0.4166666666666667,0,1
0.802,0.5,0.815,-0.5,0.4166666666666667,0,1
0.802,0.5,0.8253846153846154,-0.5,0.4166666666666667,0,1
0.802,0.5,0.8357692307692308,-0.5,0.4166666666666667,0,1
0.802,0.5,0.8461538461538461,-0.5,0.4166666666666667,0,1
0.802,0.5,0.8565384615384616,-0.5,0.4166666666666667,0,1
0.802,0.5,0.8669230769230769,-0.5,0.4166666666666667,0,1
0.802,0.5,0.8773076923076923,-0.5,0.4166666666666667,0,1
0.802,0.5,0.8876923076923077,-0.5,0.4166666666666667,0,1
0.802,0.5,0.8980769230769231,-0.5,0.4166666666666667,0,1
0.802,0.5,0.9084615384615384,-0.5,0.4166666666666667,0,1
0.802,0.5,0.9188461538461539,-0.5,0.4166666666666667,0,1
0.802,0.5,0.9292307692307692,-0.5,0.4166666666666667,0,1
0.802,0.5,0.9396153846153846,-0.5,0.4166666666666667,0,1
0.788,0.74,0.31076923076923074,0.0,0.75,1,0
0.774,0.74,0.3273076923076923,0.0,0.75,1,0
0.76,0.74,0.34384615384615386,0.0,0.75,1,0
0.746,0.74,0.36038461538461536,0.0,0.75,1,0
0.732,0.74,0.3769230769230769,0.0,0.75,1,0
0.718,0.74,0.3934615384615385,0.0,0.75,1,0
0.704,0.74,0.41,0.0,0.75,1,0
0.69,0.74,0.42653846153846153,0.0,0.75,1,0
0.676,0.74,0.4430769230769231,0.0,0.75,1,0
0.662,0.74,0.4596153846153846,0.0,0.75,1,0
0.648,0.74,0.47615384615384615,0.0,0.75,1,0
0.634,0.74,0.4926923076923077,0.0,0.75,1,0
0.62,0.74,0.5092307692307693,0.0,0.75,1,0
0.62,0.74,0.5257692307692308,0.0,0.75,1,1
0.62,0.74,0.5423076923076923,0.0,0.75,1,1
0.62,0.74,0.5588461538461539,0.0,0.75,1,1
0.62,0.74,0.5753846153846154,0.0,0.75,1,1
0.62,0.74,0.5919230769230769,0.0,0.75,1,1
0.62,0.74,0.6084615384615385,0.0,0.75,1,1
0.62,0.74,0.625,0.0,0.75,1,1
0.62,0.74,0.6415384615384615,0.0,0.75,1,1
0.606,0.74,0.6580769230769231,0.5,0.75,1,0
0.592,0.74,0.6746153846153846,0.5,0.75,1,0
0.578,0.74,0.6911538461538461,0.5,0.75,1,0
0.564,0.74,0.7076923076923077,0.5,0.75,1,0
0.55,0.74,0.7242307692307692,0.5,0.75,1,0
0.55,0.74,0.7407692307692307,0.5,0.75,1,1
0.55,0.74,0.7573076923076923,0.5,0.75,1,1
0.55,0.74,0.7738461538461539,0.5,0.75,1,1
0.55,0.74,0.7903846153846154,0.5,0.75,1,1
0.55,0.74,0.806923076923077,0.5,0.75,1,1
0.536,0.74,0.8234615384615385,0.5,0.75,1,0
0.522,0.74,0.84,0.5,0.75,1,0
0.508,0.74,0.8565384615384616,0.5,0.75,1,0
0.494,0.74,0.8730769230769231,0.5,0.75,1,0
0.48,0.74,0.8896153846153846,0.5,0.75,1,0
0.466,0.74,0.9061538461538462,0.5,0.75,1,0
0.466,0.74,0.9226923076923077,0.5,0.75,1,1
0.466,0.74,0.9392307692307692,0.5,0.75,1,1
0.466,0.26,0.8476923076923077,-0.5,0.8333333333333334,0,1
0.466,0.26,0.8657692307692307,-0.5,0.8333333333333334,0,1
0.466,0.26,0.8838461538461538,-0.5,0.8333333333333334,0,1
0.466,0.26,0.9019230769230769,-0.5,0.8333333333333334,0,1
0.466,0.26,0.92,-0.5,0.8333333333333334,0,1
0.466,0.26,0.938076923076923,-0.5,0.8333333333333334,0,1
0.466,0.5,0.03,0.0,0.6666666666666666,1,1
0.48,0.5,0.045,0.0,0.6666666666666666,1,2
0.494,0.5,0.06,0.0,0.6666666666666666,1,2
0.508,0.5,0.075,0.0,0.6666666666666666,1,2
0.522,0.5,0.09,0.0,0.6666666666666666,1,2
0.536,0.5,0.105,0.0,0.6666666666666666,1,2
0.55,0.5,0.12,0.0,0.6666666666666666,1,2
0.564,0.5,0.135,0.0,0.6666666666666666,1,2
0.578,0.5,0.15,0.0,0.6666666666666666,1,2
0.592,0.5,0.165,0.0,0.6666666666666666,1,2
0.606,0.5,0.18,0.0,0.6666666666666666,1,2
0.62,0.5,0.195,-0.5,0.6666666666666666,1,2
0.62,0.5,0.21,-0.5,0.6666666666666666,1,1
0.62,0.5,0.225,-0.5,0.6666666666666666,1,1
0.62,0.5,0.24,-0.5,0.6666666666666666,1,1
0.62,0.5,0.255,-0.5,0.6666666666666666,1,1
0.62,0.5,0.27,-0.5,0.6666666666666666,1,1
0.62,0.5,0.285,-0.5,0.6666666666666666,1,1
0.62,0.5,0.3,-0.5,0.6666666666666666,1,1
0.62,0.5,0.315,-0.5,0.6666666666666666,1,1
0.634,0.5,0.33,-0.5,0.6666666666666666,1,2
0.648,0.5,0.345,-0.5,0.6666666666666666,1,2
0.662,0.5,0.36,-0.5,0.6666666666666666,1,2
0.676,0.5,0.375,-0.5,0.6666666666666666,1,2
0.69,0.5,0.39,-0.5,0.6666666666666666,1,2
0.704,0.5,0.405,-0.5,0.6666666666666666,1,2
0.718,0.5,0.42,-0.5,0.6666666666666666,1,2
0.732,0.5,0.435,-0.5,0.6666666666666666,1,2
0.746,0.5,0.45,-0.5,0.6666666666666666,1,2
0.76,0.5,0.465,-0.5,0.6666666666666666,1,2
0.774,0.5,0.48,-0.5,0.6666666666666666,1,2
0.788,0.5,0.495,-0.5,0.6666666666666666,1,2
0.802,0.5,0.51,-0.5,0.6666666666666666,1,2
0.802,0.5,0.525,-0.5,0.6666666666666666,1,2
0.802,0.5,0.54,-0.5,0.6666666666666666,1,1
0.802,0.5,0.555,-0.5,0.6666666666666666,1,1
0.802,0.5,0.57,-0.5,0.6666666666666666,1,1
0.802,0.5,0.585,-0.5,0.6666666666666666,1,1
0.802,0.5,0.6,-0.5,0.6666666666666666,1,1
0.802,0.5,0.615,-0.5,0.6666666666666666,1,1
0.802,0.5,0.63,-0.5,0.6666666666666666,1,1
0.802,0.5,0.645,-0.5,0.6666666666666666,1,1
0.802,0.5,0.66,-0.5,0.6666666666666666,1,1
0.802,0.5,0.675,-0.5,0.6666666666666666,1,1
0.802,0.5,0.69,-0.5,0.6666666666666666,1,1
0.802,0.5,0.705,-0.5,0.6666666666666666,1,1
0.802,0.5,0.72,-0.5,0.6666666666666666,1,1
0.802,0.5,0.735,-0.5,0.6666666666666666,1,1
0.802,0.5,0.75,-0.5,0.6666666666666666,1,1
0.802,0.5,0.765,-0.5,0.6666666666666666,1,1
0.802,0.5,0.78,-0.5,0.6666666666666666,1,1
0.802,0.5,0.795,-0.5,0.6666666666666666,1,1
0.802,0.5,0.81,-0.5,0.6666666666666666,1,1
0.802,0.5,0.825,-0.5,0.6666666666666666,1,1
0.802,0.5,0.84,-0.5,0.6666666666666666,1,1
0.802,0.5,0.855,-0.5,0.6666666666666666,1,1
0.802,0.5,0.87,-0.5,0.6666666666666666,1,1
0.802,0.5,0.885,-0.5,0.6666666666666666,1,1
0.802,0.5,0.9,-0.5,0.6666666666666666,1,1
0.802,0.5,0.915,-0.5,0.6666666666666666,1,1
0.802,0.5,0.93,-0.5,0.6666666666666666,1,1
0.802,0.5,0.6569230769230769,-0.5,0.6666666666666666,1,1
0.802,0.5,0.671923076923077,-0.5,0.6666666666666666,1,1
0.802,0.5,0.686923076923077,-0.5,0.6666666666666666,1,1
0.802,0.5,0.7019230769230769,-0.5,0.6666666666666666,1,1
0.802,0.5,0.7169230769230769,-0.5,0.6666666666666666,1,1
0.802,0.5,0.7319230769230769,-0.5,0.6666666666666666,1,1
0.802,0.5,0.7469230769230769,-0.5,0.6666666666666666,1,1
0.802,0.5,0.7619230769230769,-0.5,0.6666666666666666,1,1
0.802,0.5,0.7769230769230769,-0.5,0.6666666666666666,1,1
0.802,0.5,0.791923076923077,-0.5,0.6666666666666666,1,1
0.802,0.5,0.806923076923077,-0.5,0.6666666666666666,1,1
0.802,0.5,0.821923076923077,-0.5,0.6666666666666666,1,1
0.802,0.5,0.8369230769230769,-0.5,0.6666666666666666,1,1
0.802,0.5,0.8519230769230769,-0.5,0.6666666666666666,1,1
0.802,0.5,0.8669230769230769,-0.5,0.6666666666666666,1,1
0.802,0.5,0.8819230769230769,-0.5,0.6666666666666666,1,1
0.802,0.5,0.8969230769230769,-0.5,0.6666666666666666,1,1
0.802,0.5,0.911923076923077,-0.5,0.6666666666666666,1,1
0.802,0.5,0.926923076923077,-0.5,0.6666666666666666,1,1
0.802,0.5,0.7084615384615385,-0.5,0.8333333333333334,1,1
0.802,0.5,0.7265384615384616,-0.5,0.8333333333333334,1,1
0.802,0.5,0.7446153846153846,-0.5,0.8333333333333334,1,1
0.802,0.5,0.7626923076923077,-0.5,0.8333333333333334,1,1
0.802,0.5,0.7807692307692308,-0.5,0.8333333333333334,1,1
0.802,0.5,0.7988461538461539,-0.5,0.8333333333333334,1,1
0.802,0.5,0.816923076923077,-0.5,0.8333333333333334,1,1
0.802,0.5,0.835,-0.5,0.8333333333333334,1,1
0.802,0.5,0.8530769230769231,-0.5,0.8333333333333334,1,1
0.788,0.5,0.8711538461538462,-0.5,0.8333333333333334,1,0
0.774,0.5,0.8892307692307693,-0.5,0.8333333333333334,1,0
0.76,0.5,0.9073076923076923,-0.5,0.8333333333333334,1,0
0.746,0.5,0.9253846153846154,-0.5,0.8333333333333334,1,0
0.732,0.74,0.043076923076923075,0.0,0.75,0,0
0.718,0.74,0.05961538461538462,0.0,0.75,0,0
0.704,0.74,0.07615384615384616,0.0,0.75,0,0
0.69,0.74,0.0926923076923077,0.0,0.75,0,0
0.676,0.74,0.10923076923076923,0.0,0.75,0,0
0.662,0.74,0.12576923076923077,0.0,0.75,0,0
0.648,0.74,0.1423076923076923,0.0,0.75,0,0
0.634,0.74,0.15884615384615386,0.0,0.75,0,0
0.62,0.74,0.1753846153846154,0.0,0.75,0,0
0.606,0.74,0.19192307692307692,0.5,0.75,0,0
0.592,0.74,0.20846153846153845,0.5,0.75,0,0
0.578,0.74,0.225,0.5,0.75,0,0
0.564,0.74,0.24153846153846154,0.5,0.75,0,0
0.55,0.74,0.2580769230769231,0.5,0.75,0,0
0.536,0.74,0.2746153846153846,0.5,0.75,0,0
0.522,0.74,0.29115384615384615,0.5,0.75,0,0
0.508,0.74,0.3076923076923077,0.5,0.75,0,0
0.494,0.74,0.3242307692307692,0.5,0.75,0,0
0.48,0.74,0.34076923076923077,0.5,0.75,0,0
0.466,0.74,0.3573076923076923,0.5,0.75,0,0
0.466,0.74,0.37384615384615383,0.5,0.75,0,1
0.466,0.74,0.3903846153846154,0.5,0.75,0,1
0.466,0.74,0.40692307692307694,0.5,0.75,0,1
0.466,0.74,0.42346153846153844,0.5,0.75,0,1
0.466,0.74,0.44,0.5,0.75,0,1
0.466,0.74,0.45653846153846156,0.5,0.75,0,1
0.466,0.74,0.47307692307692306,0.5,0.75,0,1
0.466,0.74,0.4896153846153846,0.5,0.75,0,1
0.466,0.74,0.5061538461538462,0.5,0.75,0,1
0.466,0.74,0.5226923076923077,0.5,0.75,0,1
0.466,0.74,0.5392307692307692,0.5,0.75,0,1
0.466,0.74,0.5557692307692308,0.5,0.75,0,1
0.466,0.74,0.5723076923076923,0.5,0.75,0,1
0.466,0.74,0.5888461538461538,0.5,0.75,0,1
0.466,0.74,0.6053846153846154,0.5,0.75,0,1
0.466,0.74,0.6219230769230769,0.5,0.75,0,1
0.466,0.74,0.6384615384615384,0.5,0.75,0,1
0.466,0.74,0.655,0.5,0.75,0,1
0.466,0.74,0.6715384615384615,0.5,0.75,0,1
0.466,0.74,0.688076923076923,0.5,0.75,0,1
0.466,0.74,0.7046153846153846,0.5,0.75,0,1
0.452,0.74,0.7211538461538461,0.5,0.75,0,0
0.438,0.74,0.7376923076923076,0.5,0.75,0,0
0.424,0.74,0.7542307692307693,0.5,0.75,0,0
0.41,0.74,0.7707692307692308,0.5,0.75,0,0
0.396,0.74,0.7873076923076923,0.5,0.75,0,0
0.382,0.74,0.8038461538461539,0.5,0.75,0,0
0.368,0.74,0.8203846153846154,1.0,0.75,0,0
0.354,0.74,0.8369230769230769,1.0,0.75,0,0
0.34,0.74,0.8534615384615385,1.0,0.75,0,0
0.34,0.74,0.87,1.0,0.75,0,1
0.34,0.74,0.8865384615384615,1.0,0.75,0,1
0.34,0.74,0.9030769230769231,1.0,0.75,0,1
0.34,0.74,0.9196153846153846,1.0,0.75,0,1
0.34,0.74,0.9361538461538461,1.0,0.75,0,1
0.34,0.74,0.6538461538461539,1.0,0.8333333333333334,1,1
0.34,0.74,0.671923076923077,1.0,0.8333333333333334,1,1
0.34,0.74,0.69,1.0,0.8333333333333334,1,1
0.34,0.74,0.708076923076923,1.0,0.8333333333333334,1,1
0.34,0.74,0.7261538461538461,1.0,0.8333333333333334,1,1
0.34,0.74,0.7442307692307693,1.0,0.8333333333333334,1,1
0.34,0.74,0.7623076923076924,1.0,0.8333333333333334,1,1
0.354,0.74,0.7803846153846153,1.0,0.8333333333333334,1,2
0.368,0.74,0.7984615384615384,1.0,0.8333333333333334,1,2
0.382,0.74,0.8165384615384615,0.5,0.8333333333333334,1,2
0.396,0.74,0.8346153846153846,0.5,0.8333333333333334,1,2
0.41,0.74,0.8526923076923076,0.5,0.8333333333333334,1,2
0.424,0.74,0.8707692307692307,0.5,0.8333333333333334,1,2
0.438,0.74,0.8888461538461538,0.5,0.8333333333333334,1,2
0.452,0.74,0.9069230769230769,0.5,0.8333333333333334,1,2
0.452,0.74,0.925,0.5,0.8333333333333334,1,1
0.452,0.74,0.5538461538461539,0.5,0.5,0,1
0.452,0.74,0.5657692307692308,0.5,0.5,0,1
0.452,0.74,0.5776923076923077,0.5,0.5,0,1
0.452,0.74,0.5896153846153847,0.5,0.5,0,1
0.452,0.74,0.6015384615384616,0.5,0.5,0,1
0.452,0.74,0.6134615384615385,0.5,0.5,0,1
0.452,0.74,0.6253846153846154,0.5,0.5,0,1
0.452,0.74,0.6373076923076924,0.5,0.5,0,1
0.452,0.74,0.6492307692307693,0.5,0.5,0,1
0.452,0.74,0.6611538461538462,0.5,0.5,0,1
0.452,0.74,0.6730769230769231,0.5,0.5,0,1
0.452,0.74,0.685,0.5,0.5,0,1
0.452,0.74,0.696923076923077,0.5,0.5,0,1
0.452,0.74,0.7088461538461538,0.5,0.5,0,1
0.452,0.74,0.7207692307692307,0.5,0.5,0,1
0.452,0.74,0.7326923076923076,0.5,0.5,0,1
0.452,0.74,0.7446153846153846,0.5,0.5,0,1
0.452,0.74,0.7565384615384615,0.5,0.5,0,1
0.452,0.74,0.7684615384615384,0.5,0.5,0,1
0.452,0.74,0.7803846153846153,0.5,0.5,0,1
0.452,0.74,0.7923076923076923,0.5,0.5,0,1
0.452,0.74,0.8042307692307692,0.5,0.5,0,1
0.466,0.74,0.8161538461538461,0.5,0.5,0,2
0.48,0.74,0.828076923076923,0.5,0.5,0,2
0.494,0.74,0.84,0.5,0.5,0,2
0.508,0.74,0.8519230769230769,0.5,0.5,0,2
0.522,0.74,0.8638461538461538,0.5,0.5,0,2
0.536,0.74,0.8757692307692307,0.5,0.5,0,2
0.55,0.74,0.8876923076923077,0.5,0.5,0,2
0.564,0.74,0.8996153846153846,0.5,0.5,0,2
0.564,0.74,0.9115384615384615,0.5,0.5,0,1
0.564,0.74,0.9234615384615384,0.5,0.5,0,1
0.564,0.74,0.9353846153846154,0.5,0.5,0,1
0.564,0.5,0.025384615384615384,0.0,0.5833333333333334,1,1
0.564,0.5,0.03884615384615384,0.0,0.5833333333333334,1,1
0.564,0.5,0.052307692307692305,0.0,0.5833333333333334,1,1
0.564,0.5,0.06576923076923077,0.0,0.5833333333333334,1,1
0.564,0.5,0.07923076923076923,0.0,0.5833333333333334,1,1
0.564,0.5,0.0926923076923077,0.0,0.5833333333333334,1,1
0.564,0.5,0.10615384615384615,0.0,0.5833333333333334,1,1
0.564,0.5,0.11961538461538461,0.0,0.5833333333333334,1,1
0.564,0.5,0.13307692307692306,0.0,0.5833333333333334,1,1
0.564,0.5,0.14653846153846153,0.0,0.5833333333333334,1,1
0.564,0.5,0.16,0.0,0.5833333333333334,1,1
0.564,0.5,0.17346153846153847,0.0,0.5833333333333334,1,1
0.564,0.5,0.18692307692307691,0.0,0.5833333333333334,1,1
0.564,0.5,0.20038461538461538,0.0,0.5833333333333334,1,1
0.564,0.5,0.21384615384615385,0.0,0.5833333333333334,1,1
0.578,0.5,0.2273076923076923,0.0,0.5833333333333334,1,2
0.592,0.5,0.24076923076923076,0.0,0.5833333333333334,1,2
0.606,0.5,0.2542307692307692,0.0,0.5833333333333334,1,2
0.62,0.5,0.2676923076923077,-0.5,0.5833333333333334,1,2
0.634,0.5,0.28115384615384614,-0.5,0.5833333333333334,1,2
0.648,0.5,0.2946153846153846,-0.5,0.5833333333333334,1,2
0.662,0.5,0.3080769230769231,-0.5,0.5833333333333334,1,2
0.676,0.5,0.32153846153846155,-0.5,0.5833333333333334,1,2
0.69,0.5,0.335,-0.5,0.5833333333333334,1,2
0.69,0.5,0.3484615384615385,-0.5,0.5833333333333334,1,1
0.69,0.5,0.3619230769230769,-0.5,0.5833333333333334,1,1
0.69,0.5,0.37538461538461537,-0.5,0.5833333333333334,1,1
0.69,0.5,0.38884615384615384,-0.5,0.5833333333333334,1,1
0.69,0.5,0.4023076923076923,-0.5,0.5833333333333334,1,1
0.69,0.5,0.4157692307692308,-0.5,0.5833333333333334,1,1
0.69,0.5,0.42923076923076925,-0.5,0.5833333333333334,1,1
0.69,0.5,0.4426923076923077,-0.5,0.5833333333333334,1,1
0.69,0.5,0.45615384615384613,-0.5,0.5833333333333334,1,1
0.69,0.5,0.4696153846153846,-0.5,0.5833333333333334,1,1
0.69,0.5,0.48307692307692307,-0.5,0.5833333333333334,1,1
0.69,0.5,0.49653846153846154,-0.5,0.5833333333333334,1,1
0.69,0.5,0.51,-0.5,0.5833333333333334,1,1
0.69,0.5,0.5234615384615384,-0.5,0.5833333333333334,1,1
0.69,0.5,0.536923076923077,-0.5,0.5833333333333334,1,1
0.69,0.5,0.5503846153846154,-0.5,0.5833333333333334,1,1
0.69,0.5,0.5638461538461539,-0.5,0.5833333333333334,1,1
0.69,0.5,0.5773076923076923,-0.5,0.5833333333333334,1,1
0.69,0.5,0.5907692307692308,-0.5,0.5833333333333334,1,1
0.69,0.5,0.6042307692307692,-0.5,0.5833333333333334,1,1
0.69,0.5,0.6176923076923077,-0.5,0.5833333333333334,1,1
0.69,0.5,0.6311538461538462,-0.5,0.5833333333333334,1,1
0.69,0.5,0.6446153846153846,-0.5,0.5833333333333334,1,1
0.69,0.5,0.6580769230769231,-0.5,0.5833333333333334,1,1
0.69,0.5,0.6715384615384615,-0.5,0.5833333333333334,1,1
0.69,0.5,0.685,-0.5,0.5833333333333334,1,1
0.69,0.5,0.6984615384615385,-0.5,0.5833333333333334,1,1
0.69,0.5,0.7119230769230769,-0.5,0.5833333333333334,1,1
0.69,0.5,0.7253846153846154,-0.5,0.5833333333333334,1,1
0.69,0.5,0.7388461538461538,-0.5,0.5833333333333334,1,1
0.69,0.5,0.7523076923076923,-0.5,0.5833333333333334,1,1
0.69,0.5,0.7657692307692308,-0.5,0.5833333333333334,1,1
0.69,0.5,0.7792307692307693,-0.5,0.5833333333333334,1,1
0.676,0.5,0.7942307692307692,-0.5,0.75,0,0
0.662,0.5,0.8107692307692308,-0.5,0.75,0,0
0.648,0.5,0.8273076923076923,-0.5,0.75,0,0
0.634,0.5,0.8438461538461538,-0.5,0.75,0,0
0.62,0.5,0.8603846153846154,-0.5,0.75,0,0
0.606,0.5,0.8769230769230769,0.0,0.75,0,0
0.606,0.5,0.8934615384615384,0.0,0.75,0,1
0.606,0.5,0.91,0.0,0.75,0,1
0.606,0.5,0.9265384615384615,0.0,0.75,0,1
0.606,0.5,0.9138461538461539,0.0,0.5833333333333334,1,1
0.606,0.5,0.9273076923076923,0.0,0.5833333333333334,1,1
0.606,0.74,0.7930769230769231,0.5,0.75,0,1
0.606,0.74,0.8096153846153846,0.5,0.75,0,1
0.606,0.74,0.8261538461538461,0.5,0.75,0,1
0.606,0.74,0.8426923076923077,0.5,0.75,0,1
0.606,0.74,0.8592307692307692,0.5,0.75,0,1
0.606,0.74,0.8757692307692307,0.5,0.75,0,1
0.606,0.74,0.8923076923076924,0.5,0.75,0,1
0.606,0.74,0.9088461538461539,0.5,0.75,0,1
0.606,0.74,0.9253846153846154,0.5,0.75,0,1
0.606,0.74,-0.2519230769230769,0.5,0.8333333333333334,1,1
0.606,0.74,-0.23384615384615384,0.5,0.8333333333333334,1,1
0.606,0.74,-0.21576923076923077,0.5,0.8333333333333334,1,1
0.606,0.74,-0.1976923076923077,0.5,0.8333333333333334,1,1
0.606,0.74,-0.17961538461538462,0.5,0.8333333333333334,1,1
0.606,0.74,-0.16153846153846155,0.5,0.8333333333333334,1,1
0.606,0.74,-0.14346153846153847,0.5,0.8333333333333334,1,1
0.606,0.74,-0.12538461538461537,0.5,0.8333333333333334,1,1
0.606,0.74,-0.10730769230769231,0.5,0.8333333333333334,1,1
0.606,0.74,-0.08923076923076922,0.5,0.8333333333333334,1,1
0.606,0.74,-0.07115384615384615,0.5,0.8333333333333334,1,1
0.592,0.74,-0.05307692307692308,0.5,0.8333333333333334,1,0
0.578,0.74,-0.035,0.5,0.8333333333333334,1,0
0.564,0.74,-0.016923076923076923,0.5,0.8333333333333334,1,0
0.55,0.74,0.001153846153846154,0.5,0.8333333333333334,1,0
0.536,0.74,0.019230769230769232,0.5,0.8333333333333334,1,0
0.522,0.74,0.037307692307692306,0.5,0.8333333333333334,1,0
0.508,0.74,0.055384615384615386,0.5,0.8333333333333334,1,0
0.494,0.74,0.07346153846153847,0.5,0.8333333333333334,1,0
0.494,0.74,0.09153846153846154,0.5,0.8333333333333334,1,1
0.494,0.74,0.10961538461538461,0.5,0.8333333333333334,1,1
0.494,0.74,0.1276923076923077,0.5,0.8333333333333334,1,1
0.494,0.74,0.14576923076923076,0.5,0.8333333333333334,1,1
0.494,0.74,0.16384615384615384,0.5,0.8333333333333334,1,1
0.494,0.74,0.1819230769230769,0.5,0.8333333333333334,1,1
0.494,0.74,0.2,0.5,0.8333333333333334,1,1
0.494,0.74,0.21807692307692308,0.5,0.8333333333333334,1,1
0.494,0.74,0.23615384615384616,0.5,0.8333333333333334,1,1
0.494,0.74,0.2542307692307692,0.5,0.8333333333333334,1,1
0.494,0.74,0.2723076923076923,0.5,0.8333333333333334,1,1
0.494,0.74,0.2903846153846154,0.5,0.8333333333333334,1,1
0.494,0.74,0.30846153846153845,0.5,0.8333333333333334,1,1
0.494,0.74,0.32653846153846156,0.5,0.8333333333333334,1,1
0.494,0.74,0.3446153846153846,0.5,0.8333333333333334,1,1
0.494,0.74,0.3626923076923077,0.5,0.8333333333333334,1,1
0.494,0.74,0.38076923076923075,0.5,0.8333333333333334,1,1
0.494,0.74,0.39884615384615385,0.5,0.8333333333333334,1,1
0.494,0.74,0.4169230769230769,0.5,0.8333333333333334,1,1
0.494,0.74,0.435,0.5,0.8333333333333334,1,1
0.494,0.74,0.4530769230769231,0.5,0.8333333333333334,1,1
0.494,0.74,0.47115384615384615,0.5,0.8333333333333334,1,1
0.494,0.74,0.48923076923076925,0.5,0.8333333333333334,1,1
0.494,0.74,0.5073076923076923,0.5,0.8333333333333334,1,1
0.494,0.74,0.5253846153846153,0.5,0.8333333333333334,1,1
0.508,0.74,0.5434615384615384,0.5,0.8333333333333334,1,2
0.522,0.74,0.5615384615384615,0.5,0.8333333333333334,1,2
0.536,0.74,0.5796153846153846,0.5,0.8333333333333334,1,2
0.55,0.74,0.5976923076923077,0.5,0.8333333333333334,1,2
0.564,0.74,0.6157692307692307,0.5,0.8333333333333334,1,2
0.578,0.74,0.6338461538461538,0.5,0.8333333333333334,1,2
0.592,0.74,0.6519230769230769,0.5,0.8333333333333334,1,2
0.606,0.74,0.67,0.5,0.8333333333333334,1,2
0.606,0.74,0.688076923076923,0.5,0.8333333333333334,1,1
0.606,0.74,0.7061538461538461,0.5,0.8333333333333334,1,1
0.606,0.74,0.7242307692307692,0.5,0.8333333333333334,1,1
0.606,0.74,0.7423076923076923,0.5,0.8333333333333334,1,1
0.606,0.74,0.7603846153846154,0.5,0.8333333333333334,1,1
0.606,0.74,0.7784615384615384,0.5,0.8333333333333334,1,1
0.606,0.74,0.7965384615384615,0.5,0.8333333333333334,1,1
0.606,0.74,0.8146153846153846,0.5,0.8333333333333334,1,1
0.592,0.74,0.8326923076923077,0.5,0.8333333333333334,1,0
0.578,0.74,0.8507692307692307,0.5,0.8333333333333334,1,0
0.564,0.74,0.8688461538461538,0.5,0.8333333333333334,1,0
0.55,0.74,0.8869230769230769,0.5,0.8333333333333334,1,0
0.536,0.74,0.905,0.5,0.8333333333333334,1,0
0.522,0.74,0.9230769230769231,0.5,0.8333333333333334,1,0
0.508,0.74,0.5084615384615384,0.5,0.8333333333333334,1,0
0.494,0.74,0.5265384615384615,0.5,0.8333333333333334,1,0
0.48,0.74,0.5446153846153846,0.5,0.8333333333333334,1,0
0.466,0.74,0.5626923076923077,0.5,0.8333333333333334,1,0
0.466,0.74,0.5807692307692308,0.5,0.8333333333333334,1,1
0.466,0.74,0.5988461538461538,0.5,0.8333333333333334,1,1
0.466,0.74,0.6169230769230769,0.5,0.8333333333333334,1,1
0.466,0.74,0.635,0.5,0.8333333333333334,1,1
0.466,0.74,0.6530769230769231,0.5,0.8333333333333334,1,1
0.48,0.74,0.6711538461538461,0.5,0.8333333333333334,1,2
0.494,0.74,0.6892307692307692,0.5,0.8333333333333334,1,2
0.508,0.74,0.7073076923076923,0.5,0.8333333333333334,1,2
0.522,0.74,0.7253846153846154,0.5,0.8333333333333334,1,2
0.536,0.74,0.7434615384615385,0.5,0.8333333333333334,1,2
0.55,0.74,0.7615384615384615,0.5,0.8333333333333334,1,2
0.564,0.74,0.7796153846153846,0.5,0.8333333333333334,1,2
0.578,0.74,0.7976923076923077,0.5,0.8333333333333334,1,2
0.592,0.74,0.8157692307692308,0.5,0.8333333333333334,1,2
0.606,0.74,0.8338461538461538,0.5,0.8333333333333334,1,2
0.62,0.74,0.8519230769230769,0.0,0.8333333333333334,1,2
0.62,0.74,0.87,0.0,0.8333333333333334,1,1
0.62,0.74,0.8880769230769231,0.0,0.8333333333333334,1,1
0.62,0.74,0.9061538461538462,0.0,0.8333333333333334,1,1
0.62,0.74,0.9242307692307692,0.0,0.8333333333333334,1,1
0.62,0.5,0.6576923076923077,-0.5,0.5833333333333334,0,1
0.62,0.5,0.6711538461538461,-0.5,0.5833333333333334,0,1
0.62,0.5,0.6846153846153846,-0.5,0.5833333333333334,0,1
0.62,0.5,0.698076923076923,-0.5,0.5833333333333334,0,1
0.62,0.5,0.7115384615384616,-0.5,0.5833333333333334,0,1
0.62,0.5,0.725,-0.5,0.5833333333333334,0,1
0.62,0.5,0.7384615384615385,-0.5,0.5833333333333334,0,1
0.62,0.5,0.7519230769230769,-0.5,0.5833333333333334,0,1
0.62,0.5,0.7653846153846153,-0.5,0.5833333333333334,0,1
0.62,0.5,0.7788461538461539,-0.5,0.5833333333333334,0,1
0.62,0.5,0.7923076923076923,-0.5,0.5833333333333334,0,1
0.62,0.5,0.8057692307692308,-0.5,0.5833333333333334,0,1
0.62,0.5,0.8192307692307692,-0.5,0.5833333333333334,0,1
0.62,0.5,0.8326923076923077,-0.5,0.5833333333333334,0,1
0.62,0.5,0.8461538461538461,-0.5,0.5833333333333334,0,1
0.62,0.5,0.8596153846153847,-0.5,0.5833333333333334,0,1
0.62,0.5,0.8730769230769231,-0.5,0.5833333333333334,0,1
0.62,0.5,0.8865384615384615,-0.5,0.5833333333333334,0,1
0.62,0.5,0.9,-0.5,0.5833333333333334,0,1
0.62,0.5,0.9134615384615384,-0.5,0.5833333333333334,0,1
0.62,0.5,0.926923076923077,-0.5,0.5833333333333334,0,1
0.62,0.74,0.10384615384615385,0.0,0.5833333333333334,0,1
0.62,0.74,0.11730769230769231,0.0,0.5833333333333334,0,1
0.62,0.74,0.13076923076923078,0.0,0.5833333333333334,0,1
0.62,0.74,0.14423076923076922,0.0,0.5833333333333334,0,1
0.62,0.74,0.1576923076923077,0.0,0.5833333333333334,0,1
0.62,0.74,0.17115384615384616,0.0,0.5833333333333334,0,1
0.62,0.74,0.18461538461538463,0.0,0.5833333333333334,0,1
0.62,0.74,0.19807692307692307,0.0,0.5833333333333334,0,1
0.62,0.74,0.21153846153846154,0.0,0.5833333333333334,0,1
0.62,0.74,0.225,0.0,0.5833333333333334,0,1
0.62,0.74,0.23846153846153847,0.0,0.5833333333333334,0,1
0.62,0.74,0.2519230769230769,0.0,0.5833333333333334,0,1
0.62,0.74,0.2653846153846154,0.0,0.5833333333333334,0,1
0.62,0.74,0.27884615384615385,0.0,0.5833333333333334,0,1
0.62,0.74,0.2923076923076923,0.0,0.5833333333333334,0,1
0.62,0.74,0.3057692307692308,0.0,0.5833333333333334,0,1
0.62,0.74,0.3192307692307692,0.0,0.5833333333333334,0,1
0.62,0.74,0.3326923076923077,0.0,0.5833333333333334,0,1
0.62,0.74,0.34615384615384615,0.0,0.5833333333333334,0,1
0.62,0.74,0.3596153846153846,0.0,0.5833333333333334,0,1
0.62,0.74,0.3730769230769231,0.0,0.5833333333333334,0,1
0.62,0.74,0.38653846153846155,0.0,0.5833333333333334,0,1
0.62,0.74,0.4,0.0,0.5833333333333334,0,1
0.62,0.74,0.41346153846153844,0.0,0.5833333333333334,0,1
0.62,0.74,0.4269230769230769,0.0,0.5833333333333334,0,1
0.62,0.74,0.4403846153846154,0.0,0.5833333333333334,0,1
0.62,0.74,0.45384615384615384,0.0,0.5833333333333334,0,1
0.62,0.74,0.4673076923076923,0.0,0.5833333333333334,0,1
0.62,0.74,0.4807692307692308,0.0,0.5833333333333334,0,1
0.62,0.74,0.49423076923076925,0.0,0.5833333333333334,0,1
0.62,0.74,0.5076923076923077,0.0,0.5833333333333334,0,1
0.62,0.74,0.5211538461538462,0.0,0.5833333333333334,0,1
0.62,0.74,0.5346153846153846,0.0,0.5833333333333334,0,1
0.62,0.74,0.5480769230769231,0.0,0.5833333333333334,0,1
0.606,0.74,0.5615384615384615,0.5,0.5833333333333334,0,0
0.592,0.74,0.575,0.5,0.5833333333333334,0,0
0.578,0.74,0.5884615384615385,0.5,0.5833333333333334,0,0
0.564,0.74,0.6019230769230769,0.5,0.5833333333333334,0,0
0.55,0.74,0.6153846153846154,0.5,0.5833333333333334,0,0
0.536,0.74,0.6288461538461538,0.5,0.5833333333333334,0,0
0.522,0.74,0.6423076923076924,0.5,0.5833333333333334,0,0
0.522,0.74,0.6557692307692308,0.5,0.5833333333333334,0,1
0.522,0.74,0.6692307692307692,0.5,0.5833333333333334,0,1
0.522,0.74,0.6826923076923077,0.5,0.5833333333333334,0,1
0.522,0.74,0.6961538461538461,0.5,0.5833333333333334,0,1
0.522,0.74,0.7096153846153846,0.5,0.5833333333333334,0,1
0.522,0.74,0.7230769230769231,0.5,0.5833333333333334,0,1
0.522,0.74,0.7365384615384616,0.5,0.5833333333333334,0,1
0.522,0.74,0.75,0.5,0.5833333333333334,0,1
0.522,0.74,0.7634615384615384,0.5,0.5833333333333334,0,1
0.522,0.74,0.7769230769230769,0.5,0.5833333333333334,0,1
0.522,0.74,0.7903846153846154,0.5,0.5833333333333334,0,1
0.522,0.74,0.8038461538461539,0.5,0.5833333333333334,0,1
0.522,0.74,0.8173076923076923,0.5,0.5833333333333334,0,1
0.522,0.74,0.8307692307692308,0.5,0.5833333333333334,0,1
0.522,0.74,0.8442307692307692,0.5,0.5833333333333334,0,1
0.522,0.74,0.8576923076923076,0.5,0.5833333333333334,0,1
0.522,0.74,0.8711538461538462,0.5,0.5833333333333334,0,1
0.536,0.74,0.8846153846153846,0.5,0.5833333333333334,0,2
0.55,0.74,0.8980769230769231,0.5,0.5833333333333334,0,2
0.564,0.74,0.9115384615384615,0.5,0.5833333333333334,0,2
0.578,0.74,0.925,0.5,0.5833333333333334,0,2
0.592,0.74,0.9384615384615385,0.5,0.5833333333333334,0,2
0.606,0.26,0.835,-0.5,0.5833333333333334,0,2
0.62,0.26,0.8484615384615385,-1.0,0.5833333333333334,0,2
0.634,0.26,0.8619230769230769,-1.0,0.5833333333333334,0,2
0.634,0.26,0.8753846153846154,-1.0,0.5833333333333334,0,1
0.634,0.26,0.8888461538461538,-1.0,0.5833333333333334,0,1
0.634,0.26,0.9023076923076923,-1.0,0.5833333333333334,0,1
0.634,0.26,0.9157692307692308,-1.0,0.5833333333333334,0,1
0.634,0.26,0.9292307692307692,-1.0,0.5833333333333334,0,1
0.634,0.5,0.5596153846153846,-0.5,0.75,0,1
0.634,0.5,0.5761538461538461,-0.5,0.75,0,1
0.634,0.5,0.5926923076923077,-0.5,0.75,0,1
0.634,0.5,0.6092307692307692,-0.5,0.75,0,1
0.634,0.5,0.6257692307692307,-0.5,0.75,0,1
0.634,0.5,0.6423076923076924,-0.5,0.75,0,1
0.634,0.5,0.6588461538461539,-0.5,0.75,0,1
0.634,0.5,0.6753846153846154,-0.5,0.75,0,1
0.634,0.5,0.691923076923077,-0.5,0.75,0,1
0.634,0.5,0.7084615384615385,-0.5,0.75,0,1
0.634,0.5,0.725,-0.5,0.75,0,1
0.634,0.5,0.7415384615384616,-0.5,0.75,0,1
0.634,0.5,0.7580769230769231,-0.5,0.75,0,1
0.634,0.5,0.7746153846153846,-0.5,0.75,0,1
0.634,0.5,0.7911538461538462,-0.5,0.75,0,1
0.634,0.5,0.8076923076923077,-0.5,0.75,0,1
0.634,0.5,0.8242307692307692,-0.5,0.75,0,1
0.634,0.5,0.8407692307692308,-0.5,0.75,0,1
0.634,0.5,0.8573076923076923,-0.5,0.75,0,1
0.634,0.5,0.8738461538461538,-0.5,0.75,0,1
0.634,0.5,0.8903846153846153,-0.5,0.75,0,1
0.634,0.5,0.9069230769230769,-0.5,0.75,0,1
0.634,0.5,0.9234615384615384,-0.5,0.75,0,1
0.634,0.26,-0.05153846153846154,-1.0,0.75,1,1
0.634,0.26,-0.035,-1.0,0.75,1,1
0.634,0.26,-0.018461538461538463,-1.0,0.75,1,1
0.634,0.26,-0.0019230769230769232,-1.0,0.75,1,1
0.634,0.26,0.014615384615384615,-1.0,0.75,1,1
0.634,0.26,0.031153846153846153,-1.0,0.75,1,1
0.634,0.26,0.047692307692307694,-1.0,0.75,1,1
0.634,0.26,0.06423076923076923,-1.0,0.75,1,1
0.634,0.26,0.08076923076923077,-1.0,0.75,1,1
0.634,0.26,0.0973076923076923,-1.0,0.75,1,1
0.634,0.26,0.11384615384615385,-1.0,0.75,1,1
0.62,0.26,0.13038461538461538,-1.0,0.75,1,0
0.606,0.26,0.14692307692307693,-0.5,0.75,1,0
0.592,0.26,0.16346153846153846,-0.5,0.75,1,0
0.578,0.26,0.18,-0.5,0.75,1,0
0.564,0.26,0.19653846153846155,-0.5,0.75,1,0
0.55,0.26,0.21307692307692308,-0.5,0.75,1,0
0.536,0.26,0.2296153846153846,-0.5,0.75,1,0
0.536,0.26,0.24615384615384617,-0.5,0.75,1,1
0.536,0.26,0.26269230769230767,-0.5,0.75,1,1
0.536,0.26,0.2792307692307692,-0.5,0.75,1,1
0.536,0.26,0.2957692307692308,-0.5,0.75,1,1
0.536,0.26,0.3123076923076923,-0.5,0.75,1,1
0.536,0.26,0.32884615384615384,-0.5,0.75,1,1
0.536,0.26,0.3453846153846154,-0.5,0.75,1,1
0.536,0.26,0.3619230769230769,-0.5,0.75,1,1
0.536,0.26,0.37846153846153846,-0.5,0.75,1,1
0.536,0.26,0.395,-0.5,0.75,1,1
0.536,0.26,0.4115384615384615,-0.5,0.75,1,1
0.522,0.26,0.4280769230769231,-0.5,0.75,1,0
0.508,0.26,0.44461538461538463,-0.5,0.75,1,0
0.494,0.26,0.46115384615384614,-0.5,0.75,1,0
0.48,0.26,0.4776923076923077,-0.5,0.75,1,0
0.48,0.26,0.49423076923076925,-0.5,0.75,1,1
0.48,0.26,0.5107692307692308,-0.5,0.75,1,1
0.48,0.26,0.5273076923076923,-0.5,0.75,1,1
0.48,0.26,0.5438461538461539,-0.5,0.75,1,1
0.48,0.26,0.5603846153846154,-0.5,0.75,1,1
0.48,0.26,0.5769230769230769,-0.5,0.75,1,1
0.48,0.26,0.5934615384615385,-0.5,0.75,1,1
0.48,0.26,0.61,-0.5,0.75,1,1
0.48,0.26,0.6265384615384615,-0.5,0.75,1,1
0.48,0.26,0.6430769230769231,-0.5,0.75,1,1
0.48,0.26,0.6596153846153846,-0.5,0.75,1,1
0.48,0.26,0.6761538461538461,-0.5,0.75,1,1
0.48,0.26,0.6926923076923077,-0.5,0.75,1,1
0.48,0.26,0.7092307692307692,-0.5,0.75,1,1
0.48,0.26,0.7257692307692307,-0.5,0.75,1,1
0.48,0.26,0.7423076923076923,-0.5,0.75,1,1
0.48,0.26,0.7588461538461538,-0.5,0.75,1,1
0.48,0.26,0.7753846153846153,-0.5,0.75,1,1
0.48,0.26,0.791923076923077,-0.5,0.75,1,1
0.48,0.26,0.8084615384615385,-0.5,0.75,1,1
0.48,0.26,0.825,-0.5,0.75,1,1
0.48,0.26,0.8415384615384616,-0.5,0.75,1,1
0.48,0.26,0.8580769230769231,-0.5,0.75,1,1
0.48,0.26,0.8746153846153846,-0.5,0.75,1,1
0.48,0.26,0.8911538461538462,-0.5,0.75,1,1
0.48,0.26,0.9076923076923077,-0.5,0.75,1,1
0.48,0.26,0.9242307692307692,-0.5,0.75,1,1
0.48,0.74,0.7853846153846153,0.5,0.75,1,1
0.48,0.74,0.801923076923077,0.5,0.75,1,1
0.48,0.74,0.8184615384615385,0.5,0.75,1,1
0.48,0.74,0.835,0.5,0.75,1,1
0.48,0.74,0.8515384615384616,0.5,0.75,1,1
0.48,0.74,0.8680769230769231,0.5,0.75,1,1
0.48,0.74,0.8846153846153846,0.5,0.75,1,1
0.466,0.74,0.9011538461538462,0.5,0.75,1,0
0.452,0.74,0.9176923076923077,0.5,0.75,1,0
0.438,0.74,0.9342307692307692,0.5,0.75,1,0
0.424,0.5,0.24076923076923076,0.0,0.5,1,0
0.41,0.5,0.2526923076923077,0.0,0.5,1,0
0.396,0.5,0.26461538461538464,0.0,0.5,1,0
0.382,0.5,0.2765384615384615,0.0,0.5,1,0
0.368,0.5,0.28846153846153844,0.5,0.5,1,0
0.354,0.5,0.30038461538461536,0.5,0.5,1,0
0.354,0.5,0.3123076923076923,0.5,0.5,1,1
0.354,0.5,0.3242307692307692,0.5,0.5,1,1
0.354,0.5,0.33615384615384614,0.5,0.5,1,1
0.354,0.5,0.34807692307692306,0.5,0.5,1,1
0.354,0.5,0.36,0.5,0.5,1,1
0.354,0.5,0.3719230769230769,0.5,0.5,1,1
0.354,0.5,0.38384615384615384,0.5,0.5,1,1
0.354,0.5,0.39576923076923076,0.5,0.5,1,1
0.354,0.5,0.4076923076923077,0.5,0.5,1,1
0.354,0.5,0.4196153846153846,0.5,0.5,1,1
0.354,0.5,0.43153846153846154,0.5,0.5,1,1
0.354,0.5,0.44346153846153846,0.5,0.5,1,1
0.354,0.5,0.4553846153846154,0.5,0.5,1,1
0.354,0.5,0.4673076923076923,0.5,0.5,1,1
0.354,0.5,0.47923076923076924,0.5,0.5,1,1
0.354,0.5,0.49115384615384616,0.5,0.5,1,1
0.354,0.5,0.5030769230769231,0.5,0.5,1,1
0.354,0.5,0.515,0.5,0.5,1,1
0.354,0.5,0.5269230769230769,0.5,0.5,1,1
0.354,0.5,0.5388461538461539,0.5,0.5,1,1
0.354,0.5,0.5507692307692308,0.5,0.5,1,1
0.354,0.5,0.5626923076923077,0.5,0.5,1,1
0.354,0.5,0.5746153846153846,0.5,0.5,1,1
0.354,0.5,0.5865384615384616,0.5,0.5,1,1
0.354,0.5,0.5984615384615385,0.5,0.5,1,1
0.354,0.5,0.6103846153846154,0.5,0.5,1,1
0.354,0.5,0.6223076923076923,0.5,0.5,1,1
0.354,0.5,0.6342307692307693,0.5,0.5,1,1
0.354,0.5,0.6461538461538462,0.5,0.5,1,1
0.354,0.5,0.6580769230769231,0.5,0.5,1,1
0.354,0.5,0.67,0.5,0.5,1,1
0.354,0.5,0.681923076923077,0.5,0.5,1,1
0.354,0.5,0.6938461538461539,0.5,0.5,1,1
0.354,0.5,0.7057692307692308,0.5,0.5,1,1
0.354,0.5,0.7176923076923077,0.5,0.5,1,1
0.354,0.5,0.7296153846153847,0.5,0.5,1,1
0.354,0.5,0.7415384615384616,0.5,0.5,1,1
0.354,0.5,0.7534615384615385,0.5,0.5,1,1
0.354,0.5,0.7653846153846153,0.5,0.5,1,1
0.354,0.5,0.7773076923076923,0.5,0.5,1,1
0.354,0.5,0.7892307692307692,0.5,0.5,1,1
0.354,0.5,0.8011538461538461,0.5,0.5,1,1
0.354,0.5,0.813076923076923,0.5,0.5,1,1
0.354,0.5,0.825,0.5,0.5,1,1
0.354,0.5,0.8369230769230769,0.5,0.5,1,1
0.354,0.5,0.8488461538461538,0.5,0.5,1,1
0.368,0.5,0.8607692307692307,0.5,0.5,1,2
0.382,0.5,0.8726923076923077,0.0,0.5,1,2
0.396,0.5,0.8846153846153846,0.0,0.5,1,2
0.41,0.5,0.8965384615384615,0.0,0.5,1,2
0.424,0.5,0.9084615384615384,0.0,0.5,1,2
