car_x,obstacle_x,obstacle_y,lane_delta,obstacle_speed,obstacle_type,action
0.5,0.74,-0.20461538461538462,0.5,0.5833333333333334,0,1
0.5,0.74,-0.19384615384615383,0.5,0.5833333333333334,0,1
0.5,0.74,-0.18307692307692308,0.5,0.5833333333333334,0,1
0.5,0.74,-0.1723076923076923,0.5,0.5833333333333334,0,1
0.5,0.74,-0.16153846153846155,0.5,0.5833333333333334,0,1
0.5,0.74,-0.15076923076923077,0.5,0.5833333333333334,0,1
0.5,0.74,-0.14,0.5,0.5833333333333334,0,1
0.5,0.74,-0.12923076923076923,0.5,0.5833333333333334,0,1
0.5,0.74,-0.11846153846153847,0.5,0.5833333333333334,0,1
0.5,0.74,-0.1076923076923077,0.5,0.5833333333333334,0,1
0.5,0.74,-0.09692307692307692,0.5,0.5833333333333334,0,1
0.5,0.74,-0.08615384615384615,0.5,0.5833333333333334,0,1
0.5,0.74,-0.07538461538461538,0.5,0.5833333333333334,0,1
0.5,0.74,-0.06461538461538462,0.5,0.5833333333333334,0,1
0.5,0.74,-0.05384615384615385,0.5,0.5833333333333334,0,1
0.5,0.74,-0.043076923076923075,0.5,0.5833333333333334,0,1
0.5,0.74,-0.03230769230769231,0.5,0.5833333333333334,0,1
0.5,0.74,-0.021538461538461538,0.5,0.5833333333333334,0,1
0.5,0.74,-0.010769230769230769,0.5,0.5833333333333334,0,1
0.5,0.74,0.0,0.5,0.5833333333333334,0,1
0.5,0.74,0.010769230769230769,0.5,0.5833333333333334,0,1
0.5,0.74,0.021538461538461538,0.5,0.5833333333333334,0,1
0.5,0.74,0.03230769230769231,0.5,0.5833333333333334,0,1
0.5,0.74,0.043076923076923075,0.5,0.5833333333333334,0,1
0.5,0.74,0.05384615384615385,0.5,0.5833333333333334,0,1
0.5,0.74,0.06461538461538462,0.5,0.5833333333333334,0,1
0.5,0.74,0.07538461538461538,0.5,0.5833333333333334,0,1
0.5,0.74,0.08615384615384615,0.5,0.5833333333333334,0,1
0.5,0.74,0.09692307692307692,0.5,0.5833333333333334,0,1
0.5,0.74,0.1076923076923077,0.5,0.5833333333333334,0,1
0.5,0.74,0.11846153846153847,0.5,0.5833333333333334,0,1
0.5,0.74,0.12923076923076923,0.5,0.5833333333333334,0,1
0.5,0.74,0.14,0.5,0.5833333333333334,0,1
0.5,0.74,0.15076923076923077,0.5,0.5833333333333334,0,1
0.5,0.74,0.16153846153846155,0.5,0.5833333333333334,0,1
0.5,0.74,0.1723076923076923,0.5,0.5833333333333334,0,1
0.5,0.74,0.18307692307692308,0.5,0.5833333333333334,0,1
0.5,0.74,0.19384615384615383,0.5,0.5833333333333334,0,1
0.5,0.74,0.20461538461538462,0.5,0.5833333333333334,0,1
0.5,0.74,0.2153846153846154,0.5,0.5833333333333334,0,1
0.5,0.74,0.22615384615384615,0.5,0.5833333333333334,0,1
0.5,0.74,0.23692307692307693,0.5,0.5833333333333334,0,1
0.5,0.74,0.24769230769230768,0.5,0.5833333333333334,0,1
0.5,0.74,0.25846153846153846,0.5,0.5833333333333334,0,1
0.5,0.74,0.2692307692307692,0.5,0.5833333333333334,0,1
0.5,0.74,0.28,0.5,0.5833333333333334,0,1
0.5,0.74,0.2907692307692308,0.5,0.5833333333333334,0,1
0.5,0.74,0.30153846153846153,0.5,0.5833333333333334,0,1
0.5,0.74,0.3123076923076923,0.5,0.5833333333333334,0,1
0.5,0.74,0.3230769230769231,0.5,0.5833333333333334,0,1
0.5,0.74,0.33384615384615385,0.5,0.5833333333333334,0,1
0.514,0.74,0.3446153846153846,0.5,0.5833333333333334,0,2
0.528,0.74,0.3553846153846154,0.5,0.5833333333333334,0,2
0.542,0.74,0.36615384615384616,0.5,0.5833333333333334,0,2
0.556,0.74,0.3769230769230769,0.5,0.5833333333333334,0,2
0.57,0.74,0.38769230769230767,0.5,0.5833333333333334,0,2
0.584,0.74,0.3984615384615385,0.5,0.5833333333333334,0,2
0.584,0.74,0.40923076923076923,0.5,0.5833333333333334,0,1
0.584,0.74,0.42,0.5,0.5833333333333334,0,1
0.584,0.74,0.4307692307692308,0.5,0.5833333333333334,0,1
0.57,0.74,0.44153846153846155,0.5,0.5833333333333334,0,0
0.556,0.74,0.4523076923076923,0.5,0.5833333333333334,0,0
0.542,0.74,0.46307692307692305,0.5,0.5833333333333334,0,0
0.528,0.74,0.47384615384615386,0.5,0.5833333333333334,0,0
0.514,0.74,0.4846153846153846,0.5,0.5833333333333334,0,0
0.5,0.74,0.49538461538461537,0.5,0.5833333333333334,0,0
0.486,0.74,0.5061538461538462,0.5,0.5833333333333334,0,0
0.472,0.74,0.5169230769230769,0.5,0.5833333333333334,0,0
0.458,0.74,0.5276923076923077,0.5,0.5833333333333334,0,0
0.444,0.74,0.5384615384615384,0.5,0.5833333333333334,0,0
0.444,0.74,0.5492307692307692,0.5,0.5833333333333334,0,1
0.444,0.74,0.56,0.5,0.5833333333333334,0,1
0.444,0.74,0.5707692307692308,0.5,0.5833333333333334,0,1
0.444,0.74,0.5815384615384616,0.5,0.5833333333333334,0,1
0.444,0.74,0.5923076923076923,0.5,0.5833333333333334,0,1
0.444,0.74,0.6030769230769231,0.5,0.5833333333333334,0,1
0.444,0.74,0.6138461538461538,0.5,0.5833333333333334,0,1
0.444,0.74,0.6246153846153846,0.5,0.5833333333333334,0,1
0.444,0.74,0.6353846153846154,0.5,0.5833333333333334,0,1
0.444,0.74,0.6461538461538462,0.5,0.5833333333333334,0,1
0.444,0.74,0.6569230769230769,0.5,0.5833333333333334,0,1
0.444,0.74,0.6676923076923077,0.5,0.5833333333333334,0,1
0.444,0.74,0.6784615384615384,0.5,0.5833333333333334,0,1
0.43,0.74,0.6892307692307692,0.5,0.5833333333333334,0,0
0.416,0.74,0.7,0.5,0.5833333333333334,0,0
0.402,0.74,0.7107692307692308,0.5,0.5833333333333334,0,0
0.388,0.74,0.7215384615384616,0.5,0.5833333333333334,0,0
0.374,0.74,0.7323076923076923,1.0,0.5833333333333334,0,0
0.36,0.74,0.7430769230769231,1.0,0.5833333333333334,0,0
0.346,0.74,0.7538461538461538,1.0,0.5833333333333334,0,0
0.332,0.74,0.7646153846153846,1.0,0.5833333333333334,0,0
0.318,0.74,0.7753846153846153,1.0,0.5833333333333334,0,0
0.304,0.74,0.7861538461538462,1.0,0.5833333333333334,0,0
0.29,0.74,0.796923076923077,1.0,0.5833333333333334,0,0
0.276,0.74,0.8076923076923077,1.0,0.5833333333333334,0,0
0.262,0.74,0.8184615384615385,1.0,0.5833333333333334,0,0
0.248,0.74,0.8292307692307692,1.0,0.5833333333333334,0,0
0.234,0.74,0.84,1.0,0.5833333333333334,0,0
0.22,0.74,0.8507692307692307,1.0,0.5833333333333334,0,0
0.206,0.74,0.8615384615384616,1.0,0.5833333333333334,0,0
0.198,0.74,0.8723076923076923,1.0,0.5833333333333334,0,0
0.198,0.74,0.8830769230769231,1.0,0.5833333333333334,0,0
0.198,0.74,0.8938461538461538,1.0,0.5833333333333334,0,0
0.198,0.74,0.9046153846153846,1.0,0.5833333333333334,0,1
0.198,0.74,0.9153846153846154,1.0,0.5833333333333334,0,1
0.198,0.74,0.9261538461538461,1.0,0.5833333333333334,0,1
0.198,0.74,0.936923076923077,1.0,0.5833333333333334,0,1
0.198,0.5,0.6092307692307692,0.5,0.5833333333333334,1,1
0.198,0.5,0.62,0.5,0.5833333333333334,1,1
0.198,0.5,0.6307692307692307,0.5,0.5833333333333334,1,1
0.198,0.5,0.6415384615384615,0.5,0.5833333333333334,1,1
0.198,0.5,0.6523076923076923,0.5,0.5833333333333334,1,1
0.198,0.5,0.6630769230769231,0.5,0.5833333333333334,1,1
0.198,0.5,0.6738461538461539,0.5,0.5833333333333334,1,1
0.198,0.5,0.6846153846153846,0.5,0.5833333333333334,1,1
0.198,0.5,0.6984615384615385,0.5,0.75,0,1
0.198,0.5,0.7123076923076923,0.5,0.75,0,1
0.198,0.5,0.7261538461538461,0.5,0.75,0,1
0.212,0.5,0.74,0.5,0.75,0,2
0.226,0.5,0.7538461538461538,0.5,0.75,0,2
0.24,0.5,0.7676923076923077,0.5,0.75,0,2
0.254,0.5,0.7815384615384615,0.5,0.75,0,2
0.268,0.5,0.7953846153846154,0.5,0.75,0,2
0.268,0.5,0.8092307692307692,0.5,0.75,0,1
0.268,0.5,0.823076923076923,0.5,0.75,0,1
0.268,0.5,0.8369230769230769,0.5,0.75,0,1
0.268,0.5,0.8507692307692307,0.5,0.75,0,1
0.268,0.5,0.8646153846153846,0.5,0.75,0,1
0.268,0.5,0.8784615384615385,0.5,0.75,0,1
0.268,0.5,0.8923076923076924,0.5,0.75,0,1
0.268,0.5,0.9061538461538462,0.5,0.75,0,1
0.268,0.5,0.92,0.5,0.75,0,1
0.268,0.5,0.9338461538461539,0.5,0.75,0,1
0.268,0.5,0.8892307692307693,0.5,0.5833333333333334,1,1
0.268,0.5,0.9,0.5,0.5833333333333334,1,1
0.268,0.5,0.9107692307692308,0.5,0.5833333333333334,1,1
0.268,0.5,0.9215384615384615,0.5,0.5833333333333334,1,1
0.268,0.5,0.9323076923076923,0.5,0.5833333333333334,1,1
0.268,0.26,-0.05076923076923077,0.0,0.5,0,1
0.268,0.26,-0.04153846153846154,0.0,0.5,0,1
0.268,0.26,-0.03230769230769231,0.0,0.5,0,1
0.268,0.26,-0.023076923076923078,0.0,0.5,0,1
0.268,0.26,-0.013846153846153847,0.0,0.5,0,1
0.268,0.26,-0.004615384615384616,0.0,0.5,0,1
0.282,0.26,0.004615384615384616,0.0,0.5,0,2
0.296,0.26,0.013846153846153847,0.0,0.5,0,2
0.31,0.26,0.023076923076923078,0.0,0.5,0,2
0.324,0.26,0.03230769230769231,0.0,0.5,0,2
0.338,0.26,0.04153846153846154,0.0,0.5,0,2
0.352,0.26,0.05076923076923077,0.0,0.5,0,2
0.366,0.26,0.06,0.0,0.5,0,2
0.38,0.26,0.06923076923076923,-0.5,0.5,0,2
0.394,0.26,0.07846153846153846,-0.5,0.5,0,2
0.408,0.26,0.0876923076923077,-0.5,0.5,0,2
0.422,0.26,0.09692307692307692,-0.5,0.5,0,2
0.436,0.26,0.10615384615384615,-0.5,0.5,0,2
0.45,0.26,0.11538461538461539,-0.5,0.5,0,2
0.464,0.26,0.12461538461538461,-0.5,0.5,0,2
0.478,0.26,0.13384615384615384,-0.5,0.5,0,2
0.492,0.26,0.14307692307692307,-0.5,0.5,0,2
0.506,0.26,0.1523076923076923,-0.5,0.5,0,2
0.52,0.26,0.16153846153846155,-0.5,0.5,0,2
0.534,0.26,0.17076923076923076,-0.5,0.5,0,2
0.548,0.26,0.18,-0.5,0.5,0,2
0.562,0.26,0.18923076923076923,-0.5,0.5,0,2
0.576,0.26,0.19846153846153847,-0.5,0.5,0,2
0.59,0.26,0.2076923076923077,-0.5,0.5,0,2
0.604,0.26,0.2169230769230769,-0.5,0.5,0,2
0.618,0.26,0.22615384615384615,-0.5,0.5,0,2
0.632,0.26,0.2353846153846154,-1.0,0.5,0,2
0.632,0.26,0.24461538461538462,-1.0,0.5,0,1
0.632,0.26,0.25384615384615383,-1.0,0.5,0,1
0.632,0.26,0.2630769230769231,-1.0,0.5,0,1
0.632,0.26,0.2723076923076923,-1.0,0.5,0,1
0.632,0.26,0.2815384615384615,-1.0,0.5,0,1
0.632,0.26,0.2907692307692308,-1.0,0.5,0,1
0.632,0.26,0.3,-1.0,0.5,0,1
0.632,0.26,0.30923076923076925,-1.0,0.5,0,1
0.632,0.26,0.31846153846153846,-1.0,0.5,0,1
0.632,0.26,0.32769230769230767,-1.0,0.5,0,1
0.632,0.26,0.33692307692307694,-1.0,0.5,0,1
0.646,0.26,0.34615384615384615,-1.0,0.5,0,2
0.66,0.26,0.3553846153846154,-1.0,0.5,0,2
0.674,0.26,0.3646153846153846,-1.0,0.5,0,2
0.688,0.26,0.37384615384615383,-1.0,0.5,0,2
0.702,0.26,0.3830769230769231,-1.0,0.5,0,2
0.716,0.26,0.3923076923076923,-1.0,0.5,0,2
0.73,0.26,0.4015384615384615,-1.0,0.5,0,2
0.744,0.26,0.4107692307692308,-1.0,0.5,0,2
0.758,0.26,0.42,-1.0,0.5,0,2
0.758,0.26,0.42923076923076925,-1.0,0.5,0,1
0.758,0.26,0.43846153846153846,-1.0,0.5,0,1
0.758,0.26,0.44769230769230767,-1.0,0.5,0,1
0.758,0.26,0.45692307692307693,-1.0,0.5,0,1
0.758,0.26,0.46615384615384614,-1.0,0.5,0,1
0.758,0.26,0.4753846153846154,-1.0,0.5,0,1
0.758,0.26,0.4846153846153846,-1.0,0.5,0,1
0.758,0.26,0.4938461538461538,-1.0,0.5,0,1
0.758,0.26,0.5030769230769231,-1.0,0.5,0,1
0.758,0.26,0.5123076923076924,-1.0,0.5,0,1
0.758,0.26,0.5215384615384615,-1.0,0.5,0,1
0.758,0.26,0.5307692307692308,-1.0,0.5,0,1
0.744,0.26,0.54,-1.0,0.5,0,0
0.73,0.26,0.5492307692307692,-1.0,0.5,0,0
0.716,0.26,0.5584615384615385,-1.0,0.5,0,0
0.702,0.26,0.5676923076923077,-1.0,0.5,0,0
0.688,0.26,0.5769230769230769,-1.0,0.5,0,0
0.674,0.26,0.5861538461538461,-1.0,0.5,0,0
0.66,0.26,0.5953846153846154,-1.0,0.5,0,0
0.646,0.26,0.6046153846153847,-1.0,0.5,0,0
0.632,0.26,0.6138461538461538,-1.0,0.5,0,0
0.618,0.26,0.6230769230769231,-0.5,0.5,0,0
0.604,0.26,0.6323076923076923,-0.5,0.5,0,0
0.59,0.26,0.6415384615384615,-0.5,0.5,0,0
0.576,0.26,0.6507692307692308,-0.5,0.5,0,0
0.562,0.26,0.66,-0.5,0.5,0,0
0.548,0.26,0.6692307692307692,-0.5,0.5,0,0
0.548,0.26,0.6784615384615384,-0.5,0.5,0,1
0.548,0.26,0.6876923076923077,-0.5,0.5,0,1
0.548,0.26,0.696923076923077,-0.5,0.5,0,1
0.548,0.26,0.7061538461538461,-0.5,0.5,0,1
0.548,0.26,0.7153846153846154,-0.5,0.5,0,1
0.562,0.26,0.7246153846153847,-0.5,0.5,0,2
0.576,0.26,0.7338461538461538,-0.5,0.5,0,2
0.59,0.26,0.7430769230769231,-0.5,0.5,0,2
0.604,0.26,0.7523076923076923,-0.5,0.5,0,2
0.618,0.26,0.7615384615384615,-0.5,0.5,0,2
0.632,0.26,0.7707692307692308,-1.0,0.5,0,2
0.646,0.26,0.78,-1.0,0.5,0,2
0.66,0.26,0.7892307692307692,-1.0,0.5,0,2
0.674,0.26,0.7984615384615384,-1.0,0.5,0,2
0.688,0.26,0.8076923076923077,-1.0,0.5,0,2
0.702,0.26,0.816923076923077,-1.0,0.5,0,2
0.702,0.26,0.8261538461538461,-1.0,0.5,0,1
0.702,0.26,0.8353846153846154,-1.0,0.5,0,1
0.702,0.26,0.8446153846153847,-1.0,0.5,0,1
0.702,0.26,0.8538461538461538,-1.0,0.5,0,1
0.702,0.26,0.8630769230769231,-1.0,0.5,0,1
0.702,0.26,0.8723076923076923,-1.0,0.5,0,1
0.702,0.26,0.8815384615384615,-1.0,0.5,0,1
0.702,0.26,0.8907692307692308,-1.0,0.5,0,1
0.702,0.26,0.9,-1.0,0.5,0,1
0.702,0.26,0.9092307692307692,-1.0,0.5,0,1
0.702,0.26,0.9184615384615384,-1.0,0.5,0,1
0.688,0.26,0.9276923076923077,-1.0,0.5,0,0
0.674,0.26,0.936923076923077,-1.0,0.5,0,0
0.66,0.26,0.88,-1.0,0.75,0,0
0.646,0.26,0.8938461538461538,-1.0,0.75,0,0
0.632,0.26,0.9076923076923077,-1.0,0.75,0,0
0.618,0.26,0.9215384615384615,-0.5,0.75,0,0
0.604,0.26,0.9353846153846154,-0.5,0.75,0,0
0.59,0.26,0.8061538461538461,-0.5,0.75,1,0
0.576,0.26,0.82,-0.5,0.75,1,0
0.562,0.26,0.8338461538461538,-0.5,0.75,1,0
0.548,0.26,0.8476923076923077,-0.5,0.75,1,0
0.534,0.26,0.8615384615384616,-0.5,0.75,1,0
0.52,0.26,0.8753846153846154,-0.5,0.75,1,0
0.506,0.26,0.8892307692307693,-0.5,0.75,1,0
0.492,0.26,0.9030769230769231,-0.5,0.75,1,0
0.478,0.26,0.916923076923077,-0.5,0.75,1,0
0.464,0.26,0.9307692307692308,-0.5,0.75,1,0
0.45,0.26,-0.26153846153846155,-0.5,0.5833333333333334,1,0
0.436,0.26,-0.25076923076923074,-0.5,0.5833333333333334,1,0
0.422,0.26,-0.24,-0.5,0.5833333333333334,1,0
0.408,0.26,-0.22923076923076924,-0.5,0.5833333333333334,1,0
0.408,0.26,-0.21846153846153846,-0.5,0.5833333333333334,1,1
0.408,0.26,-0.2076923076923077,-0.5,0.5833333333333334,1,1
0.408,0.26,-0.19692307692307692,-0.5,0.5833333333333334,1,1
0.408,0.26,-0.18615384615384614,-0.5,0.5833333333333334,1,1
0.408,0.26,-0.1753846153846154,-0.5,0.5833333333333334,1,1
0.408,0.26,-0.1646153846153846,-0.5,0.5833333333333334,1,1
0.408,0.26,-0.15384615384615385,-0.5,0.5833333333333334,1,1
0.408,0.26,-0.14307692307692307,-0.5,0.5833333333333334,1,1
0.408,0.26,-0.13230769230769232,-0.5,0.5833333333333334,1,1
0.408,0.26,-0.12153846153846154,-0.5,0.5833333333333334,1,1
0.408,0.26,-0.11076923076923077,-0.5,0.5833333333333334,1,1
0.408,0.26,-0.1,-0.5,0.5833333333333334,1,1
0.394,0.26,-0.08923076923076922,-0.5,0.5833333333333334,1,0
0.38,0.26,-0.07846153846153846,-0.5,0.5833333333333334,1,0
0.366,0.26,-0.06769230769230769,0.0,0.5833333333333334,1,0
0.352,0.26,-0.05692307692307692,0.0,0.5833333333333334,1,0
0.338,0.26,-0.046153846153846156,0.0,0.5833333333333334,1,0
0.324,0.26,-0.03538461538461538,0.0,0.5833333333333334,1,0
0.31,0.26,-0.024615384615384615,0.0,0.5833333333333334,1,0
0.296,0.26,-0.013846153846153847,0.0,0.5833333333333334,1,0
0.282,0.26,-0.003076923076923077,0.0,0.5833333333333334,1,0
0.268,0.26,0.007692307692307693,0.0,0.5833333333333334,1,0
0.254,0.26,0.018461538461538463,0.0,0.5833333333333334,1,0
0.24,0.26,0.02923076923076923,0.0,0.5833333333333334,1,0
0.226,0.26,0.04,0.0,0.5833333333333334,1,0
0.212,0.26,0.05076923076923077,0.0,0.5833333333333334,1,0
0.198,0.26,0.06153846153846154,0.0,0.5833333333333334,1,0
0.198,0.26,0.07230769230769231,0.0,0.5833333333333334,1,0
0.198,0.26,0.08615384615384615,0.0,0.8333333333333334,1,0
0.198,0.26,0.10153846153846154,0.0,0.8333333333333334,1,0
0.198,0.26,0.11692307692307692,0.0,0.8333333333333334,1,0
0.198,0.26,0.13230769230769232,0.0,0.8333333333333334,1,0
0.198,0.26,0.1476923076923077,0.0,0.8333333333333334,1,1
0.198,0.26,0.16307692307692306,0.0,0.8333333333333334,1,1
0.198,0.26,0.17846153846153845,0.0,0.8333333333333334,1,1
0.198,0.26,0.19384615384615383,0.0,0.8333333333333334,1,1
0.198,0.26,0.20923076923076922,0.0,0.8333333333333334,1,1
0.198,0.26,0.2246153846153846,0.0,0.8333333333333334,1,1
0.198,0.26,0.24,0.0,0.8333333333333334,1,1
0.198,0.26,0.2553846153846154,0.0,0.8333333333333334,1,1
0.198,0.26,0.27076923076923076,0.0,0.8333333333333334,1,1
0.198,0.26,0.28615384615384615,0.0,0.8333333333333334,1,1
0.198,0.26,0.30153846153846153,0.0,0.8333333333333334,1,1
0.212,0.26,0.3169230769230769,0.0,0.8333333333333334,1,2
0.226,0.26,0.3323076923076923,0.0,0.8333333333333334,1,2
0.24,0.26,0.3476923076923077,0.0,0.8333333333333334,1,2
0.254,0.26,0.3630769230769231,0.0,0.8333333333333334,1,2
0.268,0.26,0.37846153846153846,0.0,0.8333333333333334,1,2
0.282,0.26,0.39384615384615385,0.0,0.8333333333333334,1,2
0.296,0.26,0.40923076923076923,0.0,0.8333333333333334,1,2
0.31,0.26,0.4246153846153846,0.0,0.8333333333333334,1,2
0.324,0.26,0.44,0.0,0.8333333333333334,1,2
0.338,0.26,0.4553846153846154,0.0,0.8333333333333334,1,2
0.352,0.26,0.4707692307692308,0.0,0.8333333333333334,1,2
0.366,0.26,0.48615384615384616,0.0,0.8333333333333334,1,2
0.38,0.26,0.5015384615384615,-0.5,0.8333333333333334,1,2
0.394,0.26,0.5169230769230769,-0.5,0.8333333333333334,1,2
0.408,0.26,0.5323076923076923,-0.5,0.8333333333333334,1,2
0.422,0.26,0.5476923076923077,-0.5,0.8333333333333334,1,2
0.436,0.26,0.563076923076923,-0.5,0.8333333333333334,1,2
0.45,0.26,0.5784615384615385,-0.5,0.8333333333333334,1,2
0.464,0.26,0.5938461538461538,-0.5,0.8333333333333334,1,2
0.478,0.26,0.6092307692307692,-0.5,0.8333333333333334,1,2
0.492,0.26,0.6246153846153846,-0.5,0.8333333333333334,1,2
0.506,0.26,0.64,-0.5,0.8333333333333334,1,2
0.52,0.26,0.6553846153846153,-0.5,0.8333333333333334,1,2
0.534,0.26,0.6707692307692308,-0.5,0.8333333333333334,1,2
0.548,0.26,0.6861538461538461,-0.5,0.8333333333333334,1,2
0.562,0.26,0.7015384615384616,-0.5,0.8333333333333334,1,2
0.576,0.26,0.7169230769230769,-0.5,0.8333333333333334,1,2
0.59,0.26,0.7323076923076923,-0.5,0.8333333333333334,1,2
0.604,0.26,0.7476923076923077,-0.5,0.8333333333333334,1,2
0.618,0.26,0.7630769230769231,-0.5,0.8333333333333334,1,2
0.632,0.26,0.7784615384615384,-1.0,0.8333333333333334,1,2
0.646,0.26,0.7938461538461539,-1.0,0.8333333333333334,1,2
0.66,0.26,0.8092307692307692,-1.0,0.8333333333333334,1,2
0.674,0.26,0.8246153846153846,-1.0,0.8333333333333334,1,2
0.688,0.26,0.84,-1.0,0.8333333333333334,1,2
0.702,0.26,0.8553846153846154,-1.0,0.8333333333333334,1,2
0.716,0.26,0.8707692307692307,-1.0,0.8333333333333334,1,2
0.73,0.26,0.8861538461538462,-1.0,0.8333333333333334,1,2
0.73,0.26,0.9015384615384615,-1.0,0.8333333333333334,1,1
0.73,0.26,0.916923076923077,-1.0,0.8333333333333334,1,1
0.73,0.26,0.9323076923076923,-1.0,0.8333333333333334,1,1
0.73,0.26,0.6861538461538461,-1.0,0.5833333333333334,1,1
0.73,0.26,0.696923076923077,-1.0,0.5833333333333334,1,1
0.73,0.26,0.7076923076923077,-1.0,0.5833333333333334,1,1
0.73,0.26,0.7184615384615385,-1.0,0.5833333333333334,1,1
0.73,0.26,0.7292307692307692,-1.0,0.5833333333333334,1,1
0.73,0.26,0.74,-1.0,0.5833333333333334,1,1
0.73,0.26,0.7507692307692307,-1.0,0.5833333333333334,1,1
0.73,0.26,0.7615384615384615,-1.0,0.5833333333333334,1,1
0.73,0.26,0.7723076923076924,-1.0,0.5833333333333334,1,1
0.73,0.26,0.7830769230769231,-1.0,0.5833333333333334,1,1
0.73,0.26,0.7938461538461539,-1.0,0.5833333333333334,1,1
0.73,0.26,0.8046153846153846,-1.0,0.5833333333333334,1,1
0.73,0.26,0.8153846153846154,-1.0,0.5833333333333334,1,1
0.73,0.26,0.8261538461538461,-1.0,0.5833333333333334,1,1
0.73,0.26,0.8369230769230769,-1.0,0.5833333333333334,1,1
0.73,0.26,0.8476923076923077,-1.0,0.5833333333333334,1,1
0.73,0.26,0.8584615384615385,-1.0,0.5833333333333334,1,1
0.73,0.26,0.8692307692307693,-1.0,0.5833333333333334,1,1
0.73,0.26,0.88,-1.0,0.5833333333333334,1,1
0.73,0.26,0.8907692307692308,-1.0,0.5833333333333334,1,1
0.73,0.26,0.9015384615384615,-1.0,0.5833333333333334,1,1
0.73,0.26,0.9123076923076923,-1.0,0.5833333333333334,1,1
0.716,0.26,0.9230769230769231,-1.0,0.5833333333333334,1,0
0.702,0.26,0.9338461538461539,-1.0,0.5833333333333334,1,0
0.688,0.5,0.9307692307692308,-0.5,0.5833333333333334,1,0
0.674,0.26,-0.009230769230769232,-1.0,0.5833333333333334,1,0
0.66,0.26,0.0015384615384615385,-1.0,0.5833333333333334,1,0
0.646,0.26,0.012307692307692308,-1.0,0.5833333333333334,1,0
0.632,0.26,0.023076923076923078,-1.0,0.5833333333333334,1,0
0.618,0.26,0.033846153846153845,-0.5,0.5833333333333334,1,0
0.604,0.26,0.04461538461538461,-0.5,0.5833333333333334,1,0
0.59,0.26,0.055384615384615386,-0.5,0.5833333333333334,1,0
0.576,0.26,0.06615384615384616,-0.5,0.5833333333333334,1,0
0.562,0.26,0.07692307692307693,-0.5,0.5833333333333334,1,0
0.548,0.26,0.0876923076923077,-0.5,0.5833333333333334,1,0
0.534,0.26,0.09899999999999999,-0.5,0.5833333333333334,1,0
0.52,0.26,0.11030769230769229,-0.5,0.5833333333333334,1,0
0.506,0.26,0.12161538461538458,-0.5,0.5833333333333334,1,0
0.492,0.26,0.1329230769230769,-0.5,0.5833333333333334,1,0
0.478,0.26,0.1442307692307692,-0.5,0.5833333333333334,1,0
0.478,0.26,0.1555384615384615,-0.5,0.5833333333333334,1,1
0.478,0.26,0.16684615384615378,-0.5,0.5833333333333334,1,1
0.478,0.26,0.17815384615384608,-0.5,0.5833333333333334,1,1
0.478,0.26,0.18946153846153838,-0.5,0.5833333333333334,1,1
0.478,0.26,0.20076923076923067,-0.5,0.5833333333333334,1,1
0.478,0.26,0.21207692307692297,-0.5,0.5833333333333334,1,1
0.492,0.26,0.2233846153846153,-0.5,0.5833333333333334,1,2
0.506,0.26,0.2346923076923076,-0.5,0.5833333333333334,1,2
0.52,0.26,0.24599999999999989,-0.5,0.5833333333333334,1,2
0.534,0.26,0.2573076923076922,-0.5,0.5833333333333334,1,2
0.548,0.26,0.2686153846153845,-0.5,0.5833333333333334,1,2
0.562,0.26,0.2799230769230768,-0.5,0.5833333333333334,1,2
0.576,0.26,0.29123076923076907,-0.5,0.5833333333333334,1,2
0.59,0.26,0.30253846153846137,-0.5,0.5833333333333334,1,2
0.604,0.26,0.31384615384615366,-0.5,0.5833333333333334,1,2
0.618,0.26,0.32515384615384596,-0.5,0.5833333333333334,1,2
0.618,0.26,0.33646153846153826,-0.5,0.5833333333333334,1,1
0.618,0.26,0.34776923076923055,-0.5,0.5833333333333334,1,1
0.618,0.26,0.35907692307692285,-0.5,0.5833333333333334,1,1
0.618,0.26,0.37038461538461515,-0.5,0.5833333333333334,1,1
0.618,0.26,0.38169230769230744,-0.5,0.5833333333333334,1,1
0.618,0.26,0.39299999999999974,-0.5,0.5833333333333334,1,1
0.618,0.26,0.4043076923076921,-0.5,0.5833333333333334,1,1
0.632,0.26,0.4156153846153844,-1.0,0.5833333333333334,1,2
0.646,0.26,0.42692307692307674,-1.0,0.5833333333333334,1,2
0.66,0.26,0.4382307692307691,-1.0,0.5833333333333334,1,2
0.674,0.26,0.44953846153846144,-1.0,0.5833333333333334,1,2
0.688,0.26,0.4608461538461538,-1.0,0.5833333333333334,1,2
0.702,0.26,0.47215384615384615,-1.0,0.5833333333333334,1,2
0.716,0.26,0.48346153846153844,-1.0,0.5833333333333334,1,2
0.73,0.26,0.4947692307692308,-1.0,0.5833333333333334,1,2
0.744,0.26,0.5060769230769232,-1.0,0.5833333333333334,1,2
0.758,0.26,0.5173846153846154,-1.0,0.5833333333333334,1,2
0.772,0.26,0.5286923076923078,-1.0,0.5833333333333334,1,2
0.786,0.26,0.5400000000000001,-1.0,0.5833333333333334,1,2
0.8,0.26,0.5513076923076925,-1.0,0.5833333333333334,1,2
0.802,0.26,0.5626153846153849,-1.0,0.5833333333333334,1,2
0.802,0.26,0.5739230769230772,-1.0,0.5833333333333334,1,2
0.802,0.26,0.5852307692307696,-1.0,0.5833333333333334,1,2
0.802,0.26,0.5965384615384619,-1.0,0.5833333333333334,1,2
0.802,0.26,0.6078461538461543,-1.0,0.5833333333333334,1,2
0.802,0.26,0.6191538461538466,-1.0,0.5833333333333334,1,2
0.802,0.26,0.630461538461539,-1.0,0.5833333333333334,1,1
0.802,0.26,0.6417692307692313,-1.0,0.5833333333333334,1,1
0.802,0.26,0.6530769230769236,-1.0,0.5833333333333334,1,1
0.802,0.26,0.6643846153846159,-1.0,0.5833333333333334,1,1
0.802,0.26,0.6756923076923083,-1.0,0.5833333333333334,1,1
0.802,0.26,0.6870000000000006,-1.0,0.5833333333333334,1,1
0.802,0.26,0.698307692307693,-1.0,0.5833333333333334,1,1
0.802,0.26,0.7096153846153853,-1.0,0.5833333333333334,1,1
0.802,0.26,0.7209230769230777,-1.0,0.5833333333333334,1,1
0.802,0.26,0.73223076923077,-1.0,0.5833333333333334,1,1
0.802,0.26,0.7435384615384624,-1.0,0.5833333333333334,1,1
0.802,0.26,0.7548461538461547,-1.0,0.5833333333333334,1,1
0.802,0.26,0.7661538461538471,-1.0,0.5833333333333334,1,1
0.802,0.26,0.7774615384615394,-1.0,0.5833333333333334,1,1
0.802,0.26,0.7887692307692317,-1.0,0.5833333333333334,1,1
0.802,0.26,0.800076923076924,-1.0,0.5833333333333334,1,1
0.802,0.26,0.8113846153846164,-1.0,0.5833333333333334,1,1
0.802,0.26,0.8226923076923087,-1.0,0.5833333333333334,1,1
0.802,0.26,0.8340000000000011,-1.0,0.5833333333333334,1,1
0.802,0.26,0.8453076923076934,-1.0,0.5833333333333334,1,1
0.802,0.26,0.8566153846153858,-1.0,0.5833333333333334,1,1
0.802,0.26,0.8679230769230781,-1.0,0.5833333333333334,1,1
0.802,0.26,0.8792307692307705,-1.0,0.5833333333333334,1,1
0.802,0.26,0.8905384615384628,-1.0,0.5833333333333334,1,1
0.802,0.26,0.9018461538461552,-1.0,0.5833333333333334,1,1
0.802,0.26,0.9131538461538475,-1.0,0.5833333333333334,1,1
0.802,0.26,0.9244615384615398,-1.0,0.5833333333333334,1,1
0.802,0.26,0.9357692307692321,-1.0,0.5833333333333334,1,1
0.802,0.5,0.6731538461538468,-0.5,0.5833333333333334,0,1
0.802,0.5,0.6844615384615391,-0.5,0.5833333333333334,0,1
0.802,0.5,0.6957692307692315,-0.5,0.5833333333333334,0,1
0.802,0.5,0.7070769230769238,-0.5,0.5833333333333334,0,1
0.802,0.5,0.7183846153846162,-0.5,0.5833333333333334,0,1
0.802,0.5,0.7296923076923085,-0.5,0.5833333333333334,0,1
0.802,0.5,0.7410000000000009,-0.5,0.5833333333333334,0,1
0.802,0.5,0.7523076923076932,-0.5,0.5833333333333334,0,1
0.802,0.5,0.7636153846153855,-0.5,0.5833333333333334,0,1
0.802,0.5,0.7749230769230778,-0.5,0.5833333333333334,0,1
0.802,0.5,0.7862307692307702,-0.5,0.5833333333333334,0,1
0.802,0.5,0.7975384615384625,-0.5,0.5833333333333334,0,1
0.802,0.5,0.8088461538461549,-0.5,0.5833333333333334,0,1
0.802,0.5,0.8201538461538472,-0.5,0.5833333333333334,0,1
0.802,0.5,0.8314615384615396,-0.5,0.5833333333333334,0,1
0.802,0.5,0.8427692307692319,-0.5,0.5833333333333334,0,1
0.802,0.5,0.8540769230769243,-0.5,0.5833333333333334,0,1
0.802,0.5,0.8653846153846166,-0.5,0.5833333333333334,0,1
0.802,0.5,0.876692307692309,-0.5,0.5833333333333334,0,1
0.788,0.5,0.8880000000000013,-0.5,0.5833333333333334,0,0
0.774,0.5,0.8993076923076936,-0.5,0.5833333333333334,0,0
0.76,0.5,0.9106153846153859,-0.5,0.5833333333333334,0,0
0.746,0.5,0.9219230769230783,-0.5,0.5833333333333334,0,0
0.732,0.26,0.9373846153846167,-1.0,0.8333333333333334,1,0
0.718,0.74,-0.22684615384615392,0.0,0.75,0,0
0.704,0.74,-0.21246153846153853,0.0,0.75,0,0
0.69,0.74,-0.19807692307692318,0.0,0.75,0,0
0.676,0.74,-0.1836923076923078,0.0,0.75,0,0
0.662,0.74,-0.1693076923076924,0.0,0.75,0,0
0.648,0.74,-0.15492307692307702,0.0,0.75,0,0
0.634,0.74,-0.14053846153846167,0.0,0.75,0,0
0.62,0.74,-0.12615384615384628,0.0,0.75,0,0
0.606,0.74,-0.11176923076923091,0.5,0.75,0,0
0.592,0.74,-0.09738461538461553,0.5,0.75,0,0
0.578,0.74,-0.08300000000000013,0.5,0.75,0,0
0.564,0.74,-0.06861538461538474,0.5,0.75,0,0
0.55,0.74,-0.05423076923076936,0.5,0.75,0,0
0.536,0.74,-0.039846153846153975,0.5,0.75,0,0
0.522,0.74,-0.025461538461538587,0.5,0.75,0,0
0.508,0.74,-0.011076923076923205,0.5,0.75,0,0
0.494,0.74,0.00330769230769218,0.5,0.75,0,0
0.48,0.74,0.017692307692307563,0.5,0.75,0,0
0.466,0.74,0.03207692307692295,0.5,0.75,0,0
0.452,0.74,0.04646153846153833,0.5,0.75,0,0
0.438,0.74,0.060846153846153724,0.5,0.75,0,0
0.424,0.74,0.07523076923076912,0.5,0.75,0,0
0.41,0.74,0.0896153846153845,0.5,0.75,0,0
0.396,0.74,0.10399999999999988,0.5,0.75,0,0
0.382,0.74,0.11838461538461525,0.5,0.75,0,0
0.368,0.74,0.13276923076923064,1.0,0.75,0,0
0.354,0.74,0.147153846153846,1.0,0.75,0,0
0.34,0.74,0.16153846153846138,1.0,0.75,0,0
0.326,0.74,0.17592307692307677,1.0,0.75,0,0
0.312,0.74,0.19030769230769215,1.0,0.75,0,0
0.298,0.74,0.20469230769230753,1.0,0.75,0,0
0.284,0.74,0.21907692307692292,1.0,0.75,0,0
0.284,0.74,0.23346153846153828,1.0,0.75,0,1
0.284,0.74,0.24784615384615366,1.0,0.75,0,1
0.284,0.74,0.26223076923076905,1.0,0.75,0,1
0.284,0.74,0.27661538461538443,1.0,0.75,0,1
0.298,0.74,0.2909999999999998,1.0,0.75,0,2
0.312,0.74,0.30538461538461514,1.0,0.75,0,2
0.326,0.74,0.31976923076923053,1.0,0.75,0,2
0.34,0.74,0.3341538461538459,1.0,0.75,0,2
0.354,0.74,0.3485384615384613,1.0,0.75,0,2
0.368,0.74,0.3629230769230767,1.0,0.75,0,2
0.382,0.74,0.37730769230769207,0.5,0.75,0,2
0.396,0.74,0.3916923076923074,0.5,0.75,0,2
0.41,0.74,0.4060769230769228,0.5,0.75,0,2
0.424,0.74,0.4204615384615382,0.5,0.75,0,2
0.438,0.74,0.43484615384615366,0.5,0.75,0,2
0.452,0.74,0.44923076923076904,0.5,0.75,0,2
0.466,0.74,0.4636153846153845,0.5,0.75,0,2
0.48,0.74,0.47799999999999987,0.5,0.75,0,2
0.494,0.74,0.4923846153846153,0.5,0.75,0,2
0.508,0.74,0.5067692307692307,0.5,0.75,0,2
0.508,0.74,0.5211538461538462,0.5,0.75,0,1
0.508,0.74,0.5355384615384615,0.5,0.75,0,1
0.508,0.74,0.549923076923077,0.5,0.75,0,1
0.508,0.74,0.5643076923076924,0.5,0.75,0,1
0.508,0.74,0.5786923076923078,0.5,0.75,0,1
0.508,0.74,0.5930769230769233,0.5,0.75,0,1
0.508,0.74,0.6074615384615387,0.5,0.75,0,1
0.508,0.74,0.621846153846154,0.5,0.75,0,1
0.508,0.74,0.6362307692307695,0.5,0.75,0,1
0.508,0.74,0.6506153846153849,0.5,0.75,0,1
0.508,0.74,0.6650000000000004,0.5,0.75,0,1
0.508,0.74,0.6793846153846158,0.5,0.75,0,1
0.508,0.74,0.6937692307692311,0.5,0.75,0,1
0.508,0.74,0.7081538461538466,0.5,0.75,0,1
0.508,0.74,0.722538461538462,0.5,0.75,0,1
0.508,0.74,0.7369230769230775,0.5,0.75,0,1
0.508,0.74,0.7513076923076929,0.5,0.75,0,1
0.508,0.74,0.7656923076923083,0.5,0.75,0,1
0.508,0.74,0.7800769230769237,0.5,0.75,0,1
0.508,0.74,0.7944615384615391,0.5,0.75,0,1
0.508,0.74,0.8088461538461545,0.5,0.75,0,1
0.508,0.74,0.82323076923077,0.5,0.75,0,1
0.508,0.74,0.8376153846153854,0.5,0.75,0,1
0.508,0.74,0.8520000000000008,0.5,0.75,0,1
0.508,0.74,0.8663846153846162,0.5,0.75,0,1
0.508,0.74,0.8807692307692316,0.5,0.75,0,1
0.508,0.74,0.8951538461538471,0.5,0.75,0,1
0.508,0.74,0.9095384615384625,0.5,0.75,0,1
0.508,0.74,0.923923076923078,0.5,0.75,0,1
0.508,0.74,0.9383076923076933,0.5,0.75,0,1
0.508,0.26,0.6459230769230775,-0.5,0.5833333333333334,0,1
0.508,0.26,0.6572307692307698,-0.5,0.5833333333333334,0,1
0.508,0.26,0.6685384615384622,-0.5,0.5833333333333334,0,1
0.508,0.26,0.6798461538461545,-0.5,0.5833333333333334,0,1
0.508,0.26,0.6911538461538469,-0.5,0.5833333333333334,0,1
0.508,0.26,0.7024615384615392,-0.5,0.5833333333333334,0,1
0.508,0.26,0.7137692307692315,-0.5,0.5833333333333334,0,1
0.508,0.26,0.7250769230769238,-0.5,0.5833333333333334,0,1
0.508,0.26,0.7363846153846162,-0.5,0.5833333333333334,0,1
0.508,0.26,0.7476923076923085,-0.5,0.5833333333333334,0,1
0.508,0.26,0.7590000000000009,-0.5,0.5833333333333334,0,1
0.508,0.26,0.7703076923076932,-0.5,0.5833333333333334,0,1
0.508,0.26,0.7816153846153856,-0.5,0.5833333333333334,0,1
0.508,0.26,0.792923076923078,-0.5,0.5833333333333334,0,1
0.508,0.26,0.8042307692307703,-0.5,0.5833333333333334,0,1
0.508,0.26,0.8155384615384627,-0.5,0.5833333333333334,0,1
0.508,0.26,0.826846153846155,-0.5,0.5833333333333334,0,1
0.508,0.26,0.8381538461538474,-0.5,0.5833333333333334,0,1
0.494,0.26,0.8494615384615396,-0.5,0.5833333333333334,0,0
0.48,0.26,0.860769230769232,-0.5,0.5833333333333334,0,0
0.466,0.26,0.8720769230769243,-0.5,0.5833333333333334,0,0
0.452,0.26,0.8833846153846167,-0.5,0.5833333333333334,0,0
0.438,0.26,0.894692307692309,-0.5,0.5833333333333334,0,0
0.424,0.26,0.9060000000000014,-0.5,0.5833333333333334,0,0
0.41,0.26,0.9173076923076937,-0.5,0.5833333333333334,0,0
0.41,0.26,0.9286153846153861,-0.5,0.5833333333333334,0,1
0.41,0.26,0.9399230769230784,-0.5,0.5833333333333334,0,1
0.41,0.26,0.750307692307693,-0.5,0.5833333333333334,0,1
0.41,0.26,0.7616153846153854,-0.5,0.5833333333333334,0,1
0.41,0.26,0.7729230769230777,-0.5,0.5833333333333334,0,1
0.41,0.26,0.7842307692307701,-0.5,0.5833333333333334,0,1
0.41,0.26,0.7955384615384623,-0.5,0.5833333333333334,0,1
0.41,0.26,0.8068461538461547,-0.5,0.5833333333333334,0,1
0.41,0.26,0.818153846153847,-0.5,0.5833333333333334,0,1
0.41,0.26,0.8294615384615392,-0.5,0.5833333333333334,0,1
0.41,0.26,0.8407692307692316,-0.5,0.5833333333333334,0,1
0.41,0.26,0.852076923076924,-0.5,0.5833333333333334,0,1
0.41,0.26,0.8633846153846163,-0.5,0.5833333333333334,0,1
0.41,0.26,0.8746923076923087,-0.5,0.5833333333333334,0,1
0.41,0.26,0.886000000000001,-0.5,0.5833333333333334,0,1
0.41,0.26,0.8973076923076934,-0.5,0.5833333333333334,0,1
0.424,0.26,0.9086153846153857,-0.5,0.5833333333333334,0,2
0.438,0.26,0.9199230769230781,-0.5,0.5833333333333334,0,2
0.452,0.26,0.9312307692307704,-0.5,0.5833333333333334,0,2
0.466,0.74,0.028615384615384452,0.5,0.4166666666666667,0,2
0.48,0.74,0.03684615384615369,0.5,0.4166666666666667,0,2
0.494,0.74,0.04507692307692292,0.5,0.4166666666666667,0,2
0.508,0.74,0.05330769230769215,0.5,0.4166666666666667,0,2
0.522,0.74,0.06153846153846138,0.5,0.4166666666666667,0,2
0.522,0.74,0.06976923076923063,0.5,0.4166666666666667,0,1
0.522,0.74,0.07799999999999985,0.5,0.4166666666666667,0,1
0.522,0.74,0.08623076923076908,0.5,0.4166666666666667,0,1
0.522,0.74,0.09446153846153832,0.5,0.4166666666666667,0,1
0.522,0.74,0.10269230769230754,0.5,0.4166666666666667,0,1
0.522,0.74,0.11092307692307676,0.5,0.4166666666666667,0,1
0.522,0.74,0.11915384615384599,0.5,0.4166666666666667,0,1
0.522,0.74,0.1273846153846152,0.5,0.4166666666666667,0,1
0.522,0.74,0.13561538461538442,0.5,0.4166666666666667,0,1
0.522,0.74,0.14384615384615365,0.5,0.4166666666666667,0,1
0.522,0.74,0.15207692307692286,0.5,0.4166666666666667,0,1
0.522,0.74,0.1603076923076921,0.5,0.4166666666666667,0,1
0.522,0.74,0.1685384615384613,0.5,0.4166666666666667,0,1
0.522,0.74,0.17676923076923054,0.5,0.4166666666666667,0,1
0.522,0.74,0.18499999999999975,0.5,0.4166666666666667,0,1
0.522,0.74,0.19323076923076898,0.5,0.4166666666666667,0,1
0.522,0.74,0.20146153846153822,0.5,0.4166666666666667,0,1
0.522,0.74,0.20969230769230746,0.5,0.4166666666666667,0,1
0.536,0.74,0.21792307692307666,0.5,0.4166666666666667,0,2
0.55,0.74,0.2261538461538459,0.5,0.4166666666666667,0,2
0.564,0.74,0.2343846153846151,0.5,0.4166666666666667,0,2
0.578,0.74,0.24261538461538434,0.5,0.4166666666666667,0,2
0.592,0.74,0.25084615384615355,0.5,0.4166666666666667,0,2
0.606,0.74,0.25907692307692276,0.5,0.4166666666666667,0,2
0.62,0.74,0.267307692307692,0.0,0.4166666666666667,0,2
0.634,0.74,0.27553846153846123,0.0,0.4166666666666667,0,2
0.648,0.74,0.28376923076923044,0.0,0.4166666666666667,0,2
0.662,0.74,0.29199999999999965,0.0,0.4166666666666667,0,2
0.662,0.74,0.3002307692307689,0.0,0.4166666666666667,0,1
0.662,0.74,0.3084615384615381,0.0,0.4166666666666667,0,1
0.662,0.74,0.31669230769230733,0.0,0.4166666666666667,0,1
0.662,0.74,0.32492307692307654,0.0,0.4166666666666667,0,1
0.662,0.74,0.3331538461538458,0.0,0.4166666666666667,0,1
0.662,0.74,0.341384615384615,0.0,0.4166666666666667,0,1
0.662,0.74,0.3496153846153842,0.0,0.4166666666666667,0,1
0.662,0.74,0.3578461538461534,0.0,0.4166666666666667,0,1
0.662,0.74,0.3660769230769227,0.0,0.4166666666666667,0,1
0.662,0.74,0.3743076923076919,0.0,0.4166666666666667,0,1
0.662,0.74,0.3825384615384611,0.0,0.4166666666666667,0,1
0.662,0.74,0.3907692307692303,0.0,0.4166666666666667,0,1
0.662,0.74,0.3989999999999996,0.0,0.4166666666666667,0,1
0.662,0.74,0.40723076923076884,0.0,0.4166666666666667,0,1
0.662,0.74,0.4154615384615381,0.0,0.4166666666666667,0,1
0.662,0.74,0.42369230769230737,0.0,0.4166666666666667,0,1
0.662,0.74,0.4319230769230767,0.0,0.4166666666666667,0,1
0.662,0.74,0.44015384615384595,0.0,0.4166666666666667,0,1
0.662,0.74,0.4483846153846152,0.0,0.4166666666666667,0,1
0.662,0.74,0.4566153846153845,0.0,0.4166666666666667,0,1
0.662,0.74,0.46484615384615374,0.0,0.4166666666666667,0,1
0.662,0.74,0.473076923076923,0.0,0.4166666666666667,0,1
0.662,0.74,0.48130769230769227,0.0,0.4166666666666667,0,1
0.662,0.74,0.48953846153846153,0.0,0.4166666666666667,0,1
0.662,0.74,0.4977692307692308,0.0,0.4166666666666667,0,1
0.662,0.74,0.506,0.0,0.4166666666666667,0,1
0.662,0.74,0.5142307692307693,0.0,0.4166666666666667,0,1
0.662,0.74,0.5224615384615385,0.0,0.4166666666666667,0,1
0.662,0.74,0.5306923076923078,0.0,0.4166666666666667,0,1
0.662,0.74,0.5389230769230771,0.0,0.4166666666666667,0,1
0.662,0.74,0.5471538461538464,0.0,0.4166666666666667,0,1
0.662,0.74,0.5553846153846157,0.0,0.4166666666666667,0,1
0.662,0.74,0.563615384615385,0.0,0.4166666666666667,0,1
0.662,0.74,0.5718461538461542,0.0,0.4166666666666667,0,1
0.662,0.74,0.5800769230769235,0.0,0.4166666666666667,0,1
0.662,0.74,0.5883076923076928,0.0,0.4166666666666667,0,1
0.662,0.74,0.596538461538462,0.0,0.4166666666666667,0,1
0.662,0.74,0.6047692307692313,0.0,0.4166666666666667,0,1
0.662,0.74,0.6130000000000005,0.0,0.4166666666666667,0,1
0.648,0.74,0.6212307692307698,0.0,0.4166666666666667,0,0
0.634,0.74,0.6294615384615391,0.0,0.4166666666666667,0,0
0.62,0.74,0.6376923076923083,0.0,0.4166666666666667,0,0
0.606,0.74,0.6459230769230776,0.5,0.4166666666666667,0,0
0.592,0.74,0.6541538461538469,0.5,0.4166666666666667,0,0
0.592,0.74,0.6623846153846161,0.5,0.4166666666666667,0,1
0.592,0.74,0.6706153846153854,0.5,0.4166666666666667,0,1
0.592,0.74,0.6788461538461547,0.5,0.4166666666666667,0,1
0.592,0.74,0.6870769230769239,0.5,0.4166666666666667,0,1
0.592,0.74,0.6953076923076932,0.5,0.4166666666666667,0,1
0.592,0.74,0.7035384615384624,0.5,0.4166666666666667,0,1
0.592,0.74,0.7117692307692317,0.5,0.4166666666666667,0,1
0.592,0.74,0.720000000000001,0.5,0.4166666666666667,0,1
0.592,0.74,0.7282307692307702,0.5,0.4166666666666667,0,1
0.592,0.74,0.7364615384615395,0.5,0.4166666666666667,0,1
0.592,0.74,0.7446923076923088,0.5,0.4166666666666667,0,1
0.606,0.74,0.752923076923078,0.5,0.4166666666666667,0,2
0.62,0.74,0.7611538461538473,0.0,0.4166666666666667,0,2
0.634,0.74,0.7693846153846166,0.0,0.4166666666666667,0,2
0.648,0.74,0.7776153846153858,0.0,0.4166666666666667,0,2
0.662,0.74,0.7858461538461551,0.0,0.4166666666666667,0,2
0.5,0.5,-0.20307692307692307,0.0,0.6666666666666666,0,1
0.5,0.5,-0.19076923076923077,0.0,0.6666666666666666,0,1
0.5,0.5,-0.17846153846153845,0.0,0.6666666666666666,0,1
0.5,0.5,-0.16615384615384615,0.0,0.6666666666666666,0,1
0.5,0.5,-0.15384615384615385,0.0,0.6666666666666666,0,1
0.5,0.5,-0.14153846153846153,0.0,0.6666666666666666,0,1
0.5,0.5,-0.12923076923076923,0.0,0.6666666666666666,0,1
0.5,0.5,-0.11692307692307692,0.0,0.6666666666666666,0,1
0.5,0.5,-0.10461538461538461,0.0,0.6666666666666666,0,1
0.5,0.5,-0.09230769230769231,0.0,0.6666666666666666,0,1
0.5,0.5,-0.08,0.0,0.6666666666666666,0,1
0.5,0.5,-0.06769230769230769,0.0,0.6666666666666666,0,1
0.5,0.5,-0.055384615384615386,0.0,0.6666666666666666,0,1
0.5,0.5,-0.043076923076923075,0.0,0.6666666666666666,0,1
0.5,0.5,-0.03076923076923077,0.0,0.6666666666666666,0,1
0.5,0.5,-0.018461538461538463,0.0,0.6666666666666666,0,1
0.5,0.5,-0.006153846153846154,0.0,0.6666666666666666,0,1
0.5,0.5,0.006153846153846154,0.0,0.6666666666666666,0,1
0.5,0.5,0.018461538461538463,0.0,0.6666666666666666,0,1
0.5,0.5,0.03076923076923077,0.0,0.6666666666666666,0,1
0.5,0.5,0.043076923076923075,0.0,0.6666666666666666,0,1
0.5,0.5,0.055384615384615386,0.0,0.6666666666666666,0,1
0.5,0.5,0.06769230769230769,0.0,0.6666666666666666,0,1
0.5,0.5,0.08,0.0,0.6666666666666666,0,1
0.5,0.5,0.09230769230769231,0.0,0.6666666666666666,0,1
0.5,0.5,0.10461538461538461,0.0,0.6666666666666666,0,1
0.5,0.5,0.11692307692307692,0.0,0.6666666666666666,0,1
0.5,0.5,0.12923076923076923,0.0,0.6666666666666666,0,1
0.5,0.5,0.14153846153846153,0.0,0.6666666666666666,0,1
0.5,0.5,0.15384615384615385,0.0,0.6666666666666666,0,1
0.5,0.5,0.16615384615384615,0.0,0.6666666666666666,0,1
0.5,0.5,0.17846153846153845,0.0,0.6666666666666666,0,1
0.5,0.5,0.19076923076923077,0.0,0.6666666666666666,0,1
0.5,0.5,0.20307692307692307,0.0,0.6666666666666666,0,1
0.5,0.5,0.2153846153846154,0.0,0.6666666666666666,0,1
0.5,0.5,0.2276923076923077,0.0,0.6666666666666666,0,1
0.5,0.5,0.24,0.0,0.6666666666666666,0,1
0.5,0.5,0.2523076923076923,0.0,0.6666666666666666,0,1
0.5,0.5,0.26461538461538464,0.0,0.6666666666666666,0,1
0.5,0.5,0.27692307692307694,0.0,0.6666666666666666,0,1
0.5,0.5,0.28923076923076924,0.0,0.6666666666666666,0,1
0.5,0.5,0.30153846153846153,0.0,0.6666666666666666,0,1
0.5,0.5,0.31384615384615383,0.0,0.6666666666666666,0,1
0.5,0.5,0.3261538461538461,0.0,0.6666666666666666,0,1
0.486,0.5,0.3384615384615385,0.0,0.6666666666666666,0,0
0.472,0.5,0.3507692307692308,0.0,0.6666666666666666,0,0
0.458,0.5,0.3630769230769231,0.0,0.6666666666666666,0,0
0.444,0.5,0.37538461538461537,0.0,0.6666666666666666,0,0
0.43,0.5,0.38769230769230767,0.0,0.6666666666666666,0,0
0.416,0.5,0.4,0.0,0.6666666666666666,0,0
0.402,0.5,0.4123076923076923,0.0,0.6666666666666666,0,0
0.388,0.5,0.4246153846153846,0.0,0.6666666666666666,0,0
0.374,0.5,0.4369230769230769,0.5,0.6666666666666666,0,0
0.36,0.5,0.4492307692307692,0.5,0.6666666666666666,0,0
0.346,0.5,0.46153846153846156,0.5,0.6666666666666666,0,0
0.332,0.5,0.47384615384615386,0.5,0.6666666666666666,0,0
0.318,0.5,0.48615384615384616,0.5,0.6666666666666666,0,0
0.304,0.5,0.49846153846153846,0.5,0.6666666666666666,0,0
0.29,0.5,0.5107692307692308,0.5,0.6666666666666666,0,0
0.276,0.5,0.5230769230769231,0.5,0.6666666666666666,0,0
0.262,0.5,0.5353846153846153,0.5,0.6666666666666666,0,0
0.248,0.5,0.5476923076923077,0.5,0.6666666666666666,0,0
0.234,0.5,0.56,0.5,0.6666666666666666,0,0
0.234,0.5,0.5723076923076923,0.5,0.6666666666666666,0,1
0.234,0.5,0.5846153846153846,0.5,0.6666666666666666,0,1
0.234,0.5,0.5969230769230769,0.5,0.6666666666666666,0,1
0.234,0.5,0.6092307692307692,0.5,0.6666666666666666,0,1
0.234,0.5,0.6215384615384615,0.5,0.6666666666666666,0,1
0.234,0.5,0.6338461538461538,0.5,0.6666666666666666,0,1
0.234,0.5,0.6461538461538462,0.5,0.6666666666666666,0,1
0.234,0.5,0.6584615384615384,0.5,0.6666666666666666,0,1
0.234,0.5,0.6707692307692308,0.5,0.6666666666666666,0,1
0.234,0.5,0.683076923076923,0.5,0.6666666666666666,0,1
0.234,0.5,0.6953846153846154,0.5,0.6666666666666666,0,1
0.234,0.5,0.7076923076923077,0.5,0.6666666666666666,0,1
0.234,0.5,0.72,0.5,0.6666666666666666,0,1
0.234,0.5,0.7323076923076923,0.5,0.6666666666666666,0,1
0.234,0.5,0.7446153846153846,0.5,0.6666666666666666,0,1
0.234,0.5,0.7569230769230769,0.5,0.6666666666666666,0,1
0.234,0.5,0.7692307692307693,0.5,0.6666666666666666,0,1
0.234,0.5,0.7815384615384615,0.5,0.6666666666666666,0,1
0.234,0.5,0.7938461538461539,0.5,0.6666666666666666,0,1
0.234,0.5,0.8061538461538461,0.5,0.6666666666666666,0,1
0.234,0.5,0.8184615384615385,0.5,0.6666666666666666,0,1
0.234,0.5,0.8307692307692308,0.5,0.6666666666666666,0,1
0.234,0.5,0.8430769230769231,0.5,0.6666666666666666,0,1
0.234,0.5,0.8553846153846154,0.5,0.6666666666666666,0,1
0.234,0.5,0.8676923076923077,0.5,0.6666666666666666,0,1
0.234,0.5,0.88,0.5,0.6666666666666666,0,1
0.234,0.5,0.8923076923076924,0.5,0.6666666666666666,0,1
0.234,0.5,0.9046153846153846,0.5,0.6666666666666666,0,1
0.234,0.5,0.916923076923077,0.5,0.6666666666666666,0,1
0.234,0.5,0.9292307692307692,0.5,0.6666666666666666,0,1
0.234,0.5,0.6030769230769231,0.5,0.6666666666666666,0,1
0.234,0.5,0.6153846153846154,0.5,0.6666666666666666,0,1
0.248,0.5,0.6276923076923077,0.5,0.6666666666666666,0,2
0.262,0.5,0.64,0.5,0.6666666666666666,0,2
0.276,0.5,0.6523076923076923,0.5,0.6666666666666666,0,2
0.29,0.5,0.6646153846153846,0.5,0.6666666666666666,0,2
0.304,0.5,0.676923076923077,0.5,0.6666666666666666,0,2
0.318,0.5,0.6892307692307692,0.5,0.6666666666666666,0,2
0.332,0.5,0.7015384615384616,0.5,0.6666666666666666,0,2
0.346,0.5,0.7138461538461538,0.5,0.6666666666666666,0,2
0.36,0.5,0.7261538461538461,0.5,0.6666666666666666,0,2
0.374,0.5,0.7384615384615385,0.5,0.6666666666666666,0,2
0.388,0.5,0.7507692307692307,0.0,0.6666666666666666,0,2
0.388,0.5,0.7630769230769231,0.0,0.6666666666666666,0,1
0.388,0.5,0.7753846153846153,0.0,0.6666666666666666,0,1
0.388,0.5,0.7876923076923077,0.0,0.6666666666666666,0,1
0.388,0.5,0.8,0.0,0.6666666666666666,0,1
0.388,0.5,0.8123076923076923,0.0,0.6666666666666666,0,1
0.388,0.5,0.8246153846153846,0.0,0.6666666666666666,0,1
0.388,0.5,0.8369230769230769,0.0,0.6666666666666666,0,1
0.388,0.5,0.8492307692307692,0.0,0.6666666666666666,0,1
0.388,0.5,0.8615384615384616,0.0,0.6666666666666666,0,1
0.388,0.26,0.8769230769230769,-0.5,0.8333333333333334,1,1
0.388,0.26,0.8923076923076924,-0.5,0.8333333333333334,1,1
0.388,0.26,0.9076923076923077,-0.5,0.8333333333333334,1,1
0.388,0.26,0.9230769230769231,-0.5,0.8333333333333334,1,1
0.388,0.26,0.9384615384615385,-0.5,0.8333333333333334,1,1
0.388,0.5,0.9353846153846154,0.0,0.6666666666666666,0,1
0.388,0.5,-0.14,0.0,0.5833333333333334,1,1
0.388,0.5,-0.12923076923076923,0.0,0.5833333333333334,1,1
0.388,0.5,-0.11846153846153847,0.0,0.5833333333333334,1,1
0.388,0.5,-0.1076923076923077,0.0,0.5833333333333334,1,1
0.388,0.5,-0.09692307692307692,0.0,0.5833333333333334,1,1
0.388,0.5,-0.08615384615384615,0.0,0.5833333333333334,1,1
0.388,0.5,-0.07538461538461538,0.0,0.5833333333333334,1,1
0.388,0.5,-0.06461538461538462,0.0,0.5833333333333334,1,1
0.388,0.5,-0.05384615384615385,0.0,0.5833333333333334,1,1
0.388,0.5,-0.043076923076923075,0.0,0.5833333333333334,1,1
0.388,0.5,-0.03230769230769231,0.0,0.5833333333333334,1,1
0.388,0.5,-0.021538461538461538,0.0,0.5833333333333334,1,1
0.388,0.5,-0.010769230769230769,0.0,0.5833333333333334,1,1
0.388,0.5,0.0,0.0,0.5833333333333334,1,1
0.388,0.5,0.010769230769230769,0.0,0.5833333333333334,1,1
0.388,0.5,0.021538461538461538,0.0,0.5833333333333334,1,1
0.388,0.5,0.03230769230769231,0.0,0.5833333333333334,1,1
0.388,0.5,0.043076923076923075,0.0,0.5833333333333334,1,1
0.388,0.5,0.05384615384615385,0.0,0.5833333333333334,1,1
0.388,0.5,0.06461538461538462,0.0,0.5833333333333334,1,1
0.388,0.5,0.07538461538461538,0.0,0.5833333333333334,1,1
0.388,0.5,0.08615384615384615,0.0,0.5833333333333334,1,1
0.388,0.5,0.09692307692307692,0.0,0.5833333333333334,1,1
0.402,0.5,0.1076923076923077,0.0,0.5833333333333334,1,2
0.416,0.5,0.11846153846153847,0.0,0.5833333333333334,1,2
0.43,0.5,0.12923076923076923,0.0,0.5833333333333334,1,2
0.444,0.5,0.14,0.0,0.5833333333333334,1,2
0.458,0.5,0.15076923076923077,0.0,0.5833333333333334,1,2
0.472,0.5,0.16153846153846155,0.0,0.5833333333333334,1,2
0.486,0.5,0.1723076923076923,0.0,0.5833333333333334,1,2
0.486,0.5,0.18307692307692308,0.0,0.5833333333333334,1,1
0.486,0.5,0.19384615384615383,0.0,0.5833333333333334,1,1
0.486,0.5,0.20461538461538462,0.0,0.5833333333333334,1,1
0.486,0.5,0.2153846153846154,0.0,0.5833333333333334,1,1
0.486,0.5,0.22615384615384615,0.0,0.5833333333333334,1,1
0.486,0.5,0.23692307692307693,0.0,0.5833333333333334,1,1
0.5,0.5,0.24769230769230768,0.0,0.5833333333333334,1,2
0.514,0.5,0.25846153846153846,0.0,0.5833333333333334,1,2
0.528,0.5,0.2692307692307692,0.0,0.5833333333333334,1,2
0.542,0.5,0.28,0.0,0.5833333333333334,1,2
0.556,0.5,0.2907692307692308,0.0,0.5833333333333334,1,2
0.57,0.5,0.30153846153846153,0.0,0.5833333333333334,1,2
0.584,0.5,0.3123076923076923,0.0,0.5833333333333334,1,2
0.598,0.5,0.3230769230769231,0.0,0.5833333333333334,1,2
0.612,0.5,0.33384615384615385,0.0,0.5833333333333334,1,2
0.612,0.5,0.3446153846153846,0.0,0.5833333333333334,1,1
0.612,0.5,0.3553846153846154,0.0,0.5833333333333334,1,1
0.612,0.5,0.36615384615384616,0.0,0.5833333333333334,1,1
0.612,0.5,0.3769230769230769,0.0,0.5833333333333334,1,1
0.612,0.5,0.38769230769230767,0.0,0.5833333333333334,1,1
0.612,0.5,0.3984615384615385,0.0,0.5833333333333334,1,1
0.626,0.5,0.40923076923076923,-0.5,0.5833333333333334,1,2
0.64,0.5,0.42,-0.5,0.5833333333333334,1,2
0.654,0.74,0.4323076923076923,0.0,0.8333333333333334,1,2
0.668,0.74,0.44769230769230767,0.0,0.8333333333333334,1,2
0.682,0.74,0.46307692307692305,0.0,0.8333333333333334,1,2
0.696,0.74,0.47846153846153844,0.0,0.8333333333333334,1,2
0.71,0.74,0.4938461538461538,0.0,0.8333333333333334,1,2
0.724,0.74,0.5092307692307693,0.0,0.8333333333333334,1,2
0.724,0.74,0.5246153846153846,0.0,0.8333333333333334,1,1
0.724,0.74,0.54,0.0,0.8333333333333334,1,1
0.724,0.74,0.5553846153846154,0.0,0.8333333333333334,1,1
0.724,0.74,0.5707692307692308,0.0,0.8333333333333334,1,1
0.724,0.74,0.5861538461538461,0.0,0.8333333333333334,1,1
0.724,0.74,0.6015384615384616,0.0,0.8333333333333334,1,1
0.724,0.74,0.6169230769230769,0.0,0.8333333333333334,1,1
0.724,0.74,0.6323076923076923,0.0,0.8333333333333334,1,1
0.71,0.74,0.6476923076923077,0.0,0.8333333333333334,1,0
0.696,0.74,0.6630769230769231,0.0,0.8333333333333334,1,0
0.682,0.74,0.6784615384615384,0.0,0.8333333333333334,1,0
0.668,0.74,0.6938461538461539,0.0,0.8333333333333334,1,0
0.654,0.74,0.7092307692307692,0.0,0.8333333333333334,1,0
0.64,0.74,0.7246153846153847,0.0,0.8333333333333334,1,0
0.64,0.74,0.74,0.0,0.8333333333333334,1,1
0.64,0.74,0.7553846153846154,0.0,0.8333333333333334,1,1
0.64,0.74,0.7707692307692308,0.0,0.8333333333333334,1,1
0.64,0.74,0.7861538461538462,0.0,0.8333333333333334,1,1
0.64,0.74,0.8015384615384615,0.0,0.8333333333333334,1,1
0.64,0.74,0.816923076923077,0.0,0.8333333333333334,1,1
0.64,0.74,0.8323076923076923,0.0,0.8333333333333334,1,1
0.64,0.74,0.8476923076923077,0.0,0.8333333333333334,1,1
0.64,0.74,0.8630769230769231,0.0,0.8333333333333334,1,1
0.64,0.74,0.8784615384615385,0.0,0.8333333333333334,1,1
0.64,0.74,0.8938461538461538,0.0,0.8333333333333334,1,1
0.64,0.74,0.9092307692307692,0.0,0.8333333333333334,1,1
0.64,0.74,0.9246153846153846,0.0,0.8333333333333334,1,1
0.64,0.5,0.7861538461538462,-0.5,0.5833333333333334,1,1
0.64,0.5,0.796923076923077,-0.5,0.5833333333333334,1,1
0.64,0.5,0.8076923076923077,-0.5,0.5833333333333334,1,1
0.64,0.5,0.8184615384615385,-0.5,0.5833333333333334,1,1
0.64,0.5,0.8292307692307692,-0.5,0.5833333333333334,1,1
0.64,0.5,0.84,-0.5,0.5833333333333334,1,1
0.64,0.5,0.8507692307692307,-0.5,0.5833333333333334,1,1
0.64,0.5,0.8615384615384616,-0.5,0.5833333333333334,1,1
0.64,0.5,0.8723076923076923,-0.5,0.5833333333333334,1,1
0.64,0.5,0.8830769230769231,-0.5,0.5833333333333334,1,1
0.64,0.5,0.8938461538461538,-0.5,0.5833333333333334,1,1
0.64,0.5,0.9046153846153846,-0.5,0.5833333333333334,1,1
0.64,0.5,0.9153846153846154,-0.5,0.5833333333333334,1,1
0.64,0.5,0.9261538461538461,-0.5,0.5833333333333334,1,1
0.64,0.5,0.936923076923077,-0.5,0.5833333333333334,1,1
0.64,0.26,0.9184615384615384,-1.0,0.8333333333333334,1,1
0.64,0.26,0.9338461538461539,-1.0,0.8333333333333334,1,1
0.64,0.74,-0.3,0.0,0.8333333333333334,0,1
0.64,0.74,-0.2846153846153846,0.0,0.8333333333333334,0,1
0.64,0.74,-0.2692307692307692,0.0,0.8333333333333334,0,1
0.654,0.74,-0.25384615384615383,0.0,0.8333333333333334,0,2
0.668,0.74,-0.23846153846153847,0.0,0.8333333333333334,0,2
0.682,0.74,-0.2230769230769231,0.0,0.8333333333333334,0,2
0.696,0.74,-0.2076923076923077,0.0,0.8333333333333334,0,2
0.71,0.74,-0.19230769230769232,0.0,0.8333333333333334,0,2
0.724,0.74,-0.17692307692307693,0.0,0.8333333333333334,0,2
0.724,0.74,-0.16153846153846155,0.0,0.8333333333333334,0,1
0.724,0.74,-0.14615384615384616,0.0,0.8333333333333334,0,1
0.724,0.74,-0.13076923076923078,0.0,0.8333333333333334,0,1
0.724,0.74,-0.11538461538461539,0.0,0.8333333333333334,0,1
0.724,0.74,-0.1,0.0,0.8333333333333334,0,1
0.724,0.74,-0.08461538461538462,0.0,0.8333333333333334,0,1
0.724,0.74,-0.06923076923076923,0.0,0.8333333333333334,0,1
0.724,0.74,-0.05384615384615385,0.0,0.8333333333333334,0,1
0.71,0.74,-0.038461538461538464,0.0,0.8333333333333334,0,0
0.696,0.74,-0.023076923076923078,0.0,0.8333333333333334,0,0
0.682,0.74,-0.007692307692307693,0.0,0.8333333333333334,0,0
0.668,0.74,0.007692307692307693,0.0,0.8333333333333334,0,0
0.654,0.74,0.023076923076923078,0.0,0.8333333333333334,0,0
0.64,0.74,0.038461538461538464,0.0,0.8333333333333334,0,0
0.626,0.74,0.05384615384615385,0.0,0.8333333333333334,0,0
0.612,0.74,0.06923076923076923,0.5,0.8333333333333334,0,0
0.598,0.74,0.08461538461538462,0.5,0.8333333333333334,0,0
0.584,0.74,0.1,0.5,0.8333333333333334,0,0
0.57,0.74,0.11538461538461539,0.5,0.8333333333333334,0,0
0.556,0.74,0.13076923076923078,0.5,0.8333333333333334,0,0
0.542,0.74,0.14615384615384616,0.5,0.8333333333333334,0,0
0.528,0.74,0.16153846153846155,0.5,0.8333333333333334,0,0
0.514,0.74,0.17692307692307693,0.5,0.8333333333333334,0,0
0.5,0.74,0.19230769230769232,0.5,0.8333333333333334,0,0
0.486,0.74,0.2076923076923077,0.5,0.8333333333333334,0,0
0.472,0.74,0.2230769230769231,0.5,0.8333333333333334,0,0
0.458,0.74,0.23846153846153847,0.5,0.8333333333333334,0,0
0.444,0.74,0.25384615384615383,0.5,0.8333333333333334,0,0
0.43,0.74,0.2692307692307692,0.5,0.8333333333333334,0,0
0.43,0.74,0.2846153846153846,0.5,0.8333333333333334,0,1
0.43,0.74,0.3,0.5,0.8333333333333334,0,1
0.43,0.74,0.3153846153846154,0.5,0.8333333333333334,0,1
0.43,0.74,0.33076923076923076,0.5,0.8333333333333334,0,1
0.43,0.74,0.34615384615384615,0.5,0.8333333333333334,0,1
0.43,0.74,0.36153846153846153,0.5,0.8333333333333334,0,1
0.43,0.74,0.3769230769230769,0.5,0.8333333333333334,0,1
0.43,0.74,0.3923076923076923,0.5,0.8333333333333334,0,1
0.43,0.74,0.4076923076923077,0.5,0.8333333333333334,0,1
0.43,0.74,0.4230769230769231,0.5,0.8333333333333334,0,1
0.43,0.74,0.43846153846153846,0.5,0.8333333333333334,0,1
0.43,0.74,0.45384615384615384,0.5,0.8333333333333334,0,1
0.43,0.74,0.46923076923076923,0.5,0.8333333333333334,0,1
0.43,0.74,0.4846153846153846,0.5,0.8333333333333334,0,1
0.43,0.74,0.5,0.5,0.8333333333333334,0,1
0.43,0.74,0.5153846153846153,0.5,0.8333333333333334,0,1
0.43,0.74,0.5307692307692308,0.5,0.8333333333333334,0,1
0.43,0.74,0.5461538461538461,0.5,0.8333333333333334,0,1
0.43,0.74,0.5615384615384615,0.5,0.8333333333333334,0,1
0.43,0.74,0.5769230769230769,0.5,0.8333333333333334,0,1
0.43,0.74,0.5923076923076923,0.5,0.8333333333333334,0,1
0.43,0.74,0.6076923076923076,0.5,0.8333333333333334,0,1
0.43,0.74,0.6230769230769231,0.5,0.8333333333333334,0,1
0.43,0.74,0.6384615384615384,0.5,0.8333333333333334,0,1
0.43,0.74,0.6538461538461539,0.5,0.8333333333333334,0,1
0.43,0.74,0.6692307692307692,0.5,0.8333333333333334,0,1
0.43,0.74,0.6846153846153846,0.5,0.8333333333333334,0,1
0.43,0.74,0.7,0.5,0.8333333333333334,0,1
0.43,0.74,0.7153846153846154,0.5,0.8333333333333334,0,1
0.43,0.74,0.7307692307692307,0.5,0.8333333333333334,0,1
0.43,0.74,0.7461538461538462,0.5,0.8333333333333334,0,1
0.43,0.74,0.7615384615384615,0.5,0.8333333333333334,0,1
0.444,0.74,0.7769230769230769,0.5,0.8333333333333334,0,2
0.458,0.74,0.7923076923076923,0.5,0.8333333333333334,0,2
0.472,0.74,0.8076923076923077,0.5,0.8333333333333334,0,2
0.486,0.74,0.823076923076923,0.5,0.8333333333333334,0,2
0.5,0.74,0.8384615384615385,0.5,0.8333333333333334,0,2
0.514,0.74,0.8538461538461538,0.5,0.8333333333333334,0,2
0.528,0.74,0.8692307692307693,0.5,0.8333333333333334,0,2
0.542,0.74,0.8846153846153846,0.5,0.8333333333333334,0,2
0.542,0.74,0.9,0.5,0.8333333333333334,0,1
0.542,0.74,0.9153846153846154,0.5,0.8333333333333334,0,1
0.542,0.74,0.9307692307692308,0.5,0.8333333333333334,0,1
0.542,0.74,0.5030769230769231,0.5,0.5833333333333334,1,1
0.542,0.74,0.5138461538461538,0.5,0.5833333333333334,1,1
0.542,0.74,0.5246153846153846,0.5,0.5833333333333334,1,1
0.542,0.74,0.5353846153846153,0.5,0.5833333333333334,1,1
0.542,0.74,0.5461538461538461,0.5,0.5833333333333334,1,1
0.542,0.74,0.556923076923077,0.5,0.5833333333333334,1,1
0.542,0.74,0.5676923076923077,0.5,0.5833333333333334,1,1
0.542,0.74,0.5784615384615385,0.5,0.5833333333333334,1,1
0.542,0.74,0.5892307692307692,0.5,0.5833333333333334,1,1
0.542,0.74,0.6,0.5,0.5833333333333334,1,1
0.542,0.74,0.6107692307692307,0.5,0.5833333333333334,1,1
0.542,0.74,0.6215384615384615,0.5,0.5833333333333334,1,1
0.542,0.74,0.6323076923076923,0.5,0.5833333333333334,1,1
0.542,0.74,0.6430769230769231,0.5,0.5833333333333334,1,1
0.528,0.74,0.6538461538461539,0.5,0.5833333333333334,1,0
0.514,0.74,0.6646153846153846,0.5,0.5833333333333334,1,0
0.5,0.74,0.6753846153846154,0.5,0.5833333333333334,1,0
0.486,0.74,0.6861538461538461,0.5,0.5833333333333334,1,0
0.472,0.74,0.696923076923077,0.5,0.5833333333333334,1,0
0.458,0.74,0.7076923076923077,0.5,0.5833333333333334,1,0
0.458,0.74,0.7184615384615385,0.5,0.5833333333333334,1,1
0.458,0.74,0.7292307692307692,0.5,0.5833333333333334,1,1
0.458,0.74,0.74,0.5,0.5833333333333334,1,1
0.458,0.74,0.7507692307692307,0.5,0.5833333333333334,1,1
0.458,0.74,0.7615384615384615,0.5,0.5833333333333334,1,1
0.458,0.74,0.7723076923076924,0.5,0.5833333333333334,1,1
0.458,0.74,0.7830769230769231,0.5,0.5833333333333334,1,1
0.458,0.74,0.7938461538461539,0.5,0.5833333333333334,1,1
0.458,0.74,0.8046153846153846,0.5,0.5833333333333334,1,1
0.458,0.74,0.8153846153846154,0.5,0.5833333333333334,1,1
0.458,0.74,0.8261538461538461,0.5,0.5833333333333334,1,1
0.472,0.74,0.8369230769230769,0.5,0.5833333333333334,1,2
0.486,0.74,0.8476923076923077,0.5,0.5833333333333334,1,2
0.5,0.74,0.8584615384615385,0.5,0.5833333333333334,1,2
0.514,0.74,0.8692307692307693,0.5,0.5833333333333334,1,2
0.528,0.74,0.88,0.5,0.5833333333333334,1,2
0.528,0.74,0.8907692307692308,0.5,0.5833333333333334,1,1
0.528,0.74,0.9015384615384615,0.5,0.5833333333333334,1,1
0.528,0.74,0.9123076923076923,0.5,0.5833333333333334,1,1
0.528,0.74,0.9230769230769231,0.5,0.5833333333333334,1,1
0.528,0.74,0.9338461538461539,0.5,0.5833333333333334,1,1
0.528,0.26,0.5338461538461539,-0.5,0.4166666666666667,1,1
0.528,0.26,0.5415384615384615,-0.5,0.4166666666666667,1,1
0.528,0.26,0.5492307692307692,-0.5,0.4166666666666667,1,1
0.528,0.26,0.556923076923077,-0.5,0.4166666666666667,1,1
0.528,0.26,0.5646153846153846,-0.5,0.4166666666666667,1,1
0.528,0.26,0.5723076923076923,-0.5,0.4166666666666667,1,1
0.528,0.26,0.58,-0.5,0.4166666666666667,1,1
0.528,0.26,0.5876923076923077,-0.5,0.4166666666666667,1,1
0.528,0.26,0.5953846153846154,-0.5,0.4166666666666667,1,1
0.528,0.26,0.6030769230769231,-0.5,0.4166666666666667,1,1
0.528,0.26,0.6107692307692307,-0.5,0.4166666666666667,1,1
0.528,0.26,0.619,-0.5,0.4166666666666667,1,1
0.528,0.26,0.6272307692307693,-0.5,0.4166666666666667,1,1
0.528,0.26,0.6354615384615385,-0.5,0.4166666666666667,1,1
0.528,0.26,0.6436923076923078,-0.5,0.4166666666666667,1,1
0.542,0.26,0.651923076923077,-0.5,0.4166666666666667,1,2
0.556,0.26,0.6601538461538463,-0.5,0.4166666666666667,1,2
0.57,0.26,0.6683846153846156,-0.5,0.4166666666666667,1,2
0.584,0.26,0.6766153846153848,-0.5,0.4166666666666667,1,2
0.598,0.26,0.6848461538461542,-0.5,0.4166666666666667,1,2
0.612,0.26,0.6930769230769235,-0.5,0.4166666666666667,1,2
0.626,0.26,0.7013076923076927,-1.0,0.4166666666666667,1,2
0.64,0.26,0.709538461538462,-1.0,0.4166666666666667,1,2
0.64,0.26,0.7177692307692313,-1.0,0.4166666666666667,1,1
0.64,0.26,0.7260000000000005,-1.0,0.4166666666666667,1,1
0.64,0.26,0.7342307692307698,-1.0,0.4166666666666667,1,1
0.64,0.26,0.7424615384615391,-1.0,0.4166666666666667,1,1
0.64,0.26,0.7506923076923083,-1.0,0.4166666666666667,1,1
0.654,0.26,0.7589230769230776,-1.0,0.4166666666666667,1,2
0.668,0.26,0.7671538461538469,-1.0,0.4166666666666667,1,2
0.682,0.26,0.7753846153846161,-1.0,0.4166666666666667,1,2
0.696,0.26,0.7836153846153854,-1.0,0.4166666666666667,1,2
0.71,0.26,0.7918461538461546,-1.0,0.4166666666666667,1,2
0.724,0.26,0.8000769230769239,-1.0,0.4166666666666667,1,2
0.738,0.26,0.8083076923076932,-1.0,0.4166666666666667,1,2
0.752,0.26,0.8165384615384624,-1.0,0.4166666666666667,1,2
0.752,0.26,0.8247692307692317,-1.0,0.4166666666666667,1,1
0.752,0.26,0.833000000000001,-1.0,0.4166666666666667,1,1
0.752,0.26,0.8412307692307702,-1.0,0.4166666666666667,1,1
0.752,0.26,0.8494615384615395,-1.0,0.4166666666666667,1,1
0.752,0.26,0.8576923076923088,-1.0,0.4166666666666667,1,1
0.752,0.26,0.865923076923078,-1.0,0.4166666666666667,1,1
0.752,0.26,0.8741538461538473,-1.0,0.4166666666666667,1,1
0.752,0.26,0.8823846153846165,-1.0,0.4166666666666667,1,1
0.752,0.26,0.8906153846153858,-1.0,0.4166666666666667,1,1
0.752,0.26,0.8988461538461551,-1.0,0.4166666666666667,1,1
0.752,0.26,0.9070769230769243,-1.0,0.4166666666666667,1,1
0.752,0.26,0.9153076923076936,-1.0,0.4166666666666667,1,1
0.752,0.26,0.9235384615384629,-1.0,0.4166666666666667,1,1
0.752,0.26,0.9317692307692321,-1.0,0.4166666666666667,1,1
0.752,0.26,0.5938461538461544,-1.0,0.5,0,1
0.752,0.26,0.6036153846153852,-1.0,0.5,0,1
0.752,0.26,0.613384615384616,-1.0,0.5,0,1
0.752,0.26,0.6231538461538468,-1.0,0.5,0,1
0.752,0.26,0.6329230769230776,-1.0,0.5,0,1
0.738,0.26,0.6426923076923083,-1.0,0.5,0,0
0.724,0.26,0.6524615384615392,-1.0,0.5,0,0
0.71,0.26,0.66223076923077,-1.0,0.5,0,0
0.696,0.26,0.6720000000000008,-1.0,0.5,0,0
0.682,0.26,0.6817692307692316,-1.0,0.5,0,0
0.668,0.26,0.6915384615384624,-1.0,0.5,0,0
0.654,0.26,0.7013076923076932,-1.0,0.5,0,0
0.64,0.26,0.711076923076924,-1.0,0.5,0,0
0.626,0.26,0.7208461538461548,-1.0,0.5,0,0
0.612,0.26,0.7306153846153857,-0.5,0.5,0,0
0.598,0.26,0.7403846153846164,-0.5,0.5,0,0
0.584,0.26,0.7501538461538473,-0.5,0.5,0,0
0.57,0.26,0.759923076923078,-0.5,0.5,0,0
0.556,0.26,0.7696923076923089,-0.5,0.5,0,0
0.542,0.26,0.7794615384615396,-0.5,0.5,0,0
0.528,0.26,0.7892307692307704,-0.5,0.5,0,0
0.514,0.26,0.7990000000000013,-0.5,0.5,0,0
0.5,0.26,0.808769230769232,-0.5,0.5,0,0
0.486,0.26,0.8185384615384629,-0.5,0.5,0,0
0.472,0.26,0.8283076923076936,-0.5,0.5,0,0
0.458,0.26,0.8380769230769245,-0.5,0.5,0,0
0.444,0.26,0.8478461538461552,-0.5,0.5,0,0
0.444,0.26,0.8576153846153861,-0.5,0.5,0,1
0.444,0.26,0.8673846153846169,-0.5,0.5,0,1
0.444,0.26,0.8771538461538477,-0.5,0.5,0,1
0.444,0.26,0.8869230769230785,-0.5,0.5,0,1
0.444,0.26,0.8966923076923093,-0.5,0.5,0,1
0.458,0.26,0.9064615384615401,-0.5,0.5,0,2
0.472,0.26,0.916230769230771,-0.5,0.5,0,2
0.486,0.26,0.9260000000000017,-0.5,0.5,0,2
0.5,0.26,0.9357692307692325,-0.5,0.5,0,2
0.514,0.26,0.5219230769230773,-0.5,0.75,0,2
0.528,0.26,0.5363076923076927,-0.5,0.75,0,2
0.542,0.26,0.5506923076923081,-0.5,0.75,0,2
0.556,0.26,0.5650769230769235,-0.5,0.75,0,2
0.57,0.26,0.5794615384615389,-0.5,0.75,0,2
0.584,0.26,0.5938461538461544,-0.5,0.75,0,2
0.598,0.26,0.6082307692307698,-0.5,0.75,0,2
0.612,0.26,0.6226153846153852,-0.5,0.75,0,2
0.626,0.26,0.6370000000000007,-1.0,0.75,0,2
0.64,0.26,0.651384615384616,-1.0,0.75,0,2
0.654,0.26,0.6657692307692314,-1.0,0.75,0,2
0.668,0.26,0.6801538461538469,-1.0,0.75,0,2
0.682,0.26,0.6945384615384623,-1.0,0.75,0,2
0.682,0.26,0.7089230769230778,-1.0,0.75,0,1
0.682,0.26,0.7233076923076931,-1.0,0.75,0,1
0.682,0.26,0.7376923076923085,-1.0,0.75,0,1
0.682,0.26,0.752076923076924,-1.0,0.75,0,1
0.682,0.26,0.7664615384615394,-1.0,0.75,0,1
0.682,0.26,0.7808461538461549,-1.0,0.75,0,1
0.682,0.26,0.7952307692307703,-1.0,0.75,0,1
0.682,0.26,0.8096153846153856,-1.0,0.75,0,1
0.682,0.26,0.8240000000000011,-1.0,0.75,0,1
0.682,0.26,0.8383846153846165,-1.0,0.75,0,1
0.682,0.26,0.852769230769232,-1.0,0.75,0,1
0.682,0.26,0.8671538461538474,-1.0,0.75,0,1
0.682,0.26,0.8815384615384627,-1.0,0.75,0,1
0.682,0.26,0.8959230769230782,-1.0,0.75,0,1
0.682,0.26,0.9103076923076936,-1.0,0.75,0,1
0.682,0.26,0.924692307692309,-1.0,0.75,0,1
0.682,0.26,0.9390769230769245,-1.0,0.75,0,1
0.682,0.26,0.43515384615384595,-1.0,0.8333333333333334,0,1
0.682,0.26,0.4510769230769229,-1.0,0.8333333333333334,0,1
0.682,0.26,0.46699999999999986,-1.0,0.8333333333333334,0,1
0.682,0.26,0.4829230769230768,-1.0,0.8333333333333334,0,1
0.682,0.26,0.4988461538461538,-1.0,0.8333333333333334,0,1
0.682,0.26,0.5147692307692308,-1.0,0.8333333333333334,0,1
0.682,0.26,0.5306923076923077,-1.0,0.8333333333333334,0,1
0.682,0.26,0.5466153846153846,-1.0,0.8333333333333334,0,1
0.682,0.26,0.5625384615384615,-1.0,0.8333333333333334,0,1
0.682,0.26,0.5784615384615386,-1.0,0.8333333333333334,0,1
0.682,0.26,0.5943846153846155,-1.0,0.8333333333333334,0,1
0.682,0.26,0.6103076923076924,-1.0,0.8333333333333334,0,1
0.682,0.26,0.6262307692307694,-1.0,0.8333333333333334,0,1
0.682,0.26,0.6421538461538464,-1.0,0.8333333333333334,0,1
0.682,0.26,0.6580769230769233,-1.0,0.8333333333333334,0,1
0.682,0.26,0.6740000000000003,-1.0,0.8333333333333334,0,1
0.682,0.26,0.6899230769230773,-1.0,0.8333333333333334,0,1
0.682,0.26,0.7058461538461542,-1.0,0.8333333333333334,0,1
0.682,0.26,0.7217692307692312,-1.0,0.8333333333333334,0,1
0.682,0.26,0.7376923076923081,-1.0,0.8333333333333334,0,1
0.682,0.26,0.7536153846153851,-1.0,0.8333333333333334,0,1
0.682,0.26,0.7695384615384621,-1.0,0.8333333333333334,0,1
0.682,0.26,0.785461538461539,-1.0,0.8333333333333334,0,1
0.682,0.26,0.8013846153846159,-1.0,0.8333333333333334,0,1
0.682,0.26,0.8173076923076928,-1.0,0.8333333333333334,0,1
0.682,0.26,0.8332307692307698,-1.0,0.8333333333333334,0,1
0.682,0.26,0.8491538461538467,-1.0,0.8333333333333334,0,1
0.682,0.26,0.8650769230769237,-1.0,0.8333333333333334,0,1
0.682,0.26,0.8810000000000007,-1.0,0.8333333333333334,0,1
0.682,0.26,0.8969230769230776,-1.0,0.8333333333333334,0,1
0.682,0.26,0.9128461538461545,-1.0,0.8333333333333334,0,1
0.682,0.26,0.9287692307692316,-1.0,0.8333333333333334,0,1
0.682,0.26,0.11292307692307685,-1.0,0.8333333333333334,1,1
0.682,0.26,0.12884615384615375,-1.0,0.8333333333333334,1,1
0.682,0.26,0.14476923076923068,-1.0,0.8333333333333334,1,1
0.682,0.26,0.16069230769230758,-1.0,0.8333333333333334,1,1
0.682,0.26,0.1766153846153845,-1.0,0.8333333333333334,1,1
0.682,0.26,0.1925384615384614,-1.0,0.8333333333333334,1,1
0.682,0.26,0.20846153846153834,-1.0,0.8333333333333334,1,1
0.682,0.26,0.22438461538461524,-1.0,0.8333333333333334,1,1
0.682,0.26,0.24030769230769217,-1.0,0.8333333333333334,1,1
0.682,0.26,0.2562307692307691,-1.0,0.8333333333333334,1,1
0.682,0.26,0.27215384615384597,-1.0,0.8333333333333334,1,1
0.682,0.26,0.2880769230769229,-1.0,0.8333333333333334,1,1
0.682,0.26,0.3039999999999998,-1.0,0.8333333333333334,1,1
0.682,0.26,0.31992307692307675,-1.0,0.8333333333333334,1,1
0.682,0.26,0.33584615384615363,-1.0,0.8333333333333334,1,1
0.682,0.26,0.35176923076923056,-1.0,0.8333333333333334,1,1
0.668,0.26,0.3676923076923075,-1.0,0.8333333333333334,1,0
0.654,0.26,0.3836153846153844,-1.0,0.8333333333333334,1,0
0.64,0.26,0.39953846153846134,-1.0,0.8333333333333334,1,0
0.626,0.26,0.4154615384615383,-1.0,0.8333333333333334,1,0
0.612,0.26,0.43138461538461526,-0.5,0.8333333333333334,1,0
0.598,0.26,0.44730769230769224,-0.5,0.8333333333333334,1,0
0.584,0.26,0.46323076923076917,-0.5,0.8333333333333334,1,0
0.57,0.26,0.47915384615384615,-0.5,0.8333333333333334,1,0
0.57,0.26,0.4950769230769231,-0.5,0.8333333333333334,1,1
0.57,0.26,0.511,-0.5,0.8333333333333334,1,1
0.57,0.26,0.526923076923077,-0.5,0.8333333333333334,1,1
0.57,0.26,0.542846153846154,-0.5,0.8333333333333334,1,1
0.57,0.26,0.5587692307692309,-0.5,0.8333333333333334,1,1
0.584,0.26,0.5746923076923078,-0.5,0.8333333333333334,1,2
0.598,0.26,0.5906153846153849,-0.5,0.8333333333333334,1,2
0.612,0.26,0.6065384615384618,-0.5,0.8333333333333334,1,2
0.626,0.26,0.6224615384615387,-1.0,0.8333333333333334,1,2
0.64,0.26,0.6383846153846158,-1.0,0.8333333333333334,1,2
0.654,0.26,0.6543076923076927,-1.0,0.8333333333333334,1,2
0.668,0.26,0.6702307692307696,-1.0,0.8333333333333334,1,2
0.682,0.26,0.6861538461538466,-1.0,0.8333333333333334,1,2
0.696,0.26,0.7020769230769236,-1.0,0.8333333333333334,1,2
0.696,0.26,0.7180000000000005,-1.0,0.8333333333333334,1,1
0.696,0.26,0.7339230769230775,-1.0,0.8333333333333334,1,1
0.696,0.26,0.7498461538461544,-1.0,0.8333333333333334,1,1
0.696,0.26,0.7657692307692314,-1.0,0.8333333333333334,1,1
0.696,0.26,0.7816923076923084,-1.0,0.8333333333333334,1,1
0.696,0.26,0.7976153846153852,-1.0,0.8333333333333334,1,1
0.696,0.26,0.8135384615384622,-1.0,0.8333333333333334,1,1
0.696,0.26,0.8294615384615391,-1.0,0.8333333333333334,1,1
0.696,0.26,0.8453846153846161,-1.0,0.8333333333333334,1,1
0.696,0.26,0.861307692307693,-1.0,0.8333333333333334,1,1
0.696,0.26,0.87723076923077,-1.0,0.8333333333333334,1,1
0.71,0.26,0.893153846153847,-1.0,0.8333333333333334,1,2
0.724,0.26,0.9090769230769239,-1.0,0.8333333333333334,1,2
0.738,0.26,0.9250000000000008,-1.0,0.8333333333333334,1,2
0.752,0.26,0.758000000000001,-1.0,0.6666666666666666,0,2
0.766,0.26,0.770846153846155,-1.0,0.6666666666666666,0,2
0.78,0.26,0.7836923076923088,-1.0,0.6666666666666666,0,2
0.794,0.26,0.7965384615384626,-1.0,0.6666666666666666,0,2
0.802,0.26,0.8093846153846165,-1.0,0.6666666666666666,0,2
0.802,0.26,0.8222307692307703,-1.0,0.6666666666666666,0,2
0.802,0.26,0.8350769230769243,-1.0,0.6666666666666666,0,1
0.802,0.26,0.8479230769230781,-1.0,0.6666666666666666,0,1
0.802,0.26,0.860769230769232,-1.0,0.6666666666666666,0,1
0.802,0.26,0.8736153846153859,-1.0,0.6666666666666666,0,1
0.802,0.26,0.8864615384615397,-1.0,0.6666666666666666,0,1
0.802,0.26,0.8993076923076936,-1.0,0.6666666666666666,0,1
0.802,0.26,0.9121538461538475,-1.0,0.6666666666666666,0,1
0.802,0.26,0.9250000000000014,-1.0,0.6666666666666666,0,1
0.802,0.26,0.9378461538461553,-1.0,0.6666666666666666,0,1
0.802,0.5,0.5040769230769231,-0.5,0.6666666666666666,1,1
0.802,0.5,0.516923076923077,-0.5,0.6666666666666666,1,1
0.802,0.5,0.5297692307692309,-0.5,0.6666666666666666,1,1
0.802,0.5,0.5426153846153847,-0.5,0.6666666666666666,1,1
0.802,0.5,0.5554615384615387,-0.5,0.6666666666666666,1,1
0.802,0.5,0.5683076923076925,-0.5,0.6666666666666666,1,1
0.802,0.5,0.5811538461538465,-0.5,0.6666666666666666,1,1
0.802,0.5,0.5940000000000003,-0.5,0.6666666666666666,1,1
0.802,0.5,0.6068461538461541,-0.5,0.6666666666666666,1,1
0.802,0.5,0.6196923076923081,-0.5,0.6666666666666666,1,1
0.802,0.5,0.6325384615384619,-0.5,0.6666666666666666,1,1
0.802,0.5,0.6453846153846158,-0.5,0.6666666666666666,1,1
0.802,0.5,0.6582307692307697,-0.5,0.6666666666666666,1,1
0.802,0.5,0.6710769230769236,-0.5,0.6666666666666666,1,1
0.802,0.5,0.6839230769230774,-0.5,0.6666666666666666,1,1
0.802,0.5,0.6967692307692314,-0.5,0.6666666666666666,1,1
0.802,0.5,0.7096153846153852,-0.5,0.6666666666666666,1,1
0.802,0.5,0.7224615384615392,-0.5,0.6666666666666666,1,1
0.802,0.5,0.735307692307693,-0.5,0.6666666666666666,1,1
0.802,0.5,0.7481538461538468,-0.5,0.6666666666666666,1,1
0.802,0.5,0.7610000000000008,-0.5,0.6666666666666666,1,1
0.802,0.5,0.7738461538461546,-0.5,0.6666666666666666,1,1
0.802,0.5,0.7866923076923085,-0.5,0.6666666666666666,1,1
0.802,0.5,0.7995384615384623,-0.5,0.6666666666666666,1,1
0.802,0.5,0.8123846153846161,-0.5,0.6666666666666666,1,1
0.802,0.5,0.8252307692307701,-0.5,0.6666666666666666,1,1
0.802,0.5,0.8380769230769239,-0.5,0.6666666666666666,1,1
0.802,0.5,0.8509230769230778,-0.5,0.6666666666666666,1,1
0.802,0.5,0.8637692307692317,-0.5,0.6666666666666666,1,1
0.802,0.5,0.8766153846153856,-0.5,0.6666666666666666,1,1
0.802,0.5,0.8894615384615395,-0.5,0.6666666666666666,1,1
0.802,0.5,0.9023076923076934,-0.5,0.6666666666666666,1,1
0.802,0.5,0.9151538461538472,-0.5,0.6666666666666666,1,1
0.802,0.5,0.9280000000000012,-0.5,0.6666666666666666,1,1
0.802,0.74,0.05346153846153835,0.0,0.75,0,1
0.802,0.74,0.06784615384615374,0.0,0.75,0,1
0.802,0.74,0.08223076923076912,0.0,0.75,0,1
0.802,0.74,0.0966153846153845,0.0,0.75,0,1
0.802,0.74,0.1109999999999999,0.0,0.75,0,1
0.802,0.74,0.1253846153846153,0.0,0.75,0,1
0.788,0.74,0.13976923076923065,0.0,0.75,0,0
0.774,0.74,0.15415384615384603,0.0,0.75,0,0
0.76,0.74,0.16853846153846141,0.0,0.75,0,0
0.746,0.74,0.18292307692307677,0.0,0.75,0,0
0.732,0.74,0.19730769230769218,0.0,0.75,0,0
0.718,0.74,0.21169230769230754,0.0,0.75,0,0
0.704,0.74,0.22607692307692293,0.0,0.75,0,0
0.69,0.74,0.2404615384615383,0.0,0.75,0,0
0.676,0.74,0.25484615384615367,0.0,0.75,0,0
0.662,0.74,0.26923076923076905,0.0,0.75,0,0
0.648,0.74,0.28361538461538444,0.0,0.75,0,0
0.634,0.74,0.2979999999999998,0.0,0.75,0,0
0.62,0.74,0.3123846153846152,0.0,0.75,0,0
0.606,0.74,0.32676923076923053,0.5,0.75,0,0
0.592,0.74,0.3411538461538459,0.5,0.75,0,0
0.578,0.74,0.3555384615384613,0.5,0.75,0,0
0.564,0.74,0.3699230769230767,0.5,0.75,0,0
0.55,0.74,0.3843076923076921,0.5,0.75,0,0
0.536,0.74,0.39869230769230746,0.5,0.75,0,0
0.522,0.74,0.4130769230769229,0.5,0.75,0,0
0.508,0.74,0.42746153846153834,0.5,0.75,0,0
0.494,0.74,0.4418461538461537,0.5,0.75,0,0
0.48,0.74,0.45623076923076916,0.5,0.75,0,0
0.466,0.74,0.4706153846153846,0.5,0.75,0,0
0.452,0.74,0.485,0.5,0.75,0,0
0.438,0.74,0.4993846153846154,0.5,0.75,0,0
0.424,0.74,0.5137692307692309,0.5,0.75,0,0
0.41,0.74,0.5281538461538463,0.5,0.75,0,0
0.396,0.74,0.5425384615384616,0.5,0.75,0,0
0.382,0.74,0.5569230769230771,0.5,0.75,0,0
0.368,0.74,0.5713076923076925,1.0,0.75,0,0
0.354,0.74,0.585692307692308,1.0,0.75,0,0
0.34,0.74,0.6000769230769234,1.0,0.75,0,0
0.326,0.74,0.6144615384615387,1.0,0.75,0,0
0.312,0.74,0.6288461538461542,1.0,0.75,0,0
0.312,0.74,0.6432307692307696,1.0,0.75,0,1
0.312,0.74,0.657615384615385,1.0,0.75,0,1
0.312,0.74,0.6720000000000005,1.0,0.75,0,1
0.312,0.74,0.6863846153846159,1.0,0.75,0,1
0.312,0.74,0.7007692307692313,1.0,0.75,0,1
0.312,0.74,0.7151538461538467,1.0,0.75,0,1
0.312,0.74,0.7295384615384621,1.0,0.75,0,1
0.312,0.74,0.7439230769230776,1.0,0.75,0,1
0.312,0.74,0.758307692307693,1.0,0.75,0,1
0.312,0.74,0.7726923076923083,1.0,0.75,0,1
0.312,0.74,0.7870769230769238,1.0,0.75,0,1
0.312,0.74,0.8014615384615392,1.0,0.75,0,1
0.312,0.74,0.8158461538461547,1.0,0.75,0,1
0.312,0.74,0.8302307692307701,1.0,0.75,0,1
0.312,0.74,0.8446153846153855,1.0,0.75,0,1
0.326,0.74,0.8590000000000009,1.0,0.75,0,2
0.34,0.74,0.8733846153846163,1.0,0.75,0,2
0.354,0.74,0.8877692307692318,1.0,0.75,0,2
0.368,0.74,0.9021538461538472,1.0,0.75,0,2
0.382,0.74,0.9165384615384626,0.5,0.75,0,2
0.396,0.74,0.930923076923078,0.5,0.75,0,2
0.41,0.74,0.5695384615384618,0.5,0.75,0,2
0.424,0.74,0.5839230769230772,0.5,0.75,0,2
0.424,0.74,0.5983076923076927,0.5,0.75,0,1
0.424,0.74,0.6126923076923081,0.5,0.75,0,1
0.424,0.74,0.6270769230769234,0.5,0.75,0,1
0.424,0.74,0.6414615384615389,0.5,0.75,0,1
0.424,0.74,0.6558461538461543,0.5,0.75,0,1
0.424,0.74,0.6702307692307697,0.5,0.75,0,1
0.424,0.74,0.6846153846153852,0.5,0.75,0,1
0.424,0.74,0.6990000000000005,0.5,0.75,0,1
0.424,0.74,0.7139230769230774,0.5,0.75,0,1
0.424,0.74,0.7288461538461544,0.5,0.75,0,1
0.424,0.74,0.7437692307692313,0.5,0.75,0,1
0.424,0.74,0.7586923076923082,0.5,0.75,0,1
0.424,0.74,0.773615384615385,0.5,0.75,0,1
0.424,0.74,0.788538461538462,0.5,0.75,0,1
0.424,0.74,0.803461538461539,0.5,0.75,0,1
0.424,0.74,0.8183846153846159,0.5,0.75,0,1
0.424,0.74,0.833307692307693,0.5,0.75,0,1
0.424,0.74,0.84823076923077,0.5,0.75,0,1
0.424,0.74,0.8631538461538469,0.5,0.75,0,1
0.424,0.74,0.878076923076924,0.5,0.75,0,1
0.41,0.74,0.8930000000000009,0.5,0.75,0,0
0.396,0.74,0.9079230769230779,0.5,0.75,0,0
0.382,0.74,0.922846153846155,0.5,0.75,0,0
0.368,0.74,0.9377692307692319,1.0,0.75,0,0
0.354,0.74,0.5524615384615381,1.0,0.4166666666666667,0,0
0.34,0.74,0.5612307692307689,1.0,0.4166666666666667,0,0
0.34,0.74,0.5699999999999996,1.0,0.4166666666666667,0,1
0.34,0.74,0.5787692307692304,1.0,0.4166666666666667,0,1
0.34,0.74,0.5875384615384611,1.0,0.4166666666666667,0,1
0.34,0.74,0.5963076923076919,1.0,0.4166666666666667,0,1
0.34,0.74,0.6050769230769226,1.0,0.4166666666666667,0,1
0.34,0.74,0.6138461538461534,1.0,0.4166666666666667,0,1
0.354,0.74,0.6226153846153841,1.0,0.4166666666666667,0,2
0.368,0.74,0.6313846153846149,1.0,0.4166666666666667,0,2
0.382,0.74,0.6401538461538456,0.5,0.4166666666666667,0,2
0.396,0.74,0.6489230769230764,0.5,0.4166666666666667,0,2
0.41,0.74,0.6576923076923071,0.5,0.4166666666666667,0,2
0.424,0.74,0.6664615384615379,0.5,0.4166666666666667,0,2
0.438,0.74,0.6752307692307686,0.5,0.4166666666666667,0,2
0.452,0.74,0.6839999999999994,0.5,0.4166666666666667,0,2
0.452,0.74,0.6927692307692301,0.5,0.4166666666666667,0,1
0.452,0.74,0.7015384615384609,0.5,0.4166666666666667,0,1
0.452,0.74,0.7103076923076916,0.5,0.4166666666666667,0,1
0.452,0.74,0.7190769230769224,0.5,0.4166666666666667,0,1
0.452,0.74,0.7278461538461531,0.5,0.4166666666666667,0,1
0.452,0.74,0.7366153846153839,0.5,0.4166666666666667,0,1
0.452,0.74,0.7453846153846146,0.5,0.4166666666666667,0,1
0.452,0.74,0.7541538461538454,0.5,0.4166666666666667,0,1
0.452,0.74,0.7629230769230761,0.5,0.4166666666666667,0,1
0.452,0.74,0.7716923076923069,0.5,0.4166666666666667,0,1
0.452,0.74,0.7804615384615377,0.5,0.4166666666666667,0,1
0.452,0.74,0.7892307692307685,0.5,0.4166666666666667,0,1
0.452,0.74,0.7979999999999994,0.5,0.4166666666666667,0,1
0.452,0.74,0.8067692307692302,0.5,0.4166666666666667,0,1
0.452,0.74,0.8155384615384611,0.5,0.4166666666666667,0,1
0.452,0.74,0.8243076923076919,0.5,0.4166666666666667,0,1
0.452,0.74,0.8330769230769227,0.5,0.4166666666666667,0,1
0.466,0.74,0.8418461538461536,0.5,0.4166666666666667,0,2
0.48,0.74,0.8506153846153844,0.5,0.4166666666666667,0,2
0.494,0.74,0.8593846153846152,0.5,0.4166666666666667,0,2
0.508,0.74,0.868153846153846,0.5,0.4166666666666667,0,2
0.522,0.74,0.8769230769230769,0.5,0.4166666666666667,0,2
0.536,0.74,0.8856923076923078,0.5,0.4166666666666667,0,2
0.55,0.74,0.8944615384615386,0.5,0.4166666666666667,0,2
0.55,0.74,0.9032307692307694,0.5,0.4166666666666667,0,1
0.55,0.74,0.9120000000000003,0.5,0.4166666666666667,0,1
0.55,0.74,0.9207692307692311,0.5,0.4166666666666667,0,1
0.55,0.74,0.929538461538462,0.5,0.4166666666666667,0,1
0.55,0.74,0.9383076923076928,0.5,0.4166666666666667,0,1
0.55,0.26,0.4667692307692302,-0.5,0.75,0,1
0.55,0.26,0.48169230769230714,-0.5,0.75,0,1
0.55,0.26,0.496615384615384,-0.5,0.75,0,1
0.55,0.26,0.5115384615384609,-0.5,0.75,0,1
0.55,0.26,0.5264615384615379,-0.5,0.75,0,1
0.55,0.26,0.5413846153846147,-0.5,0.75,0,1
0.55,0.26,0.5563076923076916,-0.5,0.75,0,1
0.55,0.26,0.5712307692307685,-0.5,0.75,0,1
0.55,0.26,0.5861538461538455,-0.5,0.75,0,1
0.55,0.26,0.6010769230769224,-0.5,0.75,0,1
0.55,0.26,0.6159999999999992,-0.5,0.75,0,1
0.55,0.26,0.6309230769230761,-0.5,0.75,0,1
0.55,0.26,0.6458461538461531,-0.5,0.75,0,1
0.55,0.26,0.66076923076923,-0.5,0.75,0,1
0.55,0.26,0.6756923076923069,-0.5,0.75,0,1
0.55,0.26,0.6906153846153837,-0.5,0.75,0,1
0.55,0.26,0.7055384615384607,-0.5,0.75,0,1
0.55,0.26,0.7204615384615376,-0.5,0.75,0,1
0.55,0.26,0.7353846153846145,-0.5,0.75,0,1
0.55,0.26,0.7503076923076915,-0.5,0.75,0,1
0.55,0.26,0.7652307692307683,-0.5,0.75,0,1
0.55,0.26,0.7801538461538452,-0.5,0.75,0,1
0.55,0.26,0.7950769230769221,-0.5,0.75,0,1
0.55,0.26,0.8099999999999992,-0.5,0.75,0,1
0.55,0.26,0.8249230769230761,-0.5,0.75,0,1
0.564,0.26,0.8398461538461531,-0.5,0.75,0,2
0.578,0.26,0.8547692307692301,-0.5,0.75,0,2
0.592,0.26,0.8696923076923071,-0.5,0.75,0,2
0.606,0.26,0.8846153846153841,-0.5,0.75,0,2
0.62,0.26,0.8995384615384611,-1.0,0.75,0,2
0.634,0.26,0.9144615384615381,-1.0,0.75,0,2
0.648,0.26,0.929384615384615,-1.0,0.75,0,2
0.662,0.26,0.3881538461538456,-1.0,0.5833333333333334,1,2
0.676,0.26,0.39999999999999947,-1.0,0.5833333333333334,1,2
0.69,0.26,0.4118461538461533,-1.0,0.5833333333333334,1,2
0.704,0.26,0.42369230769230715,-1.0,0.5833333333333334,1,2
0.718,0.26,0.435538461538461,-1.0,0.5833333333333334,1,2
0.732,0.26,0.44738461538461477,-1.0,0.5833333333333334,1,2
0.732,0.26,0.4592307692307686,-1.0,0.5833333333333334,1,1
0.732,0.26,0.47107692307692245,-1.0,0.5833333333333334,1,1
0.732,0.26,0.4829230769230763,-1.0,0.5833333333333334,1,1
0.732,0.26,0.49476923076923013,-1.0,0.5833333333333334,1,1
0.732,0.26,0.5066153846153839,-1.0,0.5833333333333334,1,1
0.732,0.26,0.5184615384615378,-1.0,0.5833333333333334,1,1
0.732,0.26,0.5303076923076916,-1.0,0.5833333333333334,1,1
0.732,0.26,0.5421538461538454,-1.0,0.5833333333333334,1,1
0.732,0.26,0.5539999999999993,-1.0,0.5833333333333334,1,1
0.732,0.26,0.5658461538461531,-1.0,0.5833333333333334,1,1
0.732,0.26,0.577692307692307,-1.0,0.5833333333333334,1,1
0.746,0.26,0.5895384615384607,-1.0,0.5833333333333334,1,2
0.76,0.26,0.6013846153846145,-1.0,0.5833333333333334,1,2
0.774,0.26,0.6132307692307684,-1.0,0.5833333333333334,1,2
0.788,0.26,0.6250769230769222,-1.0,0.5833333333333334,1,2
0.802,0.26,0.636923076923076,-1.0,0.5833333333333334,1,2
0.802,0.26,0.6487692307692299,-1.0,0.5833333333333334,1,1
0.802,0.26,0.6606153846153837,-1.0,0.5833333333333334,1,1
0.802,0.26,0.6724615384615376,-1.0,0.5833333333333334,1,1
0.802,0.26,0.6843076923076914,-1.0,0.5833333333333334,1,1
0.802,0.26,0.6961538461538452,-1.0,0.5833333333333334,1,1
0.802,0.26,0.7079999999999991,-1.0,0.5833333333333334,1,1
0.802,0.26,0.7198461538461528,-1.0,0.5833333333333334,1,1
0.802,0.26,0.7316923076923066,-1.0,0.5833333333333334,1,1
0.802,0.26,0.7435384615384605,-1.0,0.5833333333333334,1,1
0.802,0.26,0.7553846153846143,-1.0,0.5833333333333334,1,1
0.802,0.26,0.7672307692307682,-1.0,0.5833333333333334,1,1
0.802,0.26,0.779076923076922,-1.0,0.5833333333333334,1,1
0.802,0.26,0.790923076923076,-1.0,0.5833333333333334,1,1
0.802,0.26,0.8027692307692298,-1.0,0.5833333333333334,1,1
0.802,0.26,0.8146153846153837,-1.0,0.5833333333333334,1,1
0.802,0.26,0.8264615384615377,-1.0,0.5833333333333334,1,1
0.802,0.26,0.8383076923076915,-1.0,0.5833333333333334,1,1
0.788,0.26,0.8501538461538455,-1.0,0.5833333333333334,1,0
0.774,0.26,0.8619999999999994,-1.0,0.5833333333333334,1,0
0.76,0.26,0.8738461538461533,-1.0,0.5833333333333334,1,0
0.746,0.26,0.8856923076923072,-1.0,0.5833333333333334,1,0
0.732,0.26,0.8975384615384612,-1.0,0.5833333333333334,1,0
0.718,0.26,0.9093846153846151,-1.0,0.5833333333333334,1,0
0.704,0.26,0.921230769230769,-1.0,0.5833333333333334,1,0
0.69,0.26,0.9330769230769229,-1.0,0.5833333333333334,1,0
0.676,0.5,0.15123076923076903,-0.5,0.75,1,0
0.662,0.5,0.16615384615384596,-0.5,0.75,1,0
0.648,0.5,0.18107692307692289,-0.5,0.75,1,0
0.634,0.5,0.1959999999999998,-0.5,0.75,1,0
0.62,0.5,0.21092307692307674,-0.5,0.75,1,0
0.606,0.5,0.22584615384615364,0.0,0.75,1,0
0.592,0.5,0.24076923076923054,0.0,0.75,1,0
0.578,0.5,0.25569230769230744,0.0,0.75,1,0
0.564,0.5,0.27061538461538437,0.0,0.75,1,0
0.55,0.5,0.28553846153846124,0.0,0.75,1,0
0.536,0.5,0.30046153846153817,0.0,0.75,1,0
0.522,0.5,0.3153846153846151,0.0,0.75,1,0
0.508,0.5,0.33030769230769197,0.0,0.75,1,0
0.494,0.5,0.3452307692307689,0.0,0.75,1,0
0.48,0.5,0.36015384615384577,0.0,0.75,1,0
0.466,0.5,0.3750769230769227,0.0,0.75,1,0
0.452,0.5,0.3899999999999996,0.0,0.75,1,0
0.438,0.5,0.40492307692307655,0.0,0.75,1,0
0.424,0.5,0.4198461538461535,0.0,0.75,1,0
0.41,0.5,0.43476923076923035,0.0,0.75,1,0
0.396,0.5,0.4496923076923073,0.0,0.75,1,0
0.382,0.5,0.46461538461538415,0.0,0.75,1,0
0.368,0.5,0.4795384615384611,0.5,0.75,1,0
0.354,0.5,0.494461538461538,0.5,0.75,1,0
0.34,0.5,0.5093846153846149,0.5,0.75,1,0
0.326,0.5,0.5243076923076918,0.5,0.75,1,0
0.312,0.5,0.5392307692307687,0.5,0.75,1,0
0.298,0.5,0.5541538461538457,0.5,0.75,1,0
0.284,0.5,0.5690769230769225,0.5,0.75,1,0
0.284,0.5,0.5839999999999994,0.5,0.75,1,1
0.284,0.5,0.5989230769230763,0.5,0.75,1,1
0.284,0.5,0.6138461538461533,0.5,0.75,1,1
0.284,0.5,0.6287692307692302,0.5,0.75,1,1
0.284,0.5,0.643692307692307,0.5,0.75,1,1
0.284,0.5,0.6586153846153839,0.5,0.75,1,1
0.284,0.5,0.6735384615384609,0.5,0.75,1,1
0.284,0.5,0.6884615384615378,0.5,0.75,1,1
0.284,0.5,0.7033846153846147,0.5,0.75,1,1
0.284,0.5,0.7183076923076915,0.5,0.75,1,1
0.284,0.5,0.7332307692307685,0.5,0.75,1,1
0.284,0.5,0.7481538461538454,0.5,0.75,1,1
0.284,0.5,0.7630769230769223,0.5,0.75,1,1
0.284,0.5,0.7779999999999992,0.5,0.75,1,1
0.284,0.5,0.7929230769230762,0.5,0.75,1,1
0.284,0.5,0.8078461538461532,0.5,0.75,1,1
0.284,0.5,0.8227692307692301,0.5,0.75,1,1
0.284,0.5,0.8376923076923072,0.5,0.75,1,1
0.284,0.5,0.8526153846153841,0.5,0.75,1,1
0.284,0.5,0.8675384615384611,0.5,0.75,1,1
0.284,0.5,0.8824615384615382,0.5,0.75,1,1
0.284,0.5,0.8973846153846151,0.5,0.75,1,1
0.284,0.5,0.9123076923076922,0.5,0.75,1,1
0.284,0.5,0.9272307692307691,0.5,0.75,1,1
0.284,0.74,0.610153846153845,1.0,0.4166666666666667,0,1
0.284,0.74,0.6189230769230758,1.0,0.4166666666666667,0,1
0.284,0.74,0.6276923076923066,1.0,0.4166666666666667,0,1
0.284,0.74,0.6364615384615373,1.0,0.4166666666666667,0,1
0.298,0.74,0.645230769230768,1.0,0.4166666666666667,0,2
0.312,0.74,0.6539999999999988,1.0,0.4166666666666667,0,2
0.326,0.74,0.6627692307692296,1.0,0.4166666666666667,0,2
0.34,0.74,0.6715384615384603,1.0,0.4166666666666667,0,2
0.354,0.74,0.6803076923076911,1.0,0.4166666666666667,0,2
0.368,0.74,0.6890769230769218,1.0,0.4166666666666667,0,2
0.382,0.74,0.6978461538461526,0.5,0.4166666666666667,0,2
0.396,0.74,0.7066153846153833,0.5,0.4166666666666667,0,2
0.41,0.74,0.7153846153846141,0.5,0.4166666666666667,0,2
0.424,0.74,0.7241538461538448,0.5,0.4166666666666667,0,2
0.438,0.74,0.7329230769230756,0.5,0.4166666666666667,0,2
0.452,0.74,0.7416923076923063,0.5,0.4166666666666667,0,2
0.466,0.74,0.7504615384615371,0.5,0.4166666666666667,0,2
0.466,0.74,0.7592307692307678,0.5,0.4166666666666667,0,1
0.466,0.74,0.7679999999999986,0.5,0.4166666666666667,0,1
0.466,0.74,0.7767692307692293,0.5,0.4166666666666667,0,1
0.466,0.74,0.7855384615384601,0.5,0.4166666666666667,0,1
0.466,0.74,0.7943076923076908,0.5,0.4166666666666667,0,1
0.466,0.74,0.8030769230769217,0.5,0.4166666666666667,0,1
0.466,0.74,0.8118461538461526,0.5,0.4166666666666667,0,1
0.466,0.74,0.8206153846153833,0.5,0.4166666666666667,0,1
0.466,0.74,0.8293846153846142,0.5,0.4166666666666667,0,1
0.466,0.74,0.838153846153845,0.5,0.4166666666666667,0,1
0.466,0.74,0.8469230769230759,0.5,0.4166666666666667,0,1
0.466,0.74,0.8556923076923068,0.5,0.4166666666666667,0,1
0.466,0.74,0.8644615384615375,0.5,0.4166666666666667,0,1
0.466,0.74,0.8732307692307684,0.5,0.4166666666666667,0,1
0.466,0.74,0.8819999999999992,0.5,0.4166666666666667,0,1
0.466,0.74,0.8907692307692301,0.5,0.4166666666666667,0,1
0.466,0.74,0.899538461538461,0.5,0.4166666666666667,0,1
0.466,0.74,0.9083076923076917,0.5,0.4166666666666667,0,1
0.466,0.74,0.9170769230769226,0.5,0.4166666666666667,0,1
0.48,0.74,0.9258461538461534,0.5,0.4166666666666667,0,2
0.494,0.74,0.9346153846153843,0.5,0.4166666666666667,0,2
0.508,0.26,0.8641538461538457,-0.5,0.8333333333333334,1,2
0.522,0.26,0.8806153846153842,-0.5,0.8333333333333334,1,2
0.536,0.26,0.8970769230769228,-0.5,0.8333333333333334,1,2
0.55,0.26,0.9135384615384613,-0.5,0.8333333333333334,1,2
0.564,0.26,0.9299999999999998,-0.5,0.8333333333333334,1,2
0.564,0.26,-0.003846153846153987,-0.5,0.4166666666666667,1,1
0.564,0.26,0.004923076923076783,-0.5,0.4166666666666667,1,1
0.564,0.26,0.013692307692307554,-0.5,0.4166666666666667,1,1
0.564,0.26,0.02246153846153832,-0.5,0.4166666666666667,1,1
0.564,0.26,0.03123076923076909,-0.5,0.4166666666666667,1,1
0.564,0.26,0.039999999999999855,-0.5,0.4166666666666667,1,1
0.564,0.26,0.04876923076923063,-0.5,0.4166666666666667,1,1
0.564,0.26,0.05753846153846139,-0.5,0.4166666666666667,1,1
0.564,0.26,0.06630769230769216,-0.5,0.4166666666666667,1,1
0.564,0.26,0.07507692307692294,-0.5,0.4166666666666667,1,1
0.564,0.26,0.08384615384615371,-0.5,0.4166666666666667,1,1
0.564,0.26,0.09261538461538449,-0.5,0.4166666666666667,1,1
0.564,0.26,0.10138461538461527,-0.5,0.4166666666666667,1,1
0.578,0.26,0.11015384615384603,-0.5,0.4166666666666667,1,2
0.592,0.26,0.11892307692307681,-0.5,0.4166666666666667,1,2
0.606,0.26,0.12769230769230758,-0.5,0.4166666666666667,1,2
0.62,0.26,0.13646153846153836,-1.0,0.4166666666666667,1,2
0.634,0.26,0.14523076923076914,-1.0,0.4166666666666667,1,2
0.648,0.26,0.15399999999999991,-1.0,0.4166666666666667,1,2
0.662,0.26,0.16276923076923067,-1.0,0.4166666666666667,1,2
0.676,0.26,0.17153846153846145,-1.0,0.4166666666666667,1,2
0.676,0.26,0.18030769230769222,-1.0,0.4166666666666667,1,1
0.676,0.26,0.189076923076923,-1.0,0.4166666666666667,1,1
0.676,0.26,0.19784615384615375,-1.0,0.4166666666666667,1,1
0.676,0.26,0.2066153846153845,-1.0,0.4166666666666667,1,1
0.676,0.26,0.21538461538461526,-1.0,0.4166666666666667,1,1
0.676,0.26,0.224153846153846,-1.0,0.4166666666666667,1,1
0.676,0.26,0.23292307692307676,-1.0,0.4166666666666667,1,1
0.676,0.26,0.2416923076923075,-1.0,0.4166666666666667,1,1
0.676,0.26,0.25046153846153824,-1.0,0.4166666666666667,1,1
0.676,0.26,0.259230769230769,-1.0,0.4166666666666667,1,1
0.676,0.26,0.26799999999999974,-1.0,0.4166666666666667,1,1
0.676,0.26,0.2767692307692305,-1.0,0.4166666666666667,1,1
0.676,0.26,0.28553846153846124,-1.0,0.4166666666666667,1,1
0.676,0.26,0.294307692307692,-1.0,0.4166666666666667,1,1
0.676,0.26,0.30307692307692274,-1.0,0.4166666666666667,1,1
0.676,0.26,0.3118461538461535,-1.0,0.4166666666666667,1,1
0.676,0.26,0.32061538461538425,-1.0,0.4166666666666667,1,1
0.676,0.26,0.32938461538461505,-1.0,0.4166666666666667,1,1
0.676,0.26,0.3381538461538458,-1.0,0.4166666666666667,1,1
0.676,0.26,0.34692307692307656,-1.0,0.4166666666666667,1,1
0.676,0.26,0.3556923076923073,-1.0,0.4166666666666667,1,1
0.676,0.26,0.36446153846153806,-1.0,0.4166666666666667,1,1
0.676,0.26,0.3732307692307688,-1.0,0.4166666666666667,1,1
0.676,0.26,0.38199999999999956,-1.0,0.4166666666666667,1,1
0.676,0.26,0.3907692307692303,-1.0,0.4166666666666667,1,1
0.662,0.26,0.39953846153846106,-1.0,0.4166666666666667,1,0
0.648,0.26,0.4083076923076918,-1.0,0.4166666666666667,1,0
0.634,0.26,0.41707692307692257,-1.0,0.4166666666666667,1,0
0.62,0.26,0.4258461538461533,-1.0,0.4166666666666667,1,0
0.606,0.26,0.43461538461538407,-0.5,0.4166666666666667,1,0
0.592,0.26,0.4433846153846148,-0.5,0.4166666666666667,1,0
0.578,0.26,0.4521538461538456,-0.5,0.4166666666666667,1,0
0.564,0.26,0.4609230769230763,-0.5,0.4166666666666667,1,0
0.55,0.26,0.4696923076923071,-0.5,0.4166666666666667,1,0
0.536,0.26,0.4784615384615378,-0.5,0.4166666666666667,1,0
0.536,0.26,0.4872307692307686,-0.5,0.4166666666666667,1,1
0.536,0.26,0.49599999999999933,-0.5,0.4166666666666667,1,1
0.536,0.26,0.5047692307692301,-0.5,0.4166666666666667,1,1
0.536,0.26,0.5135384615384608,-0.5,0.4166666666666667,1,1
0.536,0.26,0.5223076923076916,-0.5,0.4166666666666667,1,1
0.536,0.26,0.5310769230769223,-0.5,0.4166666666666667,1,1
0.536,0.26,0.5398461538461531,-0.5,0.4166666666666667,1,1
0.536,0.26,0.5486153846153838,-0.5,0.4166666666666667,1,1
0.536,0.26,0.5573846153846146,-0.5,0.4166666666666667,1,1
0.536,0.26,0.5661538461538453,-0.5,0.4166666666666667,1,1
0.536,0.26,0.5749230769230761,-0.5,0.4166666666666667,1,1
0.536,0.26,0.5836923076923068,-0.5,0.4166666666666667,1,1
0.536,0.26,0.5924615384615376,-0.5,0.4166666666666667,1,1
0.536,0.26,0.6012307692307683,-0.5,0.4166666666666667,1,1
0.536,0.26,0.6099999999999991,-0.5,0.4166666666666667,1,1
0.536,0.74,0.6221538461538457,0.5,0.6666666666666666,1,1
0.536,0.74,0.635538461538461,0.5,0.6666666666666666,1,1
0.536,0.74,0.6489230769230764,0.5,0.6666666666666666,1,1
0.536,0.74,0.6623076923076918,0.5,0.6666666666666666,1,1
0.536,0.74,0.6756923076923071,0.5,0.6666666666666666,1,1
0.536,0.74,0.6890769230769225,0.5,0.6666666666666666,1,1
0.536,0.74,0.7024615384615379,0.5,0.6666666666666666,1,1
0.536,0.74,0.7158461538461532,0.5,0.6666666666666666,1,1
0.536,0.74,0.7292307692307686,0.5,0.6666666666666666,1,1
0.536,0.74,0.742615384615384,0.5,0.6666666666666666,1,1
0.536,0.74,0.7559999999999993,0.5,0.6666666666666666,1,1
0.536,0.74,0.7693846153846147,0.5,0.6666666666666666,1,1
0.536,0.74,0.7827692307692301,0.5,0.6666666666666666,1,1
0.536,0.74,0.7961538461538454,0.5,0.6666666666666666,1,1
0.536,0.74,0.8095384615384609,0.5,0.6666666666666666,1,1
0.536,0.74,0.8229230769230763,0.5,0.6666666666666666,1,1
0.536,0.74,0.8363076923076919,0.5,0.6666666666666666,1,1
0.536,0.74,0.8496923076923073,0.5,0.6666666666666666,1,1
0.536,0.74,0.8630769230769227,0.5,0.6666666666666666,1,1
0.536,0.74,0.8764615384615382,0.5,0.6666666666666666,1,1
0.536,0.74,0.8898461538461536,0.5,0.6666666666666666,1,1
0.536,0.74,0.9032307692307691,0.5,0.6666666666666666,1,1
0.536,0.74,0.9166153846153845,0.5,0.6666666666666666,1,1
0.536,0.74,0.93,0.5,0.6666666666666666,1,1
0.536,0.26,0.8292307692307683,-0.5,0.4166666666666667,1,1
0.536,0.26,0.8379999999999992,-0.5,0.4166666666666667,1,1
0.536,0.26,0.84676923076923,-0.5,0.4166666666666667,1,1
0.536,0.26,0.8555384615384609,-0.5,0.4166666666666667,1,1
0.536,0.26,0.8643076923076917,-0.5,0.4166666666666667,1,1
0.536,0.26,0.8730769230769225,-0.5,0.4166666666666667,1,1
0.536,0.26,0.8818461538461534,-0.5,0.4166666666666667,1,1
0.536,0.26,0.8906153846153843,-0.5,0.4166666666666667,1,1
0.536,0.26,0.8993846153846151,-0.5,0.4166666666666667,1,1
0.55,0.26,0.9086923076923074,-0.5,0.4166666666666667,1,2
0.564,0.26,0.9179999999999996,-0.5,0.4166666666666667,1,2
0.578,0.26,0.9273076923076918,-0.5,0.4166666666666667,1,2
0.592,0.26,0.9366153846153841,-0.5,0.4166666666666667,1,2
0.606,0.26,0.4345384615384607,-0.5,0.5,0,2
0.62,0.26,0.4453846153846146,-1.0,0.5,0,2
0.634,0.26,0.45623076923076844,-1.0,0.5,0,2
0.648,0.26,0.46707692307692233,-1.0,0.5,0,2
0.662,0.26,0.4779230769230762,-1.0,0.5,0,2
0.662,0.26,0.48876923076923007,-1.0,0.5,0,1
0.662,0.26,0.4996153846153839,-1.0,0.5,0,1
0.662,0.26,0.5104615384615377,-1.0,0.5,0,1
0.662,0.26,0.5213076923076917,-1.0,0.5,0,1
0.662,0.26,0.5321538461538455,-1.0,0.5,0,1
0.662,0.26,0.5429999999999994,-1.0,0.5,0,1
0.662,0.26,0.5538461538461532,-1.0,0.5,0,1
0.662,0.26,0.564692307692307,-1.0,0.5,0,1
0.662,0.26,0.575538461538461,-1.0,0.5,0,1
0.662,0.26,0.5863846153846148,-1.0,0.5,0,1
0.662,0.26,0.5972307692307687,-1.0,0.5,0,1
0.662,0.26,0.6080769230769225,-1.0,0.5,0,1
0.662,0.26,0.6189230769230765,-1.0,0.5,0,1
0.662,0.26,0.6297692307692303,-1.0,0.5,0,1
0.662,0.26,0.6406153846153841,-1.0,0.5,0,1
0.662,0.26,0.651461538461538,-1.0,0.5,0,1
0.662,0.26,0.6623076923076918,-1.0,0.5,0,1
0.662,0.26,0.6731538461538458,-1.0,0.5,0,1
0.662,0.26,0.6839999999999996,-1.0,0.5,0,1
0.662,0.26,0.6948461538461534,-1.0,0.5,0,1
0.662,0.26,0.7056923076923073,-1.0,0.5,0,1
0.662,0.26,0.7165384615384612,-1.0,0.5,0,1
0.648,0.26,0.7273846153846151,-1.0,0.5,0,0
0.634,0.26,0.7382307692307689,-1.0,0.5,0,0
0.62,0.26,0.7490769230769228,-1.0,0.5,0,0
0.606,0.26,0.7599230769230766,-0.5,0.5,0,0
0.592,0.26,0.7707692307692305,-0.5,0.5,0,0
0.578,0.26,0.7816153846153844,-0.5,0.5,0,0
0.564,0.26,0.7924615384615381,-0.5,0.5,0,0
0.55,0.26,0.803307692307692,-0.5,0.5,0,0
0.536,0.26,0.8141538461538457,-0.5,0.5,0,0
0.522,0.26,0.8249999999999995,-0.5,0.5,0,0
0.508,0.26,0.8358461538461532,-0.5,0.5,0,0
0.494,0.26,0.8466923076923071,-0.5,0.5,0,0
0.48,0.26,0.8575384615384608,-0.5,0.5,0,0
0.466,0.26,0.8683846153846145,-0.5,0.5,0,0
0.452,0.26,0.8792307692307684,-0.5,0.5,0,0
0.452,0.26,0.8900769230769221,-0.5,0.5,0,1
0.452,0.26,0.9009230769230759,-0.5,0.5,0,1
0.452,0.26,0.9117692307692297,-0.5,0.5,0,1
0.452,0.26,0.9226153846153835,-0.5,0.5,0,1
0.452,0.26,0.9334615384615372,-0.5,0.5,0,1
0.452,0.74,0.6239230769230772,0.5,0.8333333333333334,0,1
0.452,0.74,0.6409230769230773,0.5,0.8333333333333334,0,1
0.452,0.74,0.6579230769230773,0.5,0.8333333333333334,0,1
0.452,0.74,0.6749230769230773,0.5,0.8333333333333334,0,1
0.452,0.74,0.6919230769230773,0.5,0.8333333333333334,0,1
0.452,0.74,0.7089230769230774,0.5,0.8333333333333334,0,1
0.452,0.74,0.7259230769230774,0.5,0.8333333333333334,0,1
0.452,0.74,0.7429230769230775,0.5,0.8333333333333334,0,1
0.452,0.74,0.7599230769230775,0.5,0.8333333333333334,0,1
0.452,0.74,0.7769230769230775,0.5,0.8333333333333334,0,1
0.452,0.74,0.7939230769230774,0.5,0.8333333333333334,0,1
0.452,0.74,0.8109230769230773,0.5,0.8333333333333334,0,1
0.452,0.74,0.8279230769230772,0.5,0.8333333333333334,0,1
0.452,0.74,0.8449230769230772,0.5,0.8333333333333334,0,1
0.452,0.74,0.8619230769230771,0.5,0.8333333333333334,0,1
0.452,0.74,0.878923076923077,0.5,0.8333333333333334,0,1
0.452,0.74,0.8959230769230769,0.5,0.8333333333333334,0,1
0.452,0.74,0.9129230769230768,0.5,0.8333333333333334,0,1
0.452,0.74,0.9299230769230769,0.5,0.8333333333333334,0,1
0.452,0.74,0.17023076923076935,0.5,0.4166666666666667,0,1
0.452,0.74,0.17953846153846165,0.5,0.4166666666666667,0,1
0.452,0.74,0.18884615384615397,0.5,0.4166666666666667,0,1
0.452,0.74,0.19815384615384626,0.5,0.4166666666666667,0,1
0.452,0.74,0.20746153846153859,0.5,0.4166666666666667,0,1
0.452,0.74,0.2167692307692309,0.5,0.4166666666666667,0,1
0.452,0.74,0.22607692307692323,0.5,0.4166666666666667,0,1
0.452,0.74,0.23538461538461555,0.5,0.4166666666666667,0,1
0.452,0.74,0.24469230769230788,0.5,0.4166666666666667,0,1
0.452,0.74,0.2540000000000002,0.5,0.4166666666666667,0,1
0.452,0.74,0.2633076923076925,0.5,0.4166666666666667,0,1
0.452,0.74,0.27261538461538487,0.5,0.4166666666666667,0,1
0.452,0.74,0.28192307692307716,0.5,0.4166666666666667,0,1
0.452,0.74,0.2912307692307695,0.5,0.4166666666666667,0,1
0.452,0.74,0.3005384615384618,0.5,0.4166666666666667,0,1
0.452,0.74,0.30984615384615416,0.5,0.4166666666666667,0,1
0.452,0.74,0.3191538461538465,0.5,0.4166666666666667,0,1
0.452,0.74,0.3284615384615388,0.5,0.4166666666666667,0,1
0.452,0.74,0.33776923076923115,0.5,0.4166666666666667,0,1
0.452,0.74,0.34707692307692345,0.5,0.4166666666666667,0,1
0.452,0.74,0.3563846153846158,0.5,0.4166666666666667,0,1
0.452,0.74,0.3656923076923081,0.5,0.4166666666666667,0,1
0.452,0.74,0.37500000000000044,0.5,0.4166666666666667,0,1
0.452,0.74,0.38430769230769274,0.5,0.4166666666666667,0,1
0.452,0.74,0.3936153846153851,0.5,0.4166666666666667,0,1
0.438,0.74,0.40292307692307744,0.5,0.4166666666666667,0,0
0.424,0.74,0.41223076923076973,0.5,0.4166666666666667,0,0
0.41,0.74,0.4215384615384621,0.5,0.4166666666666667,0,0
0.396,0.74,0.4308461538461544,0.5,0.4166666666666667,0,0
0.382,0.74,0.44015384615384673,0.5,0.4166666666666667,0,0
0.368,0.74,0.449461538461539,1.0,0.4166666666666667,0,0
0.354,0.74,0.4587692307692314,1.0,0.4166666666666667,0,0
0.34,0.74,0.46807692307692367,1.0,0.4166666666666667,0,0
0.326,0.74,0.477384615384616,1.0,0.4166666666666667,0,0
0.326,0.74,0.4866923076923083,1.0,0.4166666666666667,0,1
0.326,0.74,0.49600000000000066,1.0,0.4166666666666667,0,1
0.326,0.74,0.505307692307693,1.0,0.4166666666666667,0,1
0.326,0.74,0.5146153846153854,1.0,0.4166666666666667,0,1
0.326,0.74,0.5239230769230776,1.0,0.4166666666666667,0,1
0.326,0.74,0.53323076923077,1.0,0.4166666666666667,0,1
0.326,0.74,0.5425384615384623,1.0,0.4166666666666667,0,1
0.326,0.74,0.5518461538461547,1.0,0.4166666666666667,0,1
0.326,0.74,0.5611538461538469,1.0,0.4166666666666667,0,1
0.326,0.74,0.5704615384615392,1.0,0.4166666666666667,0,1
0.326,0.74,0.5797692307692316,1.0,0.4166666666666667,0,1
0.326,0.74,0.5890769230769239,1.0,0.4166666666666667,0,1
0.326,0.74,0.5983846153846163,1.0,0.4166666666666667,0,1
0.326,0.74,0.6076923076923085,1.0,0.4166666666666667,0,1
0.326,0.74,0.6170000000000009,1.0,0.4166666666666667,0,1
0.326,0.74,0.6263076923076932,1.0,0.4166666666666667,0,1
0.326,0.74,0.6356153846153856,1.0,0.4166666666666667,0,1
0.326,0.74,0.6449230769230778,1.0,0.4166666666666667,0,1
0.326,0.74,0.6542307692307702,1.0,0.4166666666666667,0,1
0.326,0.74,0.6635384615384625,1.0,0.4166666666666667,0,1
0.34,0.74,0.6728461538461549,1.0,0.4166666666666667,0,2
0.354,0.74,0.6821538461538472,1.0,0.4166666666666667,0,2
0.368,0.74,0.6914615384615395,1.0,0.4166666666666667,0,2
0.382,0.74,0.7007692307692318,0.5,0.4166666666666667,0,2
0.396,0.74,0.7100769230769242,0.5,0.4166666666666667,0,2
0.41,0.74,0.7209230769230774,0.5,0.8333333333333334,0,2
0.424,0.74,0.7379230769230775,0.5,0.8333333333333334,0,2
0.438,0.74,0.7549230769230775,0.5,0.8333333333333334,0,2
0.452,0.74,0.7719230769230775,0.5,0.8333333333333334,0,2
0.452,0.74,0.7889230769230774,0.5,0.8333333333333334,0,1
0.452,0.74,0.8059230769230773,0.5,0.8333333333333334,0,1
0.452,0.74,0.8229230769230772,0.5,0.8333333333333334,0,1
0.452,0.74,0.8399230769230772,0.5,0.8333333333333334,0,1
0.452,0.74,0.8569230769230771,0.5,0.8333333333333334,0,1
0.452,0.74,0.873923076923077,0.5,0.8333333333333334,0,1
0.452,0.74,0.8909230769230769,0.5,0.8333333333333334,0,1
0.452,0.74,0.9079230769230768,0.5,0.8333333333333334,0,1
0.452,0.74,0.9249230769230768,0.5,0.8333333333333334,0,1
0.452,0.74,0.8403846153846163,0.5,0.4166666666666667,0,1
0.452,0.74,0.8496923076923085,0.5,0.4166666666666667,0,1
0.452,0.74,0.8590000000000008,0.5,0.4166666666666667,0,1
0.452,0.74,0.868307692307693,0.5,0.4166666666666667,0,1
0.452,0.74,0.8776153846153852,0.5,0.4166666666666667,0,1
0.466,0.74,0.8869230769230775,0.5,0.4166666666666667,0,2
0.48,0.74,0.8962307692307697,0.5,0.4166666666666667,0,2
0.494,0.74,0.905538461538462,0.5,0.4166666666666667,0,2
0.508,0.74,0.9148461538461542,0.5,0.4166666666666667,0,2
0.522,0.74,0.9241538461538464,0.5,0.4166666666666667,0,2
0.536,0.74,0.9334615384615387,0.5,0.4166666666666667,0,2
0.55,0.26,0.46238461538461617,-0.5,0.5,0,2
0.55,0.26,0.47323076923077007,-0.5,0.5,0,1
0.55,0.26,0.4840769230769239,-0.5,0.5,0,1
0.55,0.26,0.4949230769230778,-0.5,0.5,0,1
0.55,0.26,0.5057692307692316,-0.5,0.5,0,1
0.55,0.26,0.5166153846153855,-0.5,0.5,0,1
0.55,0.26,0.5274615384615394,-0.5,0.5,0,1
0.55,0.26,0.5383076923076933,-0.5,0.5,0,1
0.564,0.26,0.5491538461538471,-0.5,0.5,0,2
0.578,0.26,0.5600000000000009,-0.5,0.5,0,2
0.592,0.26,0.5708461538461548,-0.5,0.5,0,2
0.606,0.26,0.5816923076923087,-0.5,0.5,0,2
0.62,0.26,0.5925384615384626,-1.0,0.5,0,2
0.634,0.26,0.6033846153846164,-1.0,0.5,0,2
0.634,0.26,0.6142307692307702,-1.0,0.5,0,1
0.634,0.26,0.6250769230769242,-1.0,0.5,0,1
0.634,0.26,0.635923076923078,-1.0,0.5,0,1
0.634,0.26,0.6467692307692319,-1.0,0.5,0,1
0.634,0.26,0.6576153846153857,-1.0,0.5,0,1
0.634,0.26,0.6684615384615396,-1.0,0.5,0,1
0.634,0.26,0.6793076923076935,-1.0,0.5,0,1
0.634,0.26,0.6901538461538473,-1.0,0.5,0,1
0.634,0.26,0.7010000000000012,-1.0,0.5,0,1
0.634,0.26,0.711846153846155,-1.0,0.5,0,1
0.634,0.26,0.722692307692309,-1.0,0.5,0,1
0.634,0.26,0.7335384615384628,-1.0,0.5,0,1
0.634,0.26,0.7443846153846166,-1.0,0.5,0,1
0.634,0.26,0.7552307692307705,-1.0,0.5,0,1
0.634,0.26,0.7660769230769243,-1.0,0.5,0,1
0.634,0.26,0.7769230769230783,-1.0,0.5,0,1
0.634,0.26,0.7877692307692321,-1.0,0.5,0,1
0.634,0.26,0.7986153846153858,-1.0,0.5,0,1
0.634,0.26,0.8094615384615397,-1.0,0.5,0,1
0.634,0.26,0.8203076923076934,-1.0,0.5,0,1
0.634,0.26,0.8311538461538472,-1.0,0.5,0,1
0.634,0.26,0.842000000000001,-1.0,0.5,0,1
0.634,0.26,0.8528461538461548,-1.0,0.5,0,1
0.634,0.26,0.8636923076923085,-1.0,0.5,0,1
0.634,0.26,0.8745384615384623,-1.0,0.5,0,1
0.634,0.26,0.8853846153846161,-1.0,0.5,0,1
0.634,0.26,0.8962307692307698,-1.0,0.5,0,1
0.634,0.26,0.9070769230769237,-1.0,0.5,0,1
0.634,0.26,0.9179230769230774,-1.0,0.5,0,1
0.634,0.26,0.9287692307692312,-1.0,0.5,0,1
0.634,0.26,0.939615384615385,-1.0,0.5,0,1
0.634,0.26,0.269846153846154,-1.0,0.5833333333333334,1,1
0.634,0.26,0.28223076923076945,-1.0,0.5833333333333334,1,1
0.634,0.26,0.29461538461538483,-1.0,0.5833333333333334,1,1
0.634,0.26,0.3070000000000002,-1.0,0.5833333333333334,1,1
0.634,0.26,0.31938461538461566,-1.0,0.5833333333333334,1,1
0.634,0.26,0.33176923076923104,-1.0,0.5833333333333334,1,1
0.634,0.26,0.3441538461538464,-1.0,0.5833333333333334,1,1
0.634,0.26,0.35653846153846186,-1.0,0.5833333333333334,1,1
0.648,0.26,0.36892307692307724,-1.0,0.5833333333333334,1,2
0.662,0.26,0.3813076923076926,-1.0,0.5833333333333334,1,2
0.676,0.26,0.39369230769230806,-1.0,0.5833333333333334,1,2
0.69,0.26,0.4060769230769234,-1.0,0.5833333333333334,1,2
0.704,0.26,0.41846153846153883,-1.0,0.5833333333333334,1,2
0.718,0.26,0.4308461538461542,-1.0,0.5833333333333334,1,2
0.732,0.26,0.4432307692307696,-1.0,0.5833333333333334,1,2
0.746,0.26,0.45561538461538503,-1.0,0.5833333333333334,1,2
0.76,0.26,0.4680000000000004,-1.0,0.5833333333333334,1,2
0.76,0.26,0.4803846153846158,-1.0,0.5833333333333334,1,1
0.76,0.26,0.49276923076923124,-1.0,0.5833333333333334,1,1
0.76,0.26,0.5051538461538466,-1.0,0.5833333333333334,1,1
0.76,0.26,0.5175384615384621,-1.0,0.5833333333333334,1,1
0.76,0.26,0.5299230769230774,-1.0,0.5833333333333334,1,1
0.76,0.26,0.5423076923076928,-1.0,0.5833333333333334,1,1
0.76,0.26,0.5546923076923083,-1.0,0.5833333333333334,1,1
0.76,0.26,0.5670769230769236,-1.0,0.5833333333333334,1,1
0.76,0.26,0.579461538461539,-1.0,0.5833333333333334,1,1
0.76,0.26,0.5918461538461545,-1.0,0.5833333333333334,1,1
0.76,0.26,0.6042307692307698,-1.0,0.5833333333333334,1,1
0.76,0.26,0.6166153846153852,-1.0,0.5833333333333334,1,1
0.76,0.26,0.6290000000000007,-1.0,0.5833333333333334,1,1
0.76,0.26,0.641384615384616,-1.0,0.5833333333333334,1,1
0.76,0.26,0.6537692307692314,-1.0,0.5833333333333334,1,1
0.76,0.26,0.6661538461538469,-1.0,0.5833333333333334,1,1
0.76,0.26,0.6785384615384622,-1.0,0.5833333333333334,1,1
0.76,0.26,0.6909230769230776,-1.0,0.5833333333333334,1,1
0.76,0.26,0.7033076923076931,-1.0,0.5833333333333334,1,1
0.76,0.26,0.7156923076923085,-1.0,0.5833333333333334,1,1
0.76,0.26,0.7280769230769238,-1.0,0.5833333333333334,1,1
0.76,0.26,0.7404615384615393,-1.0,0.5833333333333334,1,1
0.76,0.26,0.7528461538461547,-1.0,0.5833333333333334,1,1
0.76,0.26,0.76523076923077,-1.0,0.5833333333333334,1,1
0.76,0.26,0.7776153846153855,-1.0,0.5833333333333334,1,1
0.76,0.26,0.7900000000000009,-1.0,0.5833333333333334,1,1
0.76,0.26,0.8023846153846161,-1.0,0.5833333333333334,1,1
0.76,0.26,0.8147692307692315,-1.0,0.5833333333333334,1,1
0.76,0.26,0.8271538461538468,-1.0,0.5833333333333334,1,1
0.76,0.26,0.8395384615384621,-1.0,0.5833333333333334,1,1
0.76,0.26,0.8519230769230774,-1.0,0.5833333333333334,1,1
0.76,0.26,0.8643076923076928,-1.0,0.5833333333333334,1,1
0.76,0.26,0.8766923076923081,-1.0,0.5833333333333334,1,1
0.76,0.26,0.8890769230769234,-1.0,0.5833333333333334,1,1
0.76,0.26,0.9014615384615388,-1.0,0.5833333333333334,1,1
0.76,0.26,0.913846153846154,-1.0,0.5833333333333334,1,1
0.76,0.26,0.9262307692307693,-1.0,0.5833333333333334,1,1
0.76,0.26,0.9386153846153846,-1.0,0.5833333333333334,1,1
0.76,0.5,0.7220769230769238,-0.5,0.5,1,1
0.76,0.5,0.7329230769230777,-0.5,0.5,1,1
0.76,0.5,0.7437692307692315,-0.5,0.5,1,1
0.76,0.5,0.7546153846153854,-0.5,0.5,1,1
0.76,0.5,0.7654615384615393,-0.5,0.5,1,1
0.76,0.5,0.7763076923076931,-0.5,0.5,1,1
0.76,0.5,0.787153846153847,-0.5,0.5,1,1
0.76,0.5,0.7980000000000008,-0.5,0.5,1,1
0.76,0.5,0.8088461538461545,-0.5,0.5,1,1
0.76,0.5,0.8196923076923083,-0.5,0.5,1,1
0.76,0.5,0.8305384615384621,-0.5,0.5,1,1
0.76,0.5,0.8413846153846158,-0.5,0.5,1,1
0.76,0.5,0.8522307692307697,-0.5,0.5,1,1
0.746,0.5,0.8630769230769234,-0.5,0.5,1,0
0.732,0.5,0.8739230769230772,-0.5,0.5,1,0
0.718,0.5,0.884769230769231,-0.5,0.5,1,0
0.704,0.5,0.8956153846153847,-0.5,0.5,1,0
0.69,0.5,0.9064615384615385,-0.5,0.5,1,0
0.676,0.5,0.9173076923076923,-0.5,0.5,1,0
0.662,0.5,0.9281538461538461,-0.5,0.5,1,0
0.648,0.5,0.9389999999999998,-0.5,0.5,1,0
0.634,0.74,0.4265384615384621,0.0,0.6666666666666666,1,0
0.62,0.74,0.440461538461539,0.0,0.6666666666666666,1,0
0.606,0.74,0.45438461538461594,0.5,0.6666666666666666,1,0
0.592,0.74,0.46830769230769287,0.5,0.6666666666666666,1,0
0.578,0.74,0.48223076923076985,0.5,0.6666666666666666,1,0
0.564,0.74,0.4961538461538468,0.5,0.6666666666666666,1,0
0.55,0.74,0.5100769230769238,0.5,0.6666666666666666,1,0
0.55,0.74,0.5240000000000007,0.5,0.6666666666666666,1,1
0.55,0.74,0.5379230769230776,0.5,0.6666666666666666,1,1
0.55,0.74,0.5518461538461545,0.5,0.6666666666666666,1,1
0.55,0.74,0.5657692307692315,0.5,0.6666666666666666,1,1
0.55,0.74,0.5796923076923084,0.5,0.6666666666666666,1,1
0.55,0.74,0.5941538461538468,0.5,0.6666666666666666,1,1
0.55,0.74,0.6086153846153852,0.5,0.6666666666666666,1,1
0.55,0.74,0.6230769230769236,0.5,0.6666666666666666,1,1
0.55,0.74,0.6375384615384622,0.5,0.6666666666666666,1,1
0.55,0.74,0.6520000000000006,0.5,0.6666666666666666,1,1
0.55,0.74,0.666461538461539,0.5,0.6666666666666666,1,1
0.55,0.74,0.6809230769230774,0.5,0.6666666666666666,1,1
0.55,0.74,0.6953846153846158,0.5,0.6666666666666666,1,1
0.55,0.74,0.7098461538461542,0.5,0.6666666666666666,1,1
0.55,0.74,0.7243076923076927,0.5,0.6666666666666666,1,1
0.536,0.74,0.7387692307692311,0.5,0.6666666666666666,1,0
0.522,0.74,0.7532307692307695,0.5,0.6666666666666666,1,0
0.508,0.74,0.767692307692308,0.5,0.6666666666666666,1,0
0.494,0.74,0.7821538461538464,0.5,0.6666666666666666,1,0
0.48,0.74,0.796615384615385,0.5,0.6666666666666666,1,0
0.466,0.74,0.8110769230769234,0.5,0.6666666666666666,1,0
0.452,0.74,0.8255384615384618,0.5,0.6666666666666666,1,0
0.452,0.74,0.8400000000000002,0.5,0.6666666666666666,1,1
0.452,0.74,0.8544615384615386,0.5,0.6666666666666666,1,1
0.452,0.74,0.868923076923077,0.5,0.6666666666666666,1,1
0.452,0.74,0.8833846153846154,0.5,0.6666666666666666,1,1
0.452,0.74,0.8978461538461538,0.5,0.6666666666666666,1,1
0.452,0.74,0.9123076923076923,0.5,0.6666666666666666,1,1
0.452,0.74,0.9267692307692308,0.5,0.6666666666666666,1,1
0.452,0.26,0.5740769230769227,-0.5,0.75,0,1
0.452,0.26,0.5900769230769226,-0.5,0.75,0,1
0.452,0.26,0.6060769230769226,-0.5,0.75,0,1
0.466,0.26,0.6220769230769226,-0.5,0.75,0,2
0.48,0.26,0.6380769230769225,-0.5,0.75,0,2
0.494,0.26,0.6540769230769226,-0.5,0.75,0,2
0.508,0.26,0.6700769230769225,-0.5,0.75,0,2
0.522,0.26,0.6860769230769225,-0.5,0.75,0,2
0.536,0.26,0.7020769230769224,-0.5,0.75,0,2
0.55,0.26,0.7180769230769224,-0.5,0.75,0,2
0.564,0.26,0.7340769230769223,-0.5,0.75,0,2
0.578,0.26,0.7500769230769223,-0.5,0.75,0,2
0.592,0.26,0.7660769230769223,-0.5,0.75,0,2
0.606,0.26,0.7820769230769222,-0.5,0.75,0,2
0.62,0.26,0.7980769230769222,-1.0,0.75,0,2
0.634,0.26,0.8140769230769221,-1.0,0.75,0,2
0.648,0.26,0.8300769230769222,-1.0,0.75,0,2
0.648,0.26,0.8460769230769221,-1.0,0.75,0,1
0.648,0.26,0.8620769230769221,-1.0,0.75,0,1
0.648,0.26,0.878076923076922,-1.0,0.75,0,1
0.648,0.26,0.894076923076922,-1.0,0.75,0,1
0.648,0.26,0.910076923076922,-1.0,0.75,0,1
0.648,0.26,0.9260769230769219,-1.0,0.75,0,1
0.648,0.26,0.44338461538461543,-1.0,0.5833333333333334,1,1
0.648,0.26,0.45630769230769236,-1.0,0.5833333333333334,1,1
0.648,0.26,0.46923076923076923,-1.0,0.5833333333333334,1,1
0.648,0.26,0.4821538461538461,-1.0,0.5833333333333334,1,1
0.648,0.26,0.495076923076923,-1.0,0.5833333333333334,1,1
0.648,0.26,0.5079999999999999,-1.0,0.5833333333333334,1,1
0.648,0.26,0.5209230769230768,-1.0,0.5833333333333334,1,1
0.634,0.26,0.5338461538461536,-1.0,0.5833333333333334,1,0
0.62,0.26,0.5467692307692306,-1.0,0.5833333333333334,1,0
0.606,0.26,0.5596923076923075,-0.5,0.5833333333333334,1,0
0.592,0.26,0.5726153846153843,-0.5,0.5833333333333334,1,0
0.578,0.26,0.5855384615384612,-0.5,0.5833333333333334,1,0
0.564,0.26,0.5984615384615382,-0.5,0.5833333333333334,1,0
0.55,0.26,0.611384615384615,-0.5,0.5833333333333334,1,0
0.55,0.26,0.6243076923076919,-0.5,0.5833333333333334,1,1
0.55,0.26,0.6372307692307688,-0.5,0.5833333333333334,1,1
0.55,0.26,0.6501538461538456,-0.5,0.5833333333333334,1,1
0.55,0.26,0.6630769230769226,-0.5,0.5833333333333334,1,1
0.55,0.26,0.6759999999999995,-0.5,0.5833333333333334,1,1
0.55,0.26,0.6889230769230763,-0.5,0.5833333333333334,1,1
0.55,0.26,0.7018461538461532,-0.5,0.5833333333333334,1,1
0.55,0.26,0.7147692307692302,-0.5,0.5833333333333334,1,1
0.55,0.26,0.727692307692307,-0.5,0.5833333333333334,1,1
0.55,0.26,0.7406153846153839,-0.5,0.5833333333333334,1,1
0.564,0.26,0.7535384615384608,-0.5,0.5833333333333334,1,2
0.578,0.26,0.7664615384615376,-0.5,0.5833333333333334,1,2
0.592,0.26,0.7793846153846146,-0.5,0.5833333333333334,1,2
0.606,0.26,0.7923076923076914,-0.5,0.5833333333333334,1,2
0.62,0.26,0.8052307692307683,-1.0,0.5833333333333334,1,2
0.634,0.26,0.8181538461538452,-1.0,0.5833333333333334,1,2
0.648,0.26,0.831076923076922,-1.0,0.5833333333333334,1,2
0.648,0.26,0.843999999999999,-1.0,0.5833333333333334,1,1
0.648,0.26,0.8569230769230759,-1.0,0.5833333333333334,1,1
0.648,0.26,0.8698461538461527,-1.0,0.5833333333333334,1,1
0.648,0.26,0.8827692307692296,-1.0,0.5833333333333334,1,1
0.648,0.26,0.8956923076923066,-1.0,0.5833333333333334,1,1
0.648,0.26,0.9086153846153834,-1.0,0.5833333333333334,1,1
0.648,0.26,0.9215384615384603,-1.0,0.5833333333333334,1,1
0.648,0.26,0.9344615384615372,-1.0,0.5833333333333334,1,1
0.662,0.5,0.3575384615384617,-0.5,0.8333333333333334,0,2
0.676,0.5,0.37507692307692325,-0.5,0.8333333333333334,0,2
0.69,0.5,0.39261538461538475,-0.5,0.8333333333333334,0,2
0.704,0.5,0.41015384615384626,-0.5,0.8333333333333334,0,2
0.718,0.5,0.42769230769230776,-0.5,0.8333333333333334,0,2
0.732,0.5,0.44523076923076926,-0.5,0.8333333333333334,0,2
0.746,0.5,0.46276923076923077,-0.5,0.8333333333333334,0,2
0.76,0.5,0.48030769230769227,-0.5,0.8333333333333334,0,2
0.774,0.5,0.49784615384615377,-0.5,0.8333333333333334,0,2
0.774,0.5,0.5153846153846153,-0.5,0.8333333333333334,0,1
0.774,0.5,0.5329230769230768,-0.5,0.8333333333333334,0,1
0.774,0.5,0.5504615384615383,-0.5,0.8333333333333334,0,1
0.774,0.5,0.5679999999999998,-0.5,0.8333333333333334,0,1
0.774,0.5,0.5855384615384613,-0.5,0.8333333333333334,0,1
0.774,0.5,0.6030769230769228,-0.5,0.8333333333333334,0,1
0.774,0.5,0.6206153846153843,-0.5,0.8333333333333334,0,1
0.774,0.5,0.6381538461538458,-0.5,0.8333333333333334,0,1
0.774,0.5,0.6556923076923074,-0.5,0.8333333333333334,0,1
0.774,0.5,0.6732307692307689,-0.5,0.8333333333333334,0,1
0.774,0.5,0.6907692307692304,-0.5,0.8333333333333334,0,1
0.774,0.5,0.7083076923076919,-0.5,0.8333333333333334,0,1
0.774,0.5,0.7258461538461534,-0.5,0.8333333333333334,0,1
0.774,0.5,0.7433846153846149,-0.5,0.8333333333333334,0,1
0.774,0.5,0.7609230769230764,-0.5,0.8333333333333334,0,1
0.774,0.5,0.7784615384615379,-0.5,0.8333333333333334,0,1
0.774,0.5,0.7959999999999995,-0.5,0.8333333333333334,0,1
0.774,0.5,0.813538461538461,-0.5,0.8333333333333334,0,1
0.774,0.5,0.8310769230769225,-0.5,0.8333333333333334,0,1
0.774,0.5,0.848615384615384,-0.5,0.8333333333333334,0,1
0.774,0.5,0.8661538461538455,-0.5,0.8333333333333334,0,1
0.774,0.5,0.883692307692307,-0.5,0.8333333333333334,0,1
0.774,0.5,0.9012307692307685,-0.5,0.8333333333333334,0,1
0.774,0.5,0.91876923076923,-0.5,0.8333333333333334,0,1
0.774,0.5,0.9363076923076915,-0.5,0.8333333333333334,0,1
0.774,0.5,0.7473846153846143,-0.5,0.75,1,1
0.774,0.5,0.7633846153846143,-0.5,0.75,1,1
0.774,0.5,0.7793846153846142,-0.5,0.75,1,1
0.774,0.5,0.7953846153846144,-0.5,0.75,1,1
0.774,0.5,0.8113846153846143,-0.5,0.75,1,1
0.774,0.5,0.8273846153846143,-0.5,0.75,1,1
0.774,0.5,0.8433846153846142,-0.5,0.75,1,1
0.774,0.5,0.8593846153846142,-0.5,0.75,1,1
0.774,0.5,0.8753846153846142,-0.5,0.75,1,1
0.774,0.5,0.8913846153846141,-0.5,0.75,1,1
0.774,0.5,0.9073846153846141,-0.5,0.75,1,1
0.774,0.5,0.923384615384614,-0.5,0.75,1,1
0.774,0.5,0.939384615384614,-0.5,0.75,1,1
0.76,0.74,0.11723076923076939,0.0,0.5,0,0
0.746,0.74,0.12861538461538477,0.0,0.5,0,0
0.732,0.74,0.14000000000000018,0.0,0.5,0,0
0.718,0.74,0.15138461538461556,0.0,0.5,0,0
0.704,0.74,0.16276923076923097,0.0,0.5,0,0
0.69,0.74,0.17415384615384635,0.0,0.5,0,0
0.676,0.74,0.18553846153846174,0.0,0.5,0,0
0.662,0.74,0.19692307692307714,0.0,0.5,0,0
0.648,0.74,0.20830769230769253,0.0,0.5,0,0
0.634,0.74,0.21969230769230794,0.0,0.5,0,0
0.62,0.74,0.23107692307692332,0.0,0.5,0,0
0.606,0.74,0.24246153846153873,0.5,0.5,0,0
0.592,0.74,0.2538461538461541,0.5,0.5,0,0
0.578,0.74,0.2652307692307695,0.5,0.5,0,0
0.564,0.74,0.2766153846153849,0.5,0.5,0,0
0.55,0.74,0.2880000000000003,0.5,0.5,0,0
0.536,0.74,0.2993846153846157,0.5,0.5,0,0
0.522,0.74,0.3107692307692311,0.5,0.5,0,0
0.508,0.74,0.32215384615384646,0.5,0.5,0,0
0.494,0.74,0.33353846153846184,0.5,0.5,0,0
0.48,0.74,0.3449230769230773,0.5,0.5,0,0
0.466,0.74,0.35630769230769266,0.5,0.5,0,0
0.452,0.74,0.36769230769230804,0.5,0.5,0,0
0.452,0.74,0.3790769230769234,0.5,0.5,0,1
0.452,0.74,0.3904615384615388,0.5,0.5,0,1
0.452,0.74,0.4018461538461542,0.5,0.5,0,1
0.452,0.74,0.4132307692307695,0.5,0.5,0,1
0.452,0.74,0.4246153846153849,0.5,0.5,0,1
0.452,0.74,0.4360000000000002,0.5,0.5,0,1
0.452,0.74,0.4473846153846156,0.5,0.5,0,1
0.452,0.74,0.45876923076923093,0.5,0.5,0,1
0.452,0.74,0.47015384615384626,0.5,0.5,0,1
0.452,0.74,0.48153846153846164,0.5,0.5,0,1
0.452,0.74,0.49292307692307696,0.5,0.5,0,1
0.452,0.74,0.5043076923076923,0.5,0.5,0,1
0.452,0.74,0.5156923076923077,0.5,0.5,0,1
0.452,0.74,0.527076923076923,0.5,0.5,0,1
0.452,0.74,0.5384615384615383,0.5,0.5,0,1
0.452,0.74,0.5498461538461538,0.5,0.5,0,1
0.452,0.74,0.5612307692307691,0.5,0.5,0,1
0.452,0.74,0.5726153846153844,0.5,0.5,0,1
0.452,0.74,0.5839999999999997,0.5,0.5,0,1
0.452,0.74,0.5953846153846151,0.5,0.5,0,1
0.452,0.74,0.6067692307692305,0.5,0.5,0,1
0.452,0.74,0.6181538461538458,0.5,0.5,0,1
0.452,0.74,0.6295384615384612,0.5,0.5,0,1
0.452,0.74,0.6409230769230765,0.5,0.5,0,1
0.452,0.74,0.6523076923076919,0.5,0.5,0,1
0.452,0.74,0.6636923076923072,0.5,0.5,0,1
0.452,0.74,0.6750769230769226,0.5,0.5,0,1
0.452,0.74,0.6864615384615379,0.5,0.5,0,1
0.452,0.74,0.6978461538461532,0.5,0.5,0,1
0.452,0.74,0.7092307692307687,0.5,0.5,0,1
0.452,0.74,0.720615384615384,0.5,0.5,0,1
0.452,0.74,0.7319999999999993,0.5,0.5,0,1
0.452,0.74,0.7433846153846146,0.5,0.5,0,1
0.466,0.74,0.75476923076923,0.5,0.5,0,2
0.48,0.74,0.7661538461538454,0.5,0.5,0,2
0.494,0.74,0.7775384615384607,0.5,0.5,0,2
0.508,0.74,0.7889230769230762,0.5,0.5,0,2
0.522,0.74,0.8003076923076915,0.5,0.5,0,2
0.536,0.74,0.8116923076923068,0.5,0.5,0,2
0.55,0.74,0.8230769230769222,0.5,0.5,0,2
0.564,0.74,0.8344615384615376,0.5,0.5,0,2
0.564,0.74,0.8458461538461529,0.5,0.5,0,1
0.564,0.74,0.8572307692307682,0.5,0.5,0,1
0.564,0.74,0.8686153846153836,0.5,0.5,0,1
0.564,0.74,0.879999999999999,0.5,0.5,0,1
0.564,0.74,0.8913846153846143,0.5,0.5,0,1
0.564,0.74,0.9027692307692297,0.5,0.5,0,1
0.564,0.74,0.914153846153845,0.5,0.5,0,1
0.564,0.74,0.9255384615384603,0.5,0.5,0,1
0.564,0.74,0.9369230769230757,0.5,0.5,0,1
0.564,0.26,0.8806153846153839,-0.5,0.8333333333333334,1,1
0.564,0.26,0.8981538461538454,-0.5,0.8333333333333334,1,1
0.564,0.26,0.9156923076923069,-0.5,0.8333333333333334,1,1
0.564,0.26,0.9332307692307684,-0.5,0.8333333333333334,1,1
0.564,0.74,0.8587692307692298,0.5,0.8333333333333334,0,1
0.564,0.74,0.8763076923076913,0.5,0.8333333333333334,0,1
0.564,0.74,0.8938461538461528,0.5,0.8333333333333334,0,1
0.564,0.74,0.9113846153846143,0.5,0.8333333333333334,0,1
0.564,0.74,0.9289230769230759,0.5,0.8333333333333334,0,1
0.55,0.74,1.0507692307692291,0.5,0.5,0,0
0.536,0.26,-0.3076923076923077,-0.5,0.8333333333333334,1,0
0.522,0.26,-0.29015384615384615,-0.5,0.8333333333333334,1,0
0.508,0.26,-0.2726153846153846,-0.5,0.8333333333333334,1,0
0.494,0.26,-0.25507692307692303,-0.5,0.8333333333333334,1,0
0.494,0.26,-0.2375384615384615,-0.5,0.8333333333333334,1,1
0.494,0.26,-0.21999999999999995,-0.5,0.8333333333333334,1,1
0.494,0.26,-0.20192307692307687,-0.5,0.8333333333333334,1,1
0.494,0.26,-0.1838461538461538,-0.5,0.8333333333333334,1,1
0.494,0.26,-0.16576923076923072,-0.5,0.8333333333333334,1,1
0.494,0.26,-0.14769230769230765,-0.5,0.8333333333333334,1,1
0.494,0.26,-0.12961538461538458,-0.5,0.8333333333333334,1,1
0.494,0.26,-0.11153846153846149,-0.5,0.8333333333333334,1,1
0.494,0.26,-0.09346153846153842,-0.5,0.8333333333333334,1,1
0.494,0.26,-0.07538461538461534,-0.5,0.8333333333333334,1,1
0.494,0.26,-0.05730769230769226,-0.5,0.8333333333333334,1,1
0.494,0.26,-0.03923076923076919,-0.5,0.8333333333333334,1,1
0.494,0.26,-0.02115384615384611,-0.5,0.8333333333333334,1,1
0.494,0.26,-0.003076923076923033,-0.5,0.8333333333333334,1,1
0.494,0.26,0.015000000000000045,-0.5,0.8333333333333334,1,1
0.494,0.26,0.03307692307692312,-0.5,0.8333333333333334,1,1
0.494,0.26,0.051153846153846196,-0.5,0.8333333333333334,1,1
0.494,0.26,0.06923076923076928,-0.5,0.8333333333333334,1,1
0.494,0.26,0.08730769230769235,-0.5,0.8333333333333334,1,1
0.494,0.26,0.10538461538461542,-0.5,0.8333333333333334,1,1
0.494,0.26,0.12346153846153851,-0.5,0.8333333333333334,1,1
0.508,0.26,0.14153846153846159,-0.5,0.8333333333333334,1,2
0.522,0.26,0.15961538461538466,-0.5,0.8333333333333334,1,2
0.536,0.26,0.17769230769230773,-0.5,0.8333333333333334,1,2
0.55,0.26,0.1957692307692308,-0.5,0.8333333333333334,1,2
0.564,0.26,0.21384615384615388,-0.5,0.8333333333333334,1,2
0.578,0.26,0.23192307692307695,-0.5,0.8333333333333334,1,2
0.592,0.26,0.25000000000000006,-0.5,0.8333333333333334,1,2
0.606,0.26,0.2680769230769231,-0.5,0.8333333333333334,1,2
0.62,0.26,0.2861538461538462,-1.0,0.8333333333333334,1,2
0.634,0.26,0.30423076923076925,-1.0,0.8333333333333334,1,2
0.648,0.26,0.32230769230769235,-1.0,0.8333333333333334,1,2
0.662,0.26,0.34038461538461545,-1.0,0.8333333333333334,1,2
0.676,0.26,0.3584615384615385,-1.0,0.8333333333333334,1,2
0.69,0.26,0.3765384615384616,-1.0,0.8333333333333334,1,2
0.704,0.26,0.3946153846153846,-1.0,0.8333333333333334,1,2
0.704,0.26,0.4126923076923077,-1.0,0.8333333333333334,1,1
0.704,0.26,0.4307692307692308,-1.0,0.8333333333333334,1,1
0.704,0.26,0.44884615384615384,-1.0,0.8333333333333334,1,1
0.704,0.26,0.46692307692307694,-1.0,0.8333333333333334,1,1
0.704,0.26,0.485,-1.0,0.8333333333333334,1,1
0.704,0.26,0.5030769230769231,-1.0,0.8333333333333334,1,1
0.704,0.26,0.5211538461538462,-1.0,0.8333333333333334,1,1
0.704,0.26,0.5392307692307692,-1.0,0.8333333333333334,1,1
0.718,0.26,0.5573076923076923,-1.0,0.8333333333333334,1,2
0.732,0.26,0.5753846153846154,-1.0,0.8333333333333334,1,2
0.746,0.26,0.5934615384615385,-1.0,0.8333333333333334,1,2
0.76,0.26,0.6115384615384616,-1.0,0.8333333333333334,1,2
0.774,0.26,0.6296153846153846,-1.0,0.8333333333333334,1,2
0.788,0.26,0.6476923076923077,-1.0,0.8333333333333334,1,2
0.802,0.26,0.6657692307692308,-1.0,0.8333333333333334,1,2
0.802,0.26,0.6838461538461539,-1.0,0.8333333333333334,1,2
0.802,0.26,0.7019230769230769,-1.0,0.8333333333333334,1,2
0.802,0.26,0.72,-1.0,0.8333333333333334,1,2
0.802,0.26,0.7380769230769231,-1.0,0.8333333333333334,1,1
0.802,0.26,0.7561538461538462,-1.0,0.8333333333333334,1,1
0.802,0.26,0.7742307692307693,-1.0,0.8333333333333334,1,1
0.802,0.26,0.7923076923076923,-1.0,0.8333333333333334,1,1
0.802,0.26,0.8103846153846154,-1.0,0.8333333333333334,1,1
0.802,0.26,0.8284615384615385,-1.0,0.8333333333333334,1,1
0.802,0.26,0.8465384615384616,-1.0,0.8333333333333334,1,1
0.802,0.26,0.8646153846153846,-1.0,0.8333333333333334,1,1
0.802,0.26,0.8826923076923077,-1.0,0.8333333333333334,1,1
0.802,0.26,0.9007692307692308,-1.0,0.8333333333333334,1,1
0.802,0.26,0.9188461538461539,-1.0,0.8333333333333334,1,1
0.802,0.26,0.936923076923077,-1.0,0.8333333333333334,1,1
0.802,0.5,0.6523076923076923,-0.5,0.75,0,1
0.802,0.5,0.6688461538461539,-0.5,0.75,0,1
0.802,0.5,0.6853846153846154,-0.5,0.75,0,1
0.802,0.5,0.7019230769230769,-0.5,0.75,0,1
0.802,0.5,0.7184615384615385,-0.5,0.75,0,1
0.802,0.5,0.735,-0.5,0.75,0,1
0.802,0.5,0.7515384615384615,-0.5,0.75,0,1
0.802,0.5,0.7680769230769231,-0.5,0.75,0,1
0.802,0.5,0.7846153846153846,-0.5,0.75,0,1
0.802,0.5,0.8011538461538461,-0.5,0.75,0,1
0.802,0.5,0.8176923076923077,-0.5,0.75,0,1
0.802,0.5,0.8342307692307692,-0.5,0.75,0,1
0.802,0.5,0.8507692307692307,-0.5,0.75,0,1
0.802,0.5,0.8673076923076923,-0.5,0.75,0,1
0.802,0.5,0.8838461538461538,-0.5,0.75,0,1
0.802,0.5,0.9003846153846153,-0.5,0.75,0,1
0.788,0.5,0.916923076923077,-0.5,0.75,0,0
0.774,0.5,0.9334615384615385,-0.5,0.75,0,0
0.76,0.5,0.9397692307692306,-0.5,0.75,1,0
0.746,0.5,-0.21884615384615386,-0.5,0.6666666666666666,0,0
0.732,0.5,-0.20384615384615384,-0.5,0.6666666666666666,0,0
0.718,0.5,-0.18884615384615386,-0.5,0.6666666666666666,0,0
0.704,0.5,-0.17384615384615384,-0.5,0.6666666666666666,0,0
0.704,0.5,-0.15884615384615386,-0.5,0.6666666666666666,0,1
0.704,0.5,-0.14384615384615385,-0.5,0.6666666666666666,0,1
0.704,0.5,-0.12884615384615383,-0.5,0.6666666666666666,0,1
0.704,0.5,-0.11384615384615385,-0.5,0.6666666666666666,0,1
0.704,0.5,-0.09884615384615385,-0.5,0.6666666666666666,0,1
0.704,0.5,-0.08384615384615385,-0.5,0.6666666666666666,0,1
0.704,0.5,-0.06884615384615385,-0.5,0.6666666666666666,0,1
0.704,0.5,-0.05384615384615385,-0.5,0.6666666666666666,0,1
0.704,0.5,-0.03884615384615384,-0.5,0.6666666666666666,0,1
0.69,0.5,-0.023846153846153847,-0.5,0.6666666666666666,0,0
0.676,0.5,-0.008846153846153846,-0.5,0.6666666666666666,0,0
0.662,0.5,0.006153846153846154,-0.5,0.6666666666666666,0,0
0.648,0.5,0.021153846153846155,-0.5,0.6666666666666666,0,0
0.634,0.5,0.036153846153846154,-0.5,0.6666666666666666,0,0
0.62,0.5,0.051153846153846154,-0.5,0.6666666666666666,0,0
0.606,0.5,0.06615384615384616,0.0,0.6666666666666666,0,0
0.592,0.5,0.08115384615384616,0.0,0.6666666666666666,0,0
0.578,0.5,0.09615384615384616,0.0,0.6666666666666666,0,0
0.564,0.5,0.11115384615384616,0.0,0.6666666666666666,0,0
0.55,0.5,0.12615384615384614,0.0,0.6666666666666666,0,0
0.536,0.5,0.14115384615384616,0.0,0.6666666666666666,0,0
0.522,0.5,0.15615384615384614,0.0,0.6666666666666666,0,0
0.508,0.5,0.17115384615384616,0.0,0.6666666666666666,0,0
0.494,0.5,0.18615384615384614,0.0,0.6666666666666666,0,0
0.48,0.5,0.20115384615384616,0.0,0.6666666666666666,0,0
0.466,0.5,0.21615384615384614,0.0,0.6666666666666666,0,0
0.452,0.5,0.23115384615384615,0.0,0.6666666666666666,0,0
0.438,0.5,0.24615384615384617,0.0,0.6666666666666666,0,0
0.424,0.5,0.2611538461538462,0.0,0.6666666666666666,0,0
0.41,0.5,0.27615384615384614,0.0,0.6666666666666666,0,0
0.396,0.5,0.29115384615384615,0.0,0.6666666666666666,0,0
0.382,0.5,0.30615384615384617,0.0,0.6666666666666666,0,0
0.368,0.5,0.3211538461538462,0.5,0.6666666666666666,0,0
0.368,0.5,0.33615384615384614,0.5,0.6666666666666666,0,1
0.368,0.5,0.35115384615384615,0.5,0.6666666666666666,0,1
0.368,0.5,0.36615384615384616,0.5,0.6666666666666666,0,1
0.368,0.5,0.3811538461538462,0.5,0.6666666666666666,0,1
0.368,0.5,0.39615384615384613,0.5,0.6666666666666666,0,1
0.368,0.5,0.41115384615384615,0.5,0.6666666666666666,0,1
0.368,0.5,0.42615384615384616,0.5,0.6666666666666666,0,1
0.368,0.5,0.4411538461538462,0.5,0.6666666666666666,0,1
0.368,0.5,0.45615384615384613,0.5,0.6666666666666666,0,1
0.368,0.5,0.47115384615384615,0.5,0.6666666666666666,0,1
0.368,0.5,0.48615384615384616,0.5,0.6666666666666666,0,1
0.368,0.5,0.5011538461538462,0.5,0.6666666666666666,0,1
0.368,0.5,0.5161538461538462,0.5,0.6666666666666666,0,1
0.368,0.5,0.5311538461538462,0.5,0.6666666666666666,0,1
0.368,0.5,0.5461538461538461,0.5,0.6666666666666666,0,1
0.368,0.5,0.5611538461538461,0.5,0.6666666666666666,0,1
0.354,0.5,0.5761538461538461,0.5,0.6666666666666666,0,0
0.34,0.5,0.5911538461538461,0.5,0.6666666666666666,0,0
0.326,0.5,0.6061538461538462,0.5,0.6666666666666666,0,0
0.312,0.5,0.6211538461538462,0.5,0.6666666666666666,0,0
0.298,0.5,0.6361538461538462,0.5,0.6666666666666666,0,0
0.284,0.5,0.6511538461538462,0.5,0.6666666666666666,0,0
0.27,0.5,0.6661538461538462,0.5,0.6666666666666666,0,0
0.27,0.5,0.6811538461538461,0.5,0.6666666666666666,0,1
0.27,0.5,0.6961538461538461,0.5,0.6666666666666666,0,1
0.27,0.5,0.7111538461538461,0.5,0.6666666666666666,0,1
0.27,0.5,0.7261538461538461,0.5,0.6666666666666666,0,1
0.27,0.5,0.7411538461538462,0.5,0.6666666666666666,0,1
0.27,0.5,0.7561538461538462,0.5,0.6666666666666666,0,1
0.27,0.5,0.7711538461538462,0.5,0.6666666666666666,0,1
0.27,0.5,0.7861538461538462,0.5,0.6666666666666666,0,1
0.27,0.5,0.8011538461538461,0.5,0.6666666666666666,0,1
0.27,0.5,0.8161538461538461,0.5,0.6666666666666666,0,1
0.27,0.5,0.8311538461538461,0.5,0.6666666666666666,0,1
0.27,0.5,0.8461538461538461,0.5,0.6666666666666666,0,1
0.27,0.5,0.8611538461538462,0.5,0.6666666666666666,0,1
0.27,0.5,0.8761538461538462,0.5,0.6666666666666666,0,1
0.27,0.5,0.8911538461538462,0.5,0.6666666666666666,0,1
0.27,0.5,0.9061538461538462,0.5,0.6666666666666666,0,1
0.27,0.5,0.9211538461538461,0.5,0.6666666666666666,0,1
0.27,0.5,0.9361538461538461,0.5,0.6666666666666666,0,1
0.27,0.5,0.7430769230769231,0.5,0.6666666666666666,0,1
0.27,0.5,0.7580769230769231,0.5,0.6666666666666666,0,1
0.27,0.5,0.7730769230769231,0.5,0.6666666666666666,0,1
0.27,0.5,0.7880769230769231,0.5,0.6666666666666666,0,1
0.27,0.5,0.803076923076923,0.5,0.6666666666666666,0,1
0.27,0.5,0.818076923076923,0.5,0.6666666666666666,0,1
0.27,0.5,0.833076923076923,0.5,0.6666666666666666,0,1
0.27,0.5,0.8480769230769231,0.5,0.6666666666666666,0,1
0.27,0.5,0.8630769230769231,0.5,0.6666666666666666,0,1
0.27,0.5,0.8780769230769231,0.5,0.6666666666666666,0,1
0.27,0.5,0.8930769230769231,0.5,0.6666666666666666,0,1
0.27,0.5,0.9080769230769231,0.5,0.6666666666666666,0,1
0.27,0.5,0.9230769230769231,0.5,0.6666666666666666,0,1
0.27,0.5,0.938076923076923,0.5,0.6666666666666666,0,1
0.27,0.5,0.8042307692307692,0.5,0.6666666666666666,0,1
0.27,0.5,0.8192307692307692,0.5,0.6666666666666666,0,1
0.27,0.5,0.8342307692307692,0.5,0.6666666666666666,0,1
0.27,0.5,0.8492307692307692,0.5,0.6666666666666666,0,1
0.27,0.5,0.8642307692307692,0.5,0.6666666666666666,0,1
0.27,0.5,0.8792307692307693,0.5,0.6666666666666666,0,1
0.27,0.5,0.8942307692307693,0.5,0.6666666666666666,0,1
0.27,0.5,0.9092307692307692,0.5,0.6666666666666666,0,1
0.284,0.5,0.9242307692307692,0.5,0.6666666666666666,0,2
0.298,0.5,0.9392307692307692,0.5,0.6666666666666666,0,2
0.312,0.74,-0.40076923076923077,1.0,0.75,0,2
0.326,0.74,-0.3842307692307692,1.0,0.75,0,2
0.34,0.74,-0.3676923076923077,1.0,0.75,0,2
0.354,0.74,-0.35115384615384615,1.0,0.75,0,2
0.368,0.74,-0.3346153846153846,1.0,0.75,0,2
0.382,0.74,-0.3180769230769231,0.5,0.75,0,2
0.396,0.74,-0.30153846153846153,0.5,0.75,0,2
0.41,0.74,-0.285,0.5,0.75,0,2
0.424,0.74,-0.2684615384615385,0.5,0.75,0,2
0.438,0.74,-0.2519230769230769,0.5,0.75,0,2
0.452,0.74,-0.2353846153846154,0.5,0.75,0,2
0.466,0.74,-0.21884615384615386,0.5,0.75,0,2
0.48,0.74,-0.2023076923076923,0.5,0.75,0,2
0.494,0.74,-0.18576923076923077,0.5,0.75,0,2
0.508,0.74,-0.16923076923076924,0.5,0.75,0,2
0.508,0.74,-0.15269230769230768,0.5,0.75,0,1
0.508,0.74,-0.13615384615384615,0.5,0.75,0,1
0.508,0.74,-0.11961538461538461,0.5,0.75,0,1
0.508,0.74,-0.10307692307692308,0.5,0.75,0,1
0.508,0.74,-0.08653846153846154,0.5,0.75,0,1
0.508,0.74,-0.07,0.5,0.75,0,1
0.508,0.74,-0.05346153846153846,0.5,0.75,0,1
0.508,0.74,-0.036923076923076927,0.5,0.75,0,1
0.508,0.74,-0.020384615384615383,0.5,0.75,0,1
0.508,0.74,-0.0038461538461538464,0.5,0.75,0,1
0.508,0.74,0.012692307692307692,0.5,0.75,0,1
0.508,0.74,0.02923076923076923,0.5,0.75,0,1
0.508,0.74,0.04576923076923077,0.5,0.75,0,1
0.508,0.74,0.06230769230769231,0.5,0.75,0,1
0.508,0.74,0.07884615384615384,0.5,0.75,0,1
0.522,0.74,0.09538461538461539,0.5,0.75,0,2
0.536,0.74,0.11192307692307692,0.5,0.75,0,2
0.55,0.74,0.12846153846153846,0.5,0.75,0,2
0.564,0.74,0.145,0.5,0.75,0,2
0.578,0.74,0.16153846153846155,0.5,0.75,0,2
0.592,0.74,0.17807692307692308,0.5,0.75,0,2
0.606,0.74,0.1946153846153846,0.5,0.75,0,2
0.62,0.74,0.21115384615384616,0.0,0.75,0,2
0.62,0.74,0.2276923076923077,0.0,0.75,0,1
0.62,0.74,0.24423076923076922,0.0,0.75,0,1
0.62,0.74,0.26076923076923075,0.0,0.75,0,1
0.62,0.74,0.2773076923076923,0.0,0.75,0,1
0.62,0.74,0.29384615384615387,0.0,0.75,0,1
0.62,0.74,0.31038461538461537,0.0,0.75,0,1
0.62,0.74,0.3269230769230769,0.0,0.75,0,1
0.62,0.74,0.3434615384615385,0.0,0.75,0,1
0.62,0.74,0.36,0.0,0.75,0,1
0.62,0.74,0.37653846153846154,0.0,0.75,0,1
0.62,0.74,0.3930769230769231,0.0,0.75,0,1
0.62,0.74,0.4096153846153846,0.0,0.75,0,1
0.62,0.74,0.42615384615384616,0.0,0.75,0,1
0.62,0.74,0.4426923076923077,0.0,0.75,0,1
0.62,0.74,0.4592307692307692,0.0,0.75,0,1
0.606,0.74,0.4757692307692308,0.5,0.75,0,0
0.592,0.74,0.49230769230769234,0.5,0.75,0,0
0.578,0.74,0.5088461538461538,0.5,0.75,0,0
0.564,0.74,0.5253846153846153,0.5,0.75,0,0
0.55,0.74,0.541923076923077,0.5,0.75,0,0
0.536,0.74,0.5584615384615385,0.5,0.75,0,0
0.522,0.74,0.575,0.5,0.75,0,0
0.508,0.74,0.5915384615384616,0.5,0.75,0,0
0.494,0.74,0.6080769230769231,0.5,0.75,0,0
0.494,0.74,0.6246153846153846,0.5,0.75,0,1
0.494,0.74,0.6411538461538462,0.5,0.75,0,1
0.494,0.74,0.6576923076923077,0.5,0.75,0,1
0.494,0.74,0.6742307692307692,0.5,0.75,0,1
0.494,0.74,0.6907692307692308,0.5,0.75,0,1
0.494,0.74,0.7073076923076923,0.5,0.75,0,1
0.494,0.74,0.7238461538461538,0.5,0.75,0,1
0.494,0.74,0.7403846153846154,0.5,0.75,0,1
0.494,0.74,0.7569230769230769,0.5,0.75,0,1
0.494,0.74,0.7734615384615384,0.5,0.75,0,1
0.494,0.74,0.79,0.5,0.75,0,1
0.494,0.74,0.8065384615384615,0.5,0.75,0,1
0.494,0.74,0.823076923076923,0.5,0.75,0,1
0.494,0.74,0.8396153846153847,0.5,0.75,0,1
0.494,0.74,0.8561538461538462,0.5,0.75,0,1
0.494,0.74,0.8726923076923077,0.5,0.75,0,1
0.494,0.74,0.8892307692307693,0.5,0.75,0,1
0.494,0.74,0.9057692307692308,0.5,0.75,0,1
0.494,0.74,0.9223076923076923,0.5,0.75,0,1
0.494,0.74,0.9388461538461539,0.5,0.75,0,1
0.494,0.74,0.8976923076923077,0.5,0.8333333333333334,0,1
0.494,0.74,0.9157692307692308,0.5,0.8333333333333334,0,1
0.494,0.74,0.9338461538461539,0.5,0.8333333333333334,0,1
0.494,0.26,0.8703846153846154,-0.5,0.6666666666666666,1,1
0.494,0.26,0.8853846153846154,-0.5,0.6666666666666666,1,1
0.494,0.26,0.9003846153846153,-0.5,0.6666666666666666,1,1
0.494,0.26,0.9153846153846154,-0.5,0.6666666666666666,1,1
0.494,0.26,0.9303846153846154,-0.5,0.6666666666666666,1,1
0.494,0.5,-0.4419230769230769,0.0,0.5833333333333334,0,1
0.508,0.5,-0.42846153846153845,0.0,0.5833333333333334,0,2
0.522,0.74,-0.2953846153846154,0.5,0.5833333333333334,0,2
0.536,0.74,-0.28192307692307694,0.5,0.5833333333333334,0,2
0.55,0.74,-0.2684615384615385,0.5,0.5833333333333334,0,2
0.564,0.74,-0.255,0.5,0.5833333333333334,0,2
0.578,0.74,-0.24153846153846154,0.5,0.5833333333333334,0,2
0.592,0.74,-0.22807692307692307,0.5,0.5833333333333334,0,2
0.606,0.5,-0.2123076923076923,0.0,0.4166666666666667,0,2
0.62,0.74,-0.20115384615384616,0.0,0.5833333333333334,0,2
0.634,0.74,-0.18769230769230769,0.0,0.5833333333333334,0,2
0.648,0.74,-0.17423076923076924,0.0,0.5833333333333334,0,2
0.662,0.74,-0.16076923076923078,0.0,0.5833333333333334,0,2
0.662,0.74,-0.1473076923076923,0.0,0.5833333333333334,0,1
0.662,0.74,-0.13384615384615384,0.0,0.5833333333333334,0,1
0.662,0.74,-0.12038461538461538,0.0,0.5833333333333334,0,1
0.662,0.74,-0.10692307692307693,0.0,0.5833333333333334,0,1
0.662,0.74,-0.09346153846153846,0.0,0.5833333333333334,0,1
0.662,0.74,-0.08,0.0,0.5833333333333334,0,1
0.662,0.74,-0.06653846153846153,0.0,0.5833333333333334,0,1
0.662,0.74,-0.05307692307692308,0.0,0.5833333333333334,0,1
0.662,0.74,-0.039615384615384615,0.0,0.5833333333333334,0,1
0.662,0.74,-0.026153846153846153,0.0,0.5833333333333334,0,1
0.648,0.74,-0.012692307692307692,0.0,0.5833333333333334,0,0
0.634,0.74,0.0007692307692307692,0.0,0.5833333333333334,0,0
0.62,0.74,0.01423076923076923,0.0,0.5833333333333334,0,0
0.606,0.74,0.027692307692307693,0.5,0.5833333333333334,0,0
0.592,0.74,0.04115384615384615,0.5,0.5833333333333334,0,0
0.578,0.74,0.054615384615384614,0.5,0.5833333333333334,0,0
0.564,0.74,0.06807692307692308,0.5,0.5833333333333334,0,0
0.55,0.74,0.08153846153846153,0.5,0.5833333333333334,0,0
0.536,0.74,0.095,0.5,0.5833333333333334,0,0
0.522,0.74,0.10846153846153846,0.5,0.5833333333333334,0,0
0.522,0.74,0.12192307692307693,0.5,0.5833333333333334,0,1
0.522,0.74,0.13538461538461538,0.5,0.5833333333333334,0,1
0.522,0.74,0.14884615384615385,0.5,0.5833333333333334,0,1
0.522,0.74,0.16230769230769232,0.5,0.5833333333333334,0,1
0.522,0.74,0.17576923076923076,0.5,0.5833333333333334,0,1
0.522,0.74,0.18923076923076923,0.5,0.5833333333333334,0,1
0.522,0.74,0.2026923076923077,0.5,0.5833333333333334,0,1
0.536,0.74,0.21615384615384614,0.5,0.5833333333333334,0,2
0.55,0.74,0.2296153846153846,0.5,0.5833333333333334,0,2
0.564,0.74,0.24307692307692308,0.5,0.5833333333333334,0,2
0.578,0.74,0.25653846153846155,0.5,0.5833333333333334,0,2
0.592,0.74,0.27,0.5,0.5833333333333334,0,2
0.606,0.74,0.2834615384615385,0.5,0.5833333333333334,0,2
0.606,0.74,0.2969230769230769,0.5,0.5833333333333334,0,1
0.606,0.74,0.31038461538461537,0.5,0.5833333333333334,0,1
0.606,0.74,0.32384615384615384,0.5,0.5833333333333334,0,1
0.606,0.74,0.3373076923076923,0.5,0.5833333333333334,0,1
0.606,0.74,0.3507692307692308,0.5,0.5833333333333334,0,1
0.606,0.74,0.36423076923076925,0.5,0.5833333333333334,0,1
0.606,0.74,0.3776923076923077,0.5,0.5833333333333334,0,1
0.606,0.74,0.39115384615384613,0.5,0.5833333333333334,0,1
0.606,0.74,0.4046153846153846,0.5,0.5833333333333334,0,1
0.606,0.74,0.41807692307692307,0.5,0.5833333333333334,0,1
0.592,0.74,0.43153846153846154,0.5,0.5833333333333334,0,0
0.578,0.74,0.445,0.5,0.5833333333333334,0,0
0.564,0.74,0.4584615384615385,0.5,0.5833333333333334,0,0
0.55,0.74,0.47192307692307695,0.5,0.5833333333333334,0,0
0.536,0.74,0.48538461538461536,0.5,0.5833333333333334,0,0
0.522,0.74,0.49884615384615383,0.5,0.5833333333333334,0,0
0.508,0.74,0.5123076923076924,0.5,0.5833333333333334,0,0
0.494,0.74,0.5257692307692308,0.5,0.5833333333333334,0,0
0.48,0.74,0.5392307692307692,0.5,0.5833333333333334,0,0
0.466,0.74,0.5526923076923077,0.5,0.5833333333333334,0,0
0.452,0.74,0.5661538461538461,0.5,0.5833333333333334,0,0
0.438,0.74,0.5796153846153846,0.5,0.5833333333333334,0,0
0.424,0.74,0.5930769230769231,0.5,0.5833333333333334,0,0
0.41,0.74,0.6065384615384616,0.5,0.5833333333333334,0,0
0.396,0.74,0.62,0.5,0.5833333333333334,0,0
0.382,0.74,0.6334615384615384,0.5,0.5833333333333334,0,0
0.368,0.74,0.6469230769230769,1.0,0.5833333333333334,0,0
0.354,0.74,0.6603846153846153,1.0,0.5833333333333334,0,0
0.34,0.74,0.6738461538461539,1.0,0.5833333333333334,0,0
0.326,0.74,0.6873076923076923,1.0,0.5833333333333334,0,0
0.312,0.74,0.7007692307692308,1.0,0.5833333333333334,0,0
0.298,0.74,0.7142307692307692,1.0,0.5833333333333334,0,0
0.284,0.74,0.7276923076923076,1.0,0.5833333333333334,0,0
0.27,0.74,0.7411538461538462,1.0,0.5833333333333334,0,0
0.256,0.74,0.7546153846153846,1.0,0.5833333333333334,0,0
0.242,0.74,0.7680769230769231,1.0,0.5833333333333334,0,0
0.228,0.74,0.7815384615384615,1.0,0.5833333333333334,0,0
0.214,0.74,0.795,1.0,0.5833333333333334,0,0
0.2,0.74,0.8084615384615385,1.0,0.5833333333333334,0,0
0.2,0.74,0.821923076923077,1.0,0.5833333333333334,0,1
0.2,0.74,0.8353846153846154,1.0,0.5833333333333334,0,1
0.2,0.74,0.8488461538461538,1.0,0.5833333333333334,0,1
0.2,0.74,0.8623076923076923,1.0,0.5833333333333334,0,1
0.2,0.74,0.8757692307692307,1.0,0.5833333333333334,0,1
0.2,0.74,0.8892307692307693,1.0,0.5833333333333334,0,1
0.2,0.74,0.9026923076923077,1.0,0.5833333333333334,0,1
0.2,0.74,0.9161538461538462,1.0,0.5833333333333334,0,1
0.2,0.74,0.9296153846153846,1.0,0.5833333333333334,0,1
0.2,0.5,0.8234615384615385,0.5,0.5833333333333334,0,1
0.2,0.5,0.8369230769230769,0.5,0.5833333333333334,0,1
0.2,0.5,0.8503846153846154,0.5,0.5833333333333334,0,1
0.2,0.5,0.8638461538461538,0.5,0.5833333333333334,0,1
0.2,0.5,0.8773076923076923,0.5,0.5833333333333334,0,1
0.2,0.5,0.8907692307692308,0.5,0.5833333333333334,0,1
0.2,0.5,0.9042307692307693,0.5,0.5833333333333334,0,1
0.2,0.5,0.9176923076923077,0.5,0.5833333333333334,0,1
0.2,0.5,0.9311538461538461,0.5,0.5833333333333334,0,1
0.2,0.5,0.7742307692307693,0.5,0.4166666666666667,0,1
0.2,0.5,0.7846153846153846,0.5,0.4166666666666667,0,1
0.2,0.5,0.795,0.5,0.4166666666666667,0,1
0.2,0.5,0.8053846153846154,0.5,0.4166666666666667,0,1
0.2,0.5,0.8157692307692308,0.5,0.4166666666666667,0,1
0.2,0.5,0.8261538461538461,0.5,0.4166666666666667,0,1
0.2,0.5,0.8365384615384616,0.5,0.4166666666666667,0,1
0.2,0.5,0.8469230769230769,0.5,0.4166666666666667,0,1
0.2,0.5,0.8573076923076923,0.5,0.4166666666666667,0,1
0.2,0.5,0.8676923076923077,0.5,0.4166666666666667,0,1
0.2,0.5,0.8780769230769231,0.5,0.4166666666666667,0,1
0.214,0.5,0.8884615384615384,0.5,0.4166666666666667,0,2
0.228,0.5,0.8988461538461539,0.5,0.4166666666666667,0,2
0.242,0.5,0.9092307692307692,0.5,0.4166666666666667,0,2
0.256,0.5,0.9196153846153846,0.5,0.4166666666666667,0,2
0.27,0.5,0.93,0.5,0.4166666666666667,0,2
0.284,0.74,0.043076923076923075,1.0,0.75,1,2
0.298,0.74,0.05961538461538462,1.0,0.75,1,2
0.312,0.74,0.07615384615384616,1.0,0.75,1,2
0.312,0.74,0.0926923076923077,1.0,0.75,1,1
0.312,0.74,0.10923076923076923,1.0,0.75,1,1
0.312,0.74,0.12576923076923077,1.0,0.75,1,1
0.312,0.74,0.1423076923076923,1.0,0.75,1,1
0.312,0.74,0.15884615384615386,1.0,0.75,1,1
0.312,0.74,0.1753846153846154,1.0,0.75,1,1
0.312,0.74,0.19192307692307692,1.0,0.75,1,1
0.312,0.74,0.20846153846153845,1.0,0.75,1,1
0.326,0.74,0.225,1.0,0.75,1,2
0.34,0.74,0.24153846153846154,1.0,0.75,1,2
0.354,0.74,0.2580769230769231,1.0,0.75,1,2
0.368,0.74,0.2746153846153846,1.0,0.75,1,2
0.382,0.74,0.29115384615384615,0.5,0.75,1,2
0.396,0.74,0.3076923076923077,0.5,0.75,1,2
0.41,0.74,0.3242307692307692,0.5,0.75,1,2
0.424,0.74,0.34076923076923077,0.5,0.75,1,2
0.438,0.74,0.3573076923076923,0.5,0.75,1,2
0.452,0.74,0.37384615384615383,0.5,0.75,1,2
0.452,0.74,0.3903846153846154,0.5,0.75,1,1
0.452,0.74,0.40692307692307694,0.5,0.75,1,1
0.452,0.74,0.42346153846153844,0.5,0.75,1,1
0.452,0.74,0.44,0.5,0.75,1,1
0.452,0.74,0.45653846153846156,0.5,0.75,1,1
0.452,0.74,0.47307692307692306,0.5,0.75,1,1
0.466,0.74,0.4896153846153846,0.5,0.75,1,2
0.48,0.74,0.5061538461538462,0.5,0.75,1,2
0.494,0.74,0.5226923076923077,0.5,0.75,1,2
0.508,0.74,0.5392307692307692,0.5,0.75,1,2
0.522,0.74,0.5557692307692308,0.5,0.75,1,2
0.522,0.74,0.5723076923076923,0.5,0.75,1,1
0.522,0.74,0.5888461538461538,0.5,0.75,1,1
0.522,0.74,0.6053846153846154,0.5,0.75,1,1
0.522,0.74,0.6219230769230769,0.5,0.75,1,1
0.522,0.74,0.6384615384615384,0.5,0.75,1,1
0.522,0.74,0.655,0.5,0.75,1,1
0.522,0.74,0.6715384615384615,0.5,0.75,1,1
0.522,0.74,0.688076923076923,0.5,0.75,1,1
0.522,0.74,0.7046153846153846,0.5,0.75,1,1
0.522,0.74,0.7211538461538461,0.5,0.75,1,1
0.522,0.74,0.7376923076923076,0.5,0.75,1,1
0.522,0.74,0.7542307692307693,0.5,0.75,1,1
0.522,0.74,0.7707692307692308,0.5,0.75,1,1
0.536,0.74,0.7873076923076923,0.5,0.75,1,2
0.55,0.74,0.8038461538461539,0.5,0.75,1,2
0.564,0.74,0.8203846153846154,0.5,0.75,1,2
0.578,0.74,0.8369230769230769,0.5,0.75,1,2
0.592,0.74,0.8534615384615385,0.5,0.75,1,2
0.606,0.74,0.87,0.5,0.75,1,2
0.606,0.74,0.8865384615384615,0.5,0.75,1,1
0.606,0.74,0.9030769230769231,0.5,0.75,1,1
0.606,0.74,0.9196153846153846,0.5,0.75,1,1
0.606,0.74,0.9361538461538461,0.5,0.75,1,1
0.606,0.26,0.7161538461538461,-0.5,0.75,0,1
0.606,0.26,0.7326923076923076,-0.5,0.75,0,1
0.606,0.26,0.7492307692307693,-0.5,0.75,0,1
0.606,0.26,0.7657692307692308,-0.5,0.75,0,1
0.606,0.26,0.7823076923076923,-0.5,0.75,0,1
0.606,0.26,0.7988461538461539,-0.5,0.75,0,1
0.606,0.26,0.8153846153846154,-0.5,0.75,0,1
0.606,0.26,0.8319230769230769,-0.5,0.75,0,1
0.606,0.26,0.8484615384615385,-0.5,0.75,0,1
0.606,0.26,0.865,-0.5,0.75,0,1
0.606,0.26,0.8815384615384615,-0.5,0.75,0,1
0.606,0.26,0.8980769230769231,-0.5,0.75,0,1
0.606,0.26,0.9146153846153846,-0.5,0.75,0,1
0.606,0.26,0.9311538461538461,-0.5,0.75,0,1
0.606,0.74,0.1396153846153846,0.5,0.4166666666666667,0,1
0.606,0.74,0.15,0.5,0.4166666666666667,0,1
0.606,0.74,0.16038461538461538,0.5,0.4166666666666667,0,1
0.606,0.74,0.17076923076923076,0.5,0.4166666666666667,0,1
0.592,0.74,0.18115384615384617,0.5,0.4166666666666667,0,0
0.578,0.74,0.19153846153846155,0.5,0.4166666666666667,0,0
0.564,0.74,0.20192307692307693,0.5,0.4166666666666667,0,0
0.55,0.74,0.2123076923076923,0.5,0.4166666666666667,0,0
0.536,0.74,0.2226923076923077,0.5,0.4166666666666667,0,0
0.522,0.74,0.23307692307692307,0.5,0.4166666666666667,0,0
0.522,0.74,0.24346153846153845,0.5,0.4166666666666667,0,1
0.522,0.74,0.25384615384615383,0.5,0.4166666666666667,0,1
0.522,0.74,0.2642307692307692,0.5,0.4166666666666667,0,1
0.522,0.74,0.2746153846153846,0.5,0.4166666666666667,0,1
0.522,0.74,0.285,0.5,0.4166666666666667,0,1
0.522,0.74,0.2953846153846154,0.5,0.4166666666666667,0,1
0.522,0.74,0.3057692307692308,0.5,0.4166666666666667,0,1
0.522,0.74,0.3161538461538462,0.5,0.4166666666666667,0,1
0.522,0.74,0.32653846153846156,0.5,0.4166666666666667,0,1
0.536,0.74,0.33692307692307694,0.5,0.4166666666666667,0,2
0.55,0.74,0.3473076923076923,0.5,0.4166666666666667,0,2
0.564,0.74,0.3576923076923077,0.5,0.4166666666666667,0,2
0.578,0.74,0.3680769230769231,0.5,0.4166666666666667,0,2
0.592,0.74,0.37846153846153846,0.5,0.4166666666666667,0,2
0.606,0.74,0.38884615384615384,0.5,0.4166666666666667,0,2
0.62,0.74,0.3992307692307692,0.0,0.4166666666666667,0,2
0.634,0.74,0.4096153846153846,0.0,0.4166666666666667,0,2
0.634,0.74,0.42,0.0,0.4166666666666667,0,1
0.634,0.74,0.43038461538461537,0.0,0.4166666666666667,0,1
0.634,0.74,0.44076923076923075,0.0,0.4166666666666667,0,1
0.634,0.74,0.4511538461538461,0.0,0.4166666666666667,0,1
0.634,0.74,0.46153846153846156,0.0,0.4166666666666667,0,1
0.634,0.74,0.47192307692307695,0.0,0.4166666666666667,0,1
0.62,0.74,0.4823076923076923,0.0,0.4166666666666667,0,0
0.606,0.74,0.4926923076923077,0.5,0.4166666666666667,0,0
0.592,0.74,0.5030769230769231,0.5,0.4166666666666667,0,0
0.578,0.74,0.5134615384615384,0.5,0.4166666666666667,0,0
0.564,0.74,0.5238461538461539,0.5,0.4166666666666667,0,0
0.55,0.74,0.5342307692307692,0.5,0.4166666666666667,0,0
0.536,0.74,0.5446153846153846,0.5,0.4166666666666667,0,0
0.522,0.74,0.555,0.5,0.4166666666666667,0,0
0.508,0.74,0.5653846153846154,0.5,0.4166666666666667,0,0
0.494,0.74,0.5757692307692308,0.5,0.4166666666666667,0,0
0.48,0.74,0.5861538461538461,0.5,0.4166666666666667,0,0
0.466,0.74,0.5965384615384616,0.5,0.4166666666666667,0,0
0.452,0.74,0.6069230769230769,0.5,0.4166666666666667,0,0
0.438,0.74,0.6173076923076923,0.5,0.4166666666666667,0,0
0.424,0.74,0.6276923076923077,0.5,0.4166666666666667,0,0
0.41,0.74,0.6380769230769231,0.5,0.4166666666666667,0,0
0.41,0.74,0.6484615384615384,0.5,0.4166666666666667,0,1
0.41,0.74,0.6588461538461539,0.5,0.4166666666666667,0,1
0.41,0.74,0.6692307692307692,0.5,0.4166666666666667,0,1
0.41,0.74,0.6796153846153846,0.5,0.4166666666666667,0,1
0.41,0.74,0.69,0.5,0.4166666666666667,0,1
0.41,0.74,0.7003846153846154,0.5,0.4166666666666667,0,1
0.41,0.74,0.7107692307692308,0.5,0.4166666666666667,0,1
0.41,0.74,0.7211538461538461,0.5,0.4166666666666667,0,1
0.41,0.74,0.7315384615384616,0.5,0.4166666666666667,0,1
0.424,0.74,0.7419230769230769,0.5,0.4166666666666667,0,2
0.438,0.74,0.7523076923076923,0.5,0.4166666666666667,0,2
0.452,0.74,0.7626923076923077,0.5,0.4166666666666667,0,2
0.466,0.74,0.7730769230769231,0.5,0.4166666666666667,0,2
0.48,0.74,0.7834615384615384,0.5,0.4166666666666667,0,2
0.494,0.74,0.7938461538461539,0.5,0.4166666666666667,0,2
0.508,0.74,0.8042307692307692,0.5,0.4166666666666667,0,2
0.522,0.74,0.8146153846153846,0.5,0.4166666666666667,0,2
0.536,0.74,0.825,0.5,0.4166666666666667,0,2
0.536,0.74,0.8353846153846154,0.5,0.4166666666666667,0,1
0.536,0.74,0.8457692307692307,0.5,0.4166666666666667,0,1
0.536,0.74,0.8561538461538462,0.5,0.4166666666666667,0,1
0.536,0.74,0.8665384615384616,0.5,0.4166666666666667,0,1
0.536,0.74,0.8769230769230769,0.5,0.4166666666666667,0,1
0.536,0.74,0.8873076923076924,0.5,0.4166666666666667,0,1
0.536,0.74,0.8976923076923077,0.5,0.4166666666666667,0,1
0.536,0.74,0.9080769230769231,0.5,0.4166666666666667,0,1
0.536,0.74,0.9184615384615384,0.5,0.4166666666666667,0,1
0.536,0.74,0.9288461538461539,0.5,0.4166666666666667,0,1
0.536,0.74,0.9392307692307692,0.5,0.4166666666666667,0,1
0.536,0.74,0.8319230769230769,0.5,0.6666666666666666,0,1
0.536,0.74,0.8469230769230769,0.5,0.6666666666666666,0,1
0.522,0.74,0.8619230769230769,0.5,0.6666666666666666,0,0
0.508,0.74,0.8769230769230769,0.5,0.6666666666666666,0,0
0.494,0.74,0.8919230769230769,0.5,0.6666666666666666,0,0
0.48,0.74,0.9069230769230769,0.5,0.6666666666666666,0,0
0.466,0.74,0.921923076923077,0.5,0.6666666666666666,0,0
0.466,0.74,0.936923076923077,0.5,0.6666666666666666,0,1
0.466,0.26,0.7434615384615385,-0.5,0.5833333333333334,1,1
0.466,0.26,0.7569230769230769,-0.5,0.5833333333333334,1,1
0.466,0.26,0.7703846153846153,-0.5,0.5833333333333334,1,1
0.466,0.26,0.7838461538461539,-0.5,0.5833333333333334,1,1
0.466,0.26,0.7973076923076923,-0.5,0.5833333333333334,1,1
0.466,0.26,0.8107692307692308,-0.5,0.5833333333333334,1,1
0.466,0.26,0.8242307692307692,-0.5,0.5833333333333334,1,1
0.466,0.26,0.8376923076923077,-0.5,0.5833333333333334,1,1
0.466,0.26,0.8511538461538461,-0.5,0.5833333333333334,1,1
0.48,0.26,0.8646153846153846,-0.5,0.5833333333333334,1,2
0.494,0.26,0.8780769230769231,-0.5,0.5833333333333334,1,2
0.508,0.26,0.8915384615384615,-0.5,0.5833333333333334,1,2
0.522,0.26,0.905,-0.5,0.5833333333333334,1,2
0.536,0.26,0.9184615384615384,-0.5,0.5833333333333334,1,2
0.55,0.26,0.931923076923077,-0.5,0.5833333333333334,1,2
0.564,0.5,-0.3261538461538461,0.0,0.5833333333333334,1,2
0.578,0.5,-0.3126923076923077,0.0,0.5833333333333334,1,2
0.592,0.5,-0.29923076923076924,0.0,0.5833333333333334,1,2
0.592,0.5,-0.2857692307692308,0.0,0.5833333333333334,1,1
0.592,0.5,-0.2723076923076923,0.0,0.5833333333333334,1,1
0.592,0.5,-0.25884615384615384,0.0,0.5833333333333334,1,1
0.592,0.5,-0.2453846153846154,0.0,0.5833333333333334,1,1
0.592,0.5,-0.23192307692307693,0.0,0.5833333333333334,1,1
0.606,0.5,-0.21846153846153846,0.0,0.5833333333333334,1,2
0.62,0.5,-0.205,-0.5,0.5833333333333334,1,2
0.634,0.5,-0.19153846153846155,-0.5,0.5833333333333334,1,2
0.648,0.5,-0.17807692307692308,-0.5,0.5833333333333334,1,2
0.662,0.5,-0.1646153846153846,-0.5,0.5833333333333334,1,2
0.676,0.5,-0.15115384615384617,-0.5,0.5833333333333334,1,2
0.676,0.5,-0.1376923076923077,-0.5,0.5833333333333334,1,1
0.676,0.5,-0.12423076923076923,-0.5,0.5833333333333334,1,1
0.676,0.5,-0.11076923076923077,-0.5,0.5833333333333334,1,1
0.676,0.5,-0.0973076923076923,-0.5,0.5833333333333334,1,1
0.676,0.5,-0.08384615384615385,-0.5,0.5833333333333334,1,1
0.676,0.5,-0.07038461538461538,-0.5,0.5833333333333334,1,1
0.676,0.5,-0.05692307692307692,-0.5,0.5833333333333334,1,1
0.676,0.5,-0.04346153846153846,-0.5,0.5833333333333334,1,1
0.676,0.5,-0.03,-0.5,0.5833333333333334,1,1
0.676,0.5,-0.01653846153846154,-0.5,0.5833333333333334,1,1
0.676,0.5,-0.003076923076923077,-0.5,0.5833333333333334,1,1
0.676,0.5,0.010384615384615384,-0.5,0.5833333333333334,1,1
0.662,0.5,0.023846153846153847,-0.5,0.5833333333333334,1,0
0.648,0.74,0.03769230769230769,0.0,0.6666666666666666,0,0
0.634,0.74,0.05269230769230769,0.0,0.6666666666666666,0,0
0.62,0.74,0.06769230769230769,0.0,0.6666666666666666,0,0
0.606,0.74,0.08269230769230769,0.5,0.6666666666666666,0,0
0.592,0.74,0.09769230769230769,0.5,0.6666666666666666,0,0
0.578,0.74,0.11269230769230769,0.5,0.6666666666666666,0,0
0.564,0.74,0.1276923076923077,0.5,0.6666666666666666,0,0
0.55,0.74,0.1426923076923077,0.5,0.6666666666666666,0,0
0.536,0.74,0.1576923076923077,0.5,0.6666666666666666,0,0
0.522,0.74,0.1726923076923077,0.5,0.6666666666666666,0,0
0.508,0.74,0.18769230769230769,0.5,0.6666666666666666,0,0
0.494,0.74,0.2026923076923077,0.5,0.6666666666666666,0,0
0.48,0.74,0.21769230769230768,0.5,0.6666666666666666,0,0
0.466,0.74,0.2326923076923077,0.5,0.6666666666666666,0,0
0.466,0.74,0.24769230769230768,0.5,0.6666666666666666,0,1
0.466,0.74,0.26269230769230767,0.5,0.6666666666666666,0,1
0.466,0.74,0.2776923076923077,0.5,0.6666666666666666,0,1
0.48,0.74,0.2926923076923077,0.5,0.6666666666666666,0,2
0.494,0.74,0.3076923076923077,0.5,0.6666666666666666,0,2
0.508,0.74,0.32269230769230767,0.5,0.6666666666666666,0,2
0.508,0.74,0.3376923076923077,0.5,0.6666666666666666,0,1
0.508,0.74,0.3526923076923077,0.5,0.6666666666666666,0,1
0.508,0.74,0.3676923076923077,0.5,0.6666666666666666,0,1
0.508,0.74,0.38269230769230766,0.5,0.6666666666666666,0,1
0.508,0.74,0.3976923076923077,0.5,0.6666666666666666,0,1
0.508,0.74,0.4126923076923077,0.5,0.6666666666666666,0,1
0.508,0.74,0.4276923076923077,0.5,0.6666666666666666,0,1
0.508,0.74,0.4426923076923077,0.5,0.6666666666666666,0,1
0.522,0.74,0.4576923076923077,0.5,0.6666666666666666,0,2
0.536,0.74,0.4726923076923077,0.5,0.6666666666666666,0,2
0.55,0.74,0.4876923076923077,0.5,0.6666666666666666,0,2
0.564,0.74,0.5026923076923077,0.5,0.6666666666666666,0,2
0.578,0.74,0.5176923076923077,0.5,0.6666666666666666,0,2
0.592,0.74,0.5326923076923077,0.5,0.6666666666666666,0,2
0.606,0.74,0.5476923076923077,0.5,0.6666666666666666,0,2
0.606,0.74,0.5626923076923077,0.5,0.6666666666666666,0,1
0.606,0.74,0.5776923076923077,0.5,0.6666666666666666,0,1
0.606,0.74,0.5926923076923077,0.5,0.6666666666666666,0,1
0.606,0.74,0.6076923076923076,0.5,0.6666666666666666,0,1
0.606,0.74,0.6226923076923077,0.5,0.6666666666666666,0,1
0.606,0.74,0.6376923076923077,0.5,0.6666666666666666,0,1
0.606,0.74,0.6526923076923077,0.5,0.6666666666666666,0,1
0.606,0.74,0.6676923076923077,0.5,0.6666666666666666,0,1
0.606,0.74,0.6826923076923077,0.5,0.6666666666666666,0,1
0.606,0.74,0.6976923076923077,0.5,0.6666666666666666,0,1
0.606,0.74,0.7126923076923077,0.5,0.6666666666666666,0,1
0.606,0.74,0.7276923076923076,0.5,0.6666666666666666,0,1
0.606,0.74,0.7426923076923077,0.5,0.6666666666666666,0,1
0.606,0.74,0.7576923076923077,0.5,0.6666666666666666,0,1
0.606,0.74,0.7726923076923077,0.5,0.6666666666666666,0,1
0.606,0.74,0.7876923076923077,0.5,0.6666666666666666,0,1
0.606,0.74,0.8026923076923077,0.5,0.6666666666666666,0,1
0.606,0.74,0.8176923076923077,0.5,0.6666666666666666,0,1
0.606,0.74,0.8326923076923077,0.5,0.6666666666666666,0,1
0.606,0.74,0.8476923076923077,0.5,0.6666666666666666,0,1
0.606,0.74,0.8626923076923076,0.5,0.6666666666666666,0,1
0.606,0.74,0.8776923076923077,0.5,0.6666666666666666,0,1
0.606,0.74,0.8926923076923077,0.5,0.6666666666666666,0,1
0.606,0.74,0.9076923076923077,0.5,0.6666666666666666,0,1
0.606,0.74,0.9226923076923077,0.5,0.6666666666666666,0,1
0.606,0.74,0.9376923076923077,0.5,0.6666666666666666,0,1
0.606,0.26,0.9080769230769231,-0.5,0.6666666666666666,0,1
0.62,0.26,0.9230769230769231,-1.0,0.6666666666666666,0,2
0.634,0.26,0.938076923076923,-1.0,0.6666666666666666,0,2
0.648,0.5,0.8988461538461539,-0.5,0.5833333333333334,1,2
0.662,0.5,0.9123076923076923,-0.5,0.5833333333333334,1,2
0.676,0.5,0.9257692307692308,-0.5,0.5833333333333334,1,2
0.69,0.5,0.9392307692307692,-0.5,0.5833333333333334,1,2
0.704,0.74,1.0576923076923077,0.0,0.6666666666666666,0,2
0.718,0.74,-0.37846153846153846,0.0,0.8333333333333334,0,2
0.718,0.74,-0.36038461538461536,0.0,0.8333333333333334,0,1
0.718,0.74,-0.3423076923076923,0.0,0.8333333333333334,0,1
0.718,0.74,-0.3242307692307692,0.0,0.8333333333333334,0,1
0.718,0.74,-0.30615384615384617,0.0,0.8333333333333334,0,1
0.718,0.74,-0.28807692307692306,0.0,0.8333333333333334,0,1
0.718,0.74,-0.27,0.0,0.8333333333333334,0,1
0.718,0.74,-0.2519230769230769,0.0,0.8333333333333334,0,1
0.718,0.74,-0.23384615384615384,0.0,0.8333333333333334,0,1
0.718,0.74,-0.21576923076923077,0.0,0.8333333333333334,0,1
0.718,0.74,-0.1976923076923077,0.0,0.8333333333333334,0,1
0.718,0.74,-0.17961538461538462,0.0,0.8333333333333334,0,1
0.718,0.74,-0.16153846153846155,0.0,0.8333333333333334,0,1
0.718,0.74,-0.14346153846153847,0.0,0.8333333333333334,0,1
0.704,0.74,-0.12538461538461537,0.0,0.8333333333333334,0,0
0.69,0.74,-0.10730769230769231,0.0,0.8333333333333334,0,0
0.676,0.74,-0.08923076923076922,0.0,0.8333333333333334,0,0
0.662,0.74,-0.07115384615384615,0.0,0.8333333333333334,0,0
0.648,0.74,-0.05307692307692308,0.0,0.8333333333333334,0,0
0.634,0.74,-0.035,0.0,0.8333333333333334,0,0
0.62,0.74,-0.016923076923076923,0.0,0.8333333333333334,0,0
0.606,0.74,0.001153846153846154,0.5,0.8333333333333334,0,0
0.592,0.74,0.019230769230769232,0.5,0.8333333333333334,0,0
0.578,0.74,0.037307692307692306,0.5,0.8333333333333334,0,0
0.564,0.74,0.055384615384615386,0.5,0.8333333333333334,0,0
0.55,0.74,0.07346153846153847,0.5,0.8333333333333334,0,0
0.536,0.74,0.09153846153846154,0.5,0.8333333333333334,0,0
0.522,0.74,0.10961538461538461,0.5,0.8333333333333334,0,0
0.508,0.74,0.1276923076923077,0.5,0.8333333333333334,0,0
0.508,0.74,0.14576923076923076,0.5,0.8333333333333334,0,1
0.508,0.74,0.16384615384615384,0.5,0.8333333333333334,0,1
0.508,0.74,0.1819230769230769,0.5,0.8333333333333334,0,1
0.508,0.74,0.2,0.5,0.8333333333333334,0,1
0.508,0.74,0.21807692307692308,0.5,0.8333333333333334,0,1
0.508,0.74,0.23615384615384616,0.5,0.8333333333333334,0,1
0.508,0.74,0.2542307692307692,0.5,0.8333333333333334,0,1
0.508,0.74,0.2723076923076923,0.5,0.8333333333333334,0,1
0.508,0.74,0.2903846153846154,0.5,0.8333333333333334,0,1
0.508,0.74,0.30846153846153845,0.5,0.8333333333333334,0,1
0.494,0.74,0.32653846153846156,0.5,0.8333333333333334,0,0
0.48,0.74,0.3446153846153846,0.5,0.8333333333333334,0,0
0.466,0.74,0.3626923076923077,0.5,0.8333333333333334,0,0
0.452,0.74,0.38076923076923075,0.5,0.8333333333333334,0,0
0.438,0.74,0.39884615384615385,0.5,0.8333333333333334,0,0
0.424,0.74,0.4169230769230769,0.5,0.8333333333333334,0,0
0.424,0.74,0.435,0.5,0.8333333333333334,0,1
0.424,0.74,0.4530769230769231,0.5,0.8333333333333334,0,1
0.424,0.74,0.47115384615384615,0.5,0.8333333333333334,0,1
0.424,0.74,0.48923076923076925,0.5,0.8333333333333334,0,1
0.424,0.74,0.5073076923076923,0.5,0.8333333333333334,0,1
0.424,0.74,0.5253846153846153,0.5,0.8333333333333334,0,1
0.424,0.74,0.5434615384615384,0.5,0.8333333333333334,0,1
0.424,0.74,0.5615384615384615,0.5,0.8333333333333334,0,1
0.424,0.74,0.5796153846153846,0.5,0.8333333333333334,0,1
0.424,0.74,0.5976923076923077,0.5,0.8333333333333334,0,1
0.424,0.74,0.6157692307692307,0.5,0.8333333333333334,0,1
0.424,0.74,0.6338461538461538,0.5,0.8333333333333334,0,1
0.424,0.74,0.6519230769230769,0.5,0.8333333333333334,0,1
0.438,0.74,0.67,0.5,0.8333333333333334,0,2
0.452,0.74,0.688076923076923,0.5,0.8333333333333334,0,2
0.466,0.74,0.7061538461538461,0.5,0.8333333333333334,0,2
0.48,0.74,0.7242307692307692,0.5,0.8333333333333334,0,2
0.494,0.74,0.7423076923076923,0.5,0.8333333333333334,0,2
0.508,0.74,0.7603846153846154,0.5,0.8333333333333334,0,2
0.522,0.74,0.7784615384615384,0.5,0.8333333333333334,0,2
0.536,0.74,0.7965384615384615,0.5,0.8333333333333334,0,2
0.55,0.74,0.8146153846153846,0.5,0.8333333333333334,0,2
0.55,0.74,0.8326923076923077,0.5,0.8333333333333334,0,1
0.55,0.74,0.8507692307692307,0.5,0.8333333333333334,0,1
0.55,0.74,0.8688461538461538,0.5,0.8333333333333334,0,1
0.55,0.74,0.8869230769230769,0.5,0.8333333333333334,0,1
0.55,0.74,0.905,0.5,0.8333333333333334,0,1
0.55,0.74,0.9230769230769231,0.5,0.8333333333333334,0,1
0.55,0.74,0.7792307692307693,0.5,0.8333333333333334,0,1
0.55,0.74,0.7973076923076923,0.5,0.8333333333333334,0,1
0.55,0.74,0.8153846153846154,0.5,0.8333333333333334,0,1
0.55,0.74,0.8334615384615385,0.5,0.8333333333333334,0,1
0.55,0.74,0.8515384615384616,0.5,0.8333333333333334,0,1
0.55,0.74,0.8696153846153846,0.5,0.8333333333333334,0,1
0.55,0.74,0.8876923076923077,0.5,0.8333333333333334,0,1
0.55,0.74,0.9057692307692308,0.5,0.8333333333333334,0,1
0.55,0.74,0.9238461538461539,0.5,0.8333333333333334,0,1
0.55,0.26,0.1930769230769231,-0.5,0.4166666666666667,0,1
0.55,0.26,0.20346153846153847,-0.5,0.4166666666666667,0,1
0.55,0.26,0.21384615384615385,-0.5,0.4166666666666667,0,1
0.55,0.26,0.22423076923076923,-0.5,0.4166666666666667,0,1
0.55,0.26,0.23461538461538461,-0.5,0.4166666666666667,0,1
0.564,0.26,0.245,-0.5,0.4166666666666667,0,2
0.578,0.26,0.2553846153846154,-0.5,0.4166666666666667,0,2
0.592,0.26,0.26576923076923076,-0.5,0.4166666666666667,0,2
0.606,0.26,0.27615384615384614,-0.5,0.4166666666666667,0,2
0.62,0.26,0.2865384615384615,-1.0,0.4166666666666667,0,2
0.634,0.26,0.2969230769230769,-1.0,0.4166666666666667,0,2
0.648,0.26,0.3073076923076923,-1.0,0.4166666666666667,0,2
0.662,0.26,0.3176923076923077,-1.0,0.4166666666666667,0,2
0.676,0.26,0.3280769230769231,-1.0,0.4166666666666667,0,2
0.69,0.26,0.3384615384615385,-1.0,0.4166666666666667,0,2
0.704,0.26,0.34884615384615386,-1.0,0.4166666666666667,0,2
0.704,0.26,0.35923076923076924,-1.0,0.4166666666666667,0,1
0.704,0.26,0.3696153846153846,-1.0,0.4166666666666667,0,1
0.704,0.26,0.38,-1.0,0.4166666666666667,0,1
0.704,0.26,0.3903846153846154,-1.0,0.4166666666666667,0,1
0.704,0.26,0.40076923076923077,-1.0,0.4166666666666667,0,1
0.69,0.26,0.41115384615384615,-1.0,0.4166666666666667,0,0
0.676,0.26,0.42153846153846153,-1.0,0.4166666666666667,0,0
0.662,0.26,0.4319230769230769,-1.0,0.4166666666666667,0,0
0.648,0.26,0.4423076923076923,-1.0,0.4166666666666667,0,0
0.634,0.26,0.45269230769230767,-1.0,0.4166666666666667,0,0
0.62,0.26,0.46307692307692305,-1.0,0.4166666666666667,0,0
0.606,0.26,0.4734615384615385,-0.5,0.4166666666666667,0,0
0.592,0.26,0.48384615384615387,-0.5,0.4166666666666667,0,0
0.578,0.26,0.49423076923076925,-0.5,0.4166666666666667,0,0
0.564,0.26,0.5046153846153846,-0.5,0.4166666666666667,0,0
0.55,0.26,0.515,-0.5,0.4166666666666667,0,0
0.536,0.26,0.5253846153846153,-0.5,0.4166666666666667,0,0
0.522,0.26,0.5357692307692308,-0.5,0.4166666666666667,0,0
0.508,0.26,0.5461538461538461,-0.5,0.4166666666666667,0,0
0.508,0.26,0.5565384615384615,-0.5,0.4166666666666667,0,1
0.508,0.26,0.566923076923077,-0.5,0.4166666666666667,0,1
0.508,0.26,0.5773076923076923,-0.5,0.4166666666666667,0,1
0.508,0.26,0.5876923076923077,-0.5,0.4166666666666667,0,1
0.508,0.26,0.5980769230769231,-0.5,0.4166666666666667,0,1
0.508,0.26,0.6084615384615385,-0.5,0.4166666666666667,0,1
0.508,0.26,0.6188461538461538,-0.5,0.4166666666666667,0,1
0.508,0.26,0.6292307692307693,-0.5,0.4166666666666667,0,1
0.494,0.26,0.6396153846153846,-0.5,0.4166666666666667,0,0
0.48,0.26,0.65,-0.5,0.4166666666666667,0,0
0.466,0.26,0.6603846153846153,-0.5,0.4166666666666667,0,0
0.452,0.26,0.6707692307692308,-0.5,0.4166666666666667,0,0
0.438,0.26,0.6811538461538461,-0.5,0.4166666666666667,0,0
0.438,0.26,0.6915384615384615,-0.5,0.4166666666666667,0,1
0.438,0.26,0.7019230769230769,-0.5,0.4166666666666667,0,1
0.438,0.26,0.7123076923076923,-0.5,0.4166666666666667,0,1
0.438,0.26,0.7226923076923077,-0.5,0.4166666666666667,0,1
0.438,0.26,0.7330769230769231,-0.5,0.4166666666666667,0,1
0.438,0.26,0.7434615384615385,-0.5,0.4166666666666667,0,1
0.438,0.26,0.7538461538461538,-0.5,0.4166666666666667,0,1
0.438,0.26,0.7642307692307693,-0.5,0.4166666666666667,0,1
0.438,0.26,0.7746153846153846,-0.5,0.4166666666666667,0,1
0.438,0.26,0.785,-0.5,0.4166666666666667,0,1
0.438,0.74,0.8015384615384615,0.5,0.8333333333333334,1,1
0.438,0.74,0.8196153846153846,0.5,0.8333333333333334,1,1
0.438,0.74,0.8376923076923077,0.5,0.8333333333333334,1,1
0.438,0.74,0.8557692307692307,0.5,0.8333333333333334,1,1
0.438,0.74,0.8738461538461538,0.5,0.8333333333333334,1,1
0.438,0.74,0.8919230769230769,0.5,0.8333333333333334,1,1
0.438,0.74,0.91,0.5,0.8333333333333334,1,1
0.452,0.74,0.928076923076923,0.5,0.8333333333333334,1,2
0.466,0.26,0.8784615384615385,-0.5,0.4166666666666667,0,2
0.48,0.26,0.8888461538461538,-0.5,0.4166666666666667,0,2
0.494,0.26,0.8992307692307693,-0.5,0.4166666666666667,0,2
0.508,0.26,0.9096153846153846,-0.5,0.4166666666666667,0,2
0.522,0.26,0.92,-0.5,0.4166666666666667,0,2
0.536,0.26,0.9303846153846154,-0.5,0.4166666666666667,0,2
0.55,0.74,0.8196153846153846,0.5,0.8333333333333334,0,2
0.564,0.74,0.8376923076923077,0.5,0.8333333333333334,0,2
0.564,0.74,0.8557692307692307,0.5,0.8333333333333334,0,1
0.564,0.74,0.8738461538461538,0.5,0.8333333333333334,0,1
0.564,0.74,0.8919230769230769,0.5,0.8333333333333334,0,1
0.564,0.74,0.91,0.5,0.8333333333333334,0,1
0.564,0.74,0.928076923076923,0.5,0.8333333333333334,0,1
0.564,0.5,-0.32384615384615384,0.0,0.75,0,1
0.564,0.5,-0.3073076923076923,0.0,0.75,0,1
0.564,0.5,-0.2907692307692308,0.0,0.75,0,1
0.564,0.5,-0.2742307692307692,0.0,0.75,0,1
0.564,0.5,-0.25769230769230766,0.0,0.75,0,1
0.564,0.5,-0.24115384615384616,0.0,0.75,0,1
0.564,0.5,-0.2246153846153846,0.0,0.75,0,1
0.578,0.5,-0.20807692307692308,0.0,0.75,0,2
0.592,0.5,-0.19153846153846155,0.0,0.75,0,2
0.606,0.5,-0.175,0.0,0.75,0,2
0.62,0.5,-0.15846153846153846,-0.5,0.75,0,2
0.634,0.5,-0.14192307692307693,-0.5,0.75,0,2
0.648,0.5,-0.12538461538461537,-0.5,0.75,0,2
0.662,0.5,-0.10884615384615384,-0.5,0.75,0,2
0.662,0.5,-0.09230769230769231,-0.5,0.75,0,1
0.662,0.5,-0.07576923076923077,-0.5,0.75,0,1
0.662,0.5,-0.05923076923076923,-0.5,0.75,0,1
0.662,0.5,-0.04269230769230769,-0.5,0.75,0,1
0.662,0.5,-0.026153846153846153,-0.5,0.75,0,1
0.662,0.5,-0.009615384615384616,-0.5,0.75,0,1
0.662,0.5,0.006923076923076923,-0.5,0.75,0,1
0.662,0.5,0.02346153846153846,-0.5,0.75,0,1
0.662,0.5,0.04,-0.5,0.75,0,1
0.662,0.5,0.05653846153846154,-0.5,0.75,0,1
0.662,0.5,0.07307692307692308,-0.5,0.75,0,1
0.662,0.5,0.08961538461538461,-0.5,0.75,0,1
0.648,0.5,0.10615384615384615,-0.5,0.75,0,0
0.634,0.5,0.1226923076923077,-0.5,0.75,0,0
0.62,0.5,0.13923076923076924,-0.5,0.75,0,0
0.606,0.5,0.15576923076923077,0.0,0.75,0,0
0.592,0.5,0.1723076923076923,0.0,0.75,0,0
0.578,0.5,0.18884615384615386,0.0,0.75,0,0
0.564,0.5,0.2053846153846154,0.0,0.75,0,0
0.55,0.5,0.22192307692307692,0.0,0.75,0,0
0.536,0.5,0.23846153846153847,0.0,0.75,0,0
0.522,0.5,0.255,0.0,0.75,0,0
0.522,0.5,0.27153846153846156,0.0,0.75,0,1
0.522,0.5,0.28807692307692306,0.0,0.75,0,1
0.522,0.5,0.3046153846153846,0.0,0.75,0,1
0.522,0.5,0.3211538461538462,0.0,0.75,0,1
0.536,0.5,0.3376923076923077,0.0,0.75,0,2
0.55,0.5,0.35423076923076924,0.0,0.75,0,2
0.564,0.5,0.3707692307692308,0.0,0.75,0,2
0.578,0.5,0.3873076923076923,0.0,0.75,0,2
0.592,0.5,0.40384615384615385,0.0,0.75,0,2
0.606,0.5,0.4203846153846154,0.0,0.75,0,2
0.62,0.5,0.4369230769230769,-0.5,0.75,0,2
0.634,0.5,0.45346153846153847,-0.5,0.75,0,2
0.648,0.5,0.47,-0.5,0.75,0,2
0.662,0.5,0.48653846153846153,-0.5,0.75,0,2
0.676,0.5,0.5030769230769231,-0.5,0.75,0,2
0.69,0.5,0.5196153846153846,-0.5,0.75,0,2
0.704,0.5,0.5361538461538462,-0.5,0.75,0,2
0.718,0.5,0.5526923076923077,-0.5,0.75,0,2
0.732,0.5,0.5692307692307692,-0.5,0.75,0,2
0.746,0.5,0.5857692307692308,-0.5,0.75,0,2
0.746,0.5,0.6023076923076923,-0.5,0.75,0,1
0.746,0.5,0.6188461538461538,-0.5,0.75,0,1
0.746,0.5,0.6353846153846154,-0.5,0.75,0,1
0.746,0.5,0.6519230769230769,-0.5,0.75,0,1
0.746,0.5,0.6684615384615384,-0.5,0.75,0,1
0.746,0.5,0.685,-0.5,0.75,0,1
0.746,0.5,0.7015384615384616,-0.5,0.75,0,1
0.746,0.5,0.7180769230769231,-0.5,0.75,0,1
0.746,0.5,0.7346153846153847,-0.5,0.75,0,1
0.746,0.5,0.7511538461538462,-0.5,0.75,0,1
0.746,0.5,0.7676923076923077,-0.5,0.75,0,1
0.746,0.5,0.7842307692307692,-0.5,0.75,0,1
0.746,0.5,0.8007692307692308,-0.5,0.75,0,1
0.746,0.5,0.8173076923076923,-0.5,0.75,0,1
0.746,0.5,0.8338461538461538,-0.5,0.75,0,1
0.746,0.5,0.8503846153846154,-0.5,0.75,0,1
0.746,0.5,0.8669230769230769,-0.5,0.75,0,1
0.746,0.5,0.8834615384615384,-0.5,0.75,0,1
0.746,0.5,0.9,-0.5,0.75,0,1
0.746,0.5,0.9165384615384615,-0.5,0.75,0,1
0.746,0.5,0.933076923076923,-0.5,0.75,0,1
0.746,0.74,0.34615384615384615,0.0,0.4166666666666667,0,1
0.746,0.74,0.3565384615384615,0.0,0.4166666666666667,0,1
0.746,0.74,0.3669230769230769,0.0,0.4166666666666667,0,1
0.746,0.74,0.3773076923076923,0.0,0.4166666666666667,0,1
0.746,0.74,0.38769230769230767,0.0,0.4166666666666667,0,1
0.732,0.74,0.39807692307692305,0.0,0.4166666666666667,0,0
0.718,0.74,0.4084615384615385,0.0,0.4166666666666667,0,0
0.704,0.74,0.41884615384615387,0.0,0.4166666666666667,0,0
0.69,0.74,0.42923076923076925,0.0,0.4166666666666667,0,0
0.676,0.74,0.43961538461538463,0.0,0.4166666666666667,0,0
0.662,0.74,0.45,0.0,0.4166666666666667,0,0
0.648,0.74,0.4603846153846154,0.0,0.4166666666666667,0,0
0.634,0.74,0.4707692307692308,0.0,0.4166666666666667,0,0
0.62,0.74,0.48115384615384615,0.0,0.4166666666666667,0,0
0.606,0.74,0.49153846153846154,0.5,0.4166666666666667,0,0
0.592,0.74,0.5019230769230769,0.5,0.4166666666666667,0,0
0.578,0.74,0.5123076923076924,0.5,0.4166666666666667,0,0
0.564,0.74,0.5226923076923077,0.5,0.4166666666666667,0,0
0.564,0.74,0.5330769230769231,0.5,0.4166666666666667,0,1
0.564,0.74,0.5434615384615384,0.5,0.4166666666666667,0,1
0.564,0.74,0.5538461538461539,0.5,0.4166666666666667,0,1
0.564,0.74,0.5642307692307692,0.5,0.4166666666666667,0,1
0.564,0.26,0.5753846153846154,-0.5,0.5,1,1
0.564,0.26,0.5873076923076923,-0.5,0.5,1,1
0.564,0.26,0.5992307692307692,-0.5,0.5,1,1
0.564,0.26,0.6111538461538462,-0.5,0.5,1,1
0.564,0.26,0.6230769230769231,-0.5,0.5,1,1
0.578,0.26,0.635,-0.5,0.5,1,2
0.592,0.26,0.6469230769230769,-0.5,0.5,1,2
0.606,0.26,0.6588461538461539,-0.5,0.5,1,2
0.62,0.26,0.6707692307692308,-1.0,0.5,1,2
0.634,0.26,0.6826923076923077,-1.0,0.5,1,2
0.634,0.26,0.6946153846153846,-1.0,0.5,1,1
0.634,0.26,0.7065384615384616,-1.0,0.5,1,1
0.634,0.26,0.7184615384615385,-1.0,0.5,1,1
0.634,0.26,0.7303846153846154,-1.0,0.5,1,1
0.634,0.26,0.7423076923076923,-1.0,0.5,1,1
0.634,0.26,0.7542307692307693,-1.0,0.5,1,1
0.634,0.26,0.7661538461538462,-1.0,0.5,1,1
0.634,0.26,0.7780769230769231,-1.0,0.5,1,1
0.634,0.26,0.79,-1.0,0.5,1,1
0.634,0.26,0.801923076923077,-1.0,0.5,1,1
0.62,0.26,0.8138461538461539,-1.0,0.5,1,0
0.606,0.26,0.8257692307692308,-0.5,0.5,1,0
0.592,0.26,0.8376923076923077,-0.5,0.5,1,0
0.578,0.26,0.8496153846153847,-0.5,0.5,1,0
0.564,0.26,0.8615384615384616,-0.5,0.5,1,0
0.55,0.26,0.8734615384615385,-0.5,0.5,1,0
0.536,0.26,0.8853846153846154,-0.5,0.5,1,0
0.522,0.26,0.8973076923076924,-0.5,0.5,1,0
0.508,0.26,0.9092307692307692,-0.5,0.5,1,0
0.494,0.26,0.9211538461538461,-0.5,0.5,1,0
0.48,0.26,0.933076923076923,-0.5,0.5,1,0
0.466,0.74,0.8965384615384615,0.5,0.4166666666666667,0,0
0.452,0.74,0.9069230769230769,0.5,0.4166666666666667,0,0
0.452,0.74,0.9173076923076923,0.5,0.4166666666666667,0,1
0.452,0.74,0.9276923076923077,0.5,0.4166666666666667,0,1
0.452,0.74,0.938076923076923,0.5,0.4166666666666667,0,1
0.452,0.26,0.08346153846153846,-0.5,0.5833333333333334,0,1
0.452,0.26,0.09692307692307692,-0.5,0.5833333333333334,0,1
0.452,0.26,0.11038461538461539,-0.5,0.5833333333333334,0,1
0.452,0.26,0.12384615384615384,-0.5,0.5833333333333334,0,1
0.452,0.26,0.1373076923076923,-0.5,0.5833333333333334,0,1
0.452,0.26,0.15076923076923077,-0.5,0.5833333333333334,0,1
0.452,0.26,0.16423076923076924,-0.5,0.5833333333333334,0,1
0.452,0.26,0.1776923076923077,-0.5,0.5833333333333334,0,1
0.466,0.26,0.19115384615384615,-0.5,0.5833333333333334,0,2
0.48,0.26,0.20461538461538462,-0.5,0.5833333333333334,0,2
0.494,0.26,0.21807692307692308,-0.5,0.5833333333333334,0,2
0.508,0.26,0.23153846153846153,-0.5,0.5833333333333334,0,2
0.522,0.26,0.245,-0.5,0.5833333333333334,0,2
0.536,0.26,0.25846153846153846,-0.5,0.5833333333333334,0,2
0.55,0.26,0.27192307692307693,-0.5,0.5833333333333334,0,2
0.564,0.26,0.2853846153846154,-0.5,0.5833333333333334,0,2
0.578,0.26,0.2988461538461539,-0.5,0.5833333333333334,0,2
0.578,0.26,0.3123076923076923,-0.5,0.5833333333333334,0,1
0.578,0.26,0.32576923076923076,-0.5,0.5833333333333334,0,1
0.578,0.26,0.3392307692307692,-0.5,0.5833333333333334,0,1
0.578,0.26,0.3526923076923077,-0.5,0.5833333333333334,0,1
0.578,0.26,0.36615384615384616,-0.5,0.5833333333333334,0,1
0.578,0.26,0.37961538461538463,-0.5,0.5833333333333334,0,1
0.592,0.26,0.3930769230769231,-0.5,0.5833333333333334,0,2
0.606,0.26,0.4065384615384615,-0.5,0.5833333333333334,0,2
0.62,0.26,0.42,-1.0,0.5833333333333334,0,2
0.634,0.26,0.43346153846153845,-1.0,0.5833333333333334,0,2
0.648,0.26,0.4469230769230769,-1.0,0.5833333333333334,0,2
0.662,0.26,0.4603846153846154,-1.0,0.5833333333333334,0,2
0.676,0.26,0.47384615384615386,-1.0,0.5833333333333334,0,2
0.676,0.26,0.48730769230769233,-1.0,0.5833333333333334,0,1
0.676,0.26,0.5007692307692307,-1.0,0.5833333333333334,0,1
0.676,0.26,0.5142307692307693,-1.0,0.5833333333333334,0,1
0.676,0.26,0.5276923076923077,-1.0,0.5833333333333334,0,1
0.676,0.26,0.5411538461538462,-1.0,0.5833333333333334,0,1
0.676,0.26,0.5546153846153846,-1.0,0.5833333333333334,0,1
0.676,0.26,0.568076923076923,-1.0,0.5833333333333334,0,1
0.676,0.26,0.5815384615384616,-1.0,0.5833333333333334,0,1
0.676,0.26,0.595,-1.0,0.5833333333333334,0,1
0.676,0.26,0.6084615384615385,-1.0,0.5833333333333334,0,1
0.676,0.26,0.6219230769230769,-1.0,0.5833333333333334,0,1
0.676,0.26,0.6353846153846154,-1.0,0.5833333333333334,0,1
0.676,0.26,0.6488461538461539,-1.0,0.5833333333333334,0,1
0.676,0.26,0.6623076923076923,-1.0,0.5833333333333334,0,1
0.662,0.26,0.6757692307692308,-1.0,0.5833333333333334,0,0
0.648,0.26,0.6892307692307692,-1.0,0.5833333333333334,0,0
0.634,0.26,0.7026923076923077,-1.0,0.5833333333333334,0,0
0.62,0.26,0.7161538461538461,-1.0,0.5833333333333334,0,0
0.606,0.26,0.7296153846153847,-0.5,0.5833333333333334,0,0
0.592,0.26,0.7430769230769231,-0.5,0.5833333333333334,0,0
0.578,0.26,0.7565384615384615,-0.5,0.5833333333333334,0,0
0.578,0.26,0.77,-0.5,0.5833333333333334,0,1
0.578,0.26,0.7834615384615384,-0.5,0.5833333333333334,0,1
0.578,0.26,0.796923076923077,-0.5,0.5833333333333334,0,1
0.578,0.26,0.8103846153846154,-0.5,0.5833333333333334,0,1
0.578,0.26,0.8238461538461539,-0.5,0.5833333333333334,0,1
0.592,0.26,0.8373076923076923,-0.5,0.5833333333333334,0,2
0.606,0.26,0.8507692307692307,-0.5,0.5833333333333334,0,2
0.62,0.26,0.8642307692307692,-1.0,0.5833333333333334,0,2
0.634,0.26,0.8776923076923077,-1.0,0.5833333333333334,0,2
0.648,0.26,0.8911538461538462,-1.0,0.5833333333333334,0,2
0.662,0.26,0.9046153846153846,-1.0,0.5833333333333334,0,2
0.676,0.26,0.9180769230769231,-1.0,0.5833333333333334,0,2
0.69,0.26,0.9315384615384615,-1.0,0.5833333333333334,0,2
0.704,0.5,0.3557692307692308,-0.5,0.5,0,2
0.704,0.5,0.3676923076923077,-0.5,0.5,0,1
0.704,0.5,0.37961538461538463,-0.5,0.5,0,1
0.704,0.5,0.39153846153846156,-0.5,0.5,0,1
0.704,0.5,0.4034615384615385,-0.5,0.5,0,1
0.704,0.5,0.4153846153846154,-0.5,0.5,0,1
0.704,0.5,0.42730769230769233,-0.5,0.5,0,1
0.704,0.5,0.43923076923076926,-0.5,0.5,0,1
0.704,0.5,0.4511538461538461,-0.5,0.5,0,1
0.704,0.5,0.46307692307692305,-0.5,0.5,0,1
0.718,0.5,0.475,-0.5,0.5,0,2
0.732,0.5,0.4869230769230769,-0.5,0.5,0,2
0.732,0.5,0.49884615384615383,-0.5,0.5,0,1
0.732,0.5,0.5107692307692308,-0.5,0.5,0,1
0.732,0.5,0.5226923076923077,-0.5,0.5,0,1
0.732,0.5,0.5346153846153846,-0.5,0.5,0,1
0.732,0.5,0.5465384615384615,-0.5,0.5,0,1
0.732,0.5,0.5584615384615385,-0.5,0.5,0,1
0.732,0.5,0.5703846153846154,-0.5,0.5,0,1
0.732,0.5,0.5823076923076923,-0.5,0.5,0,1
0.732,0.5,0.5942307692307692,-0.5,0.5,0,1
0.732,0.5,0.6061538461538462,-0.5,0.5,0,1
0.732,0.5,0.6180769230769231,-0.5,0.5,0,1
0.732,0.5,0.63,-0.5,0.5,0,1
0.732,0.5,0.6419230769230769,-0.5,0.5,0,1
0.732,0.5,0.6538461538461539,-0.5,0.5,0,1
0.732,0.5,0.6657692307692308,-0.5,0.5,0,1
0.732,0.5,0.6776923076923077,-0.5,0.5,0,1
0.732,0.5,0.6896153846153846,-0.5,0.5,0,1
0.732,0.5,0.7015384615384616,-0.5,0.5,0,1
0.732,0.5,0.7134615384615385,-0.5,0.5,0,1
0.732,0.5,0.7253846153846154,-0.5,0.5,0,1
0.732,0.5,0.7373076923076923,-0.5,0.5,0,1
0.732,0.5,0.7492307692307693,-0.5,0.5,0,1
0.732,0.5,0.7611538461538462,-0.5,0.5,0,1
0.732,0.5,0.7730769230769231,-0.5,0.5,0,1
0.732,0.5,0.785,-0.5,0.5,0,1
0.732,0.5,0.796923076923077,-0.5,0.5,0,1
0.732,0.5,0.8088461538461539,-0.5,0.5,0,1
0.732,0.5,0.8207692307692308,-0.5,0.5,0,1
0.732,0.5,0.8326923076923077,-0.5,0.5,0,1
0.732,0.5,0.8446153846153847,-0.5,0.5,0,1
0.732,0.5,0.8565384615384616,-0.5,0.5,0,1
0.732,0.5,0.8684615384615385,-0.5,0.5,0,1
0.732,0.5,0.8803846153846154,-0.5,0.5,0,1
0.732,0.5,0.8923076923076924,-0.5,0.5,0,1
0.718,0.5,0.9042307692307693,-0.5,0.5,0,0
0.704,0.5,0.9161538461538462,-0.5,0.5,0,0
0.69,0.5,0.928076923076923,-0.5,0.5,0,0
0.676,0.26,0.5792307692307692,-1.0,0.4166666666666667,1,0
0.662,0.26,0.5896153846153847,-1.0,0.4166666666666667,1,0
0.648,0.26,0.6,-1.0,0.4166666666666667,1,0
0.634,0.26,0.6103846153846154,-1.0,0.4166666666666667,1,0
0.62,0.26,0.6207692307692307,-1.0,0.4166666666666667,1,0
0.606,0.26,0.6311538461538462,-0.5,0.4166666666666667,1,0
0.592,0.26,0.6415384615384615,-0.5,0.4166666666666667,1,0
0.578,0.26,0.6519230769230769,-0.5,0.4166666666666667,1,0
0.564,0.26,0.6623076923076923,-0.5,0.4166666666666667,1,0
0.55,0.26,0.6726923076923077,-0.5,0.4166666666666667,1,0
0.55,0.26,0.683076923076923,-0.5,0.4166666666666667,1,1
0.55,0.26,0.6934615384615385,-0.5,0.4166666666666667,1,1
0.55,0.26,0.7038461538461539,-0.5,0.4166666666666667,1,1
0.55,0.26,0.7142307692307692,-0.5,0.4166666666666667,1,1
0.55,0.26,0.7246153846153847,-0.5,0.4166666666666667,1,1
0.55,0.26,0.735,-0.5,0.4166666666666667,1,1
0.55,0.26,0.7453846153846154,-0.5,0.4166666666666667,1,1
0.55,0.26,0.7557692307692307,-0.5,0.4166666666666667,1,1
0.55,0.26,0.7661538461538462,-0.5,0.4166666666666667,1,1
0.55,0.26,0.7765384615384615,-0.5,0.4166666666666667,1,1
0.55,0.26,0.786923076923077,-0.5,0.4166666666666667,1,1
0.55,0.26,0.7973076923076923,-0.5,0.4166666666666667,1,1
0.55,0.26,0.8076923076923077,-0.5,0.4166666666666667,1,1
0.55,0.26,0.818076923076923,-0.5,0.4166666666666667,1,1
0.55,0.26,0.8284615384615385,-0.5,0.4166666666666667,1,1
0.55,0.26,0.8388461538461538,-0.5,0.4166666666666667,1,1
0.55,0.26,0.8492307692307692,-0.5,0.4166666666666667,1,1
0.55,0.26,0.8596153846153847,-0.5,0.4166666666666667,1,1
0.55,0.26,0.87,-0.5,0.4166666666666667,1,1
0.55,0.26,0.8803846153846154,-0.5,0.4166666666666667,1,1
0.55,0.26,0.8907692307692308,-0.5,0.4166666666666667,1,1
0.55,0.26,0.9011538461538462,-0.5,0.4166666666666667,1,1
0.536,0.26,0.9115384615384615,-0.5,0.4166666666666667,1,0
0.522,0.26,0.921923076923077,-0.5,0.4166666666666667,1,0
0.508,0.26,0.9323076923076923,-0.5,0.4166666666666667,1,0
0.494,0.26,0.9342307692307692,-0.5,0.6666666666666666,0,0
0.494,0.26,0.24576923076923077,-0.5,0.75,0,1
0.494,0.26,0.2623076923076923,-0.5,0.75,0,1
0.494,0.26,0.27884615384615385,-0.5,0.75,0,1
0.494,0.26,0.2953846153846154,-0.5,0.75,0,1
0.494,0.26,0.3119230769230769,-0.5,0.75,0,1
0.494,0.26,0.32846153846153847,-0.5,0.75,0,1
0.494,0.26,0.345,-0.5,0.75,0,1
0.508,0.26,0.36153846153846153,-0.5,0.75,0,2
0.522,0.26,0.3780769230769231,-0.5,0.75,0,2
0.536,0.26,0.3946153846153846,-0.5,0.75,0,2
0.55,0.26,0.41115384615384615,-0.5,0.75,0,2
0.564,0.26,0.4276923076923077,-0.5,0.75,0,2
0.578,0.26,0.4442307692307692,-0.5,0.75,0,2
0.592,0.26,0.46076923076923076,-0.5,0.75,0,2
0.606,0.26,0.4773076923076923,-0.5,0.75,0,2
0.606,0.26,0.4938461538461538,-0.5,0.75,0,1
0.606,0.26,0.5103846153846154,-0.5,0.75,0,1
0.606,0.26,0.5269230769230769,-0.5,0.75,0,1
0.606,0.26,0.5434615384615384,-0.5,0.75,0,1
0.606,0.26,0.56,-0.5,0.75,0,1
0.606,0.26,0.5765384615384616,-0.5,0.75,0,1
0.606,0.26,0.5930769230769231,-0.5,0.75,0,1
0.62,0.26,0.6096153846153847,-1.0,0.75,0,2
0.634,0.26,0.6261538461538462,-1.0,0.75,0,2
0.648,0.26,0.6426923076923077,-1.0,0.75,0,2
0.662,0.26,0.6592307692307692,-1.0,0.75,0,2
0.676,0.26,0.6757692307692308,-1.0,0.75,0,2
0.69,0.26,0.6923076923076923,-1.0,0.75,0,2
0.69,0.26,0.7088461538461538,-1.0,0.75,0,1
0.69,0.26,0.7253846153846154,-1.0,0.75,0,1
0.69,0.26,0.7419230769230769,-1.0,0.75,0,1
0.69,0.26,0.7584615384615384,-1.0,0.75,0,1
0.69,0.26,0.775,-1.0,0.75,0,1
0.69,0.26,0.7915384615384615,-1.0,0.75,0,1
0.704,0.26,0.808076923076923,-1.0,0.75,0,2
0.718,0.26,0.8246153846153846,-1.0,0.75,0,2
0.732,0.26,0.8411538461538461,-1.0,0.75,0,2
0.746,0.26,0.8576923076923076,-1.0,0.75,0,2
0.76,0.26,0.8742307692307693,-1.0,0.75,0,2
0.774,0.26,0.8907692307692308,-1.0,0.75,0,2
0.788,0.26,0.9073076923076923,-1.0,0.75,0,2
0.802,0.26,0.9238461538461539,-1.0,0.75,0,2
0.802,0.5,0.4023076923076923,-0.5,0.75,0,2
0.802,0.5,0.41884615384615387,-0.5,0.75,0,2
0.802,0.5,0.43538461538461537,-0.5,0.75,0,2
0.802,0.5,0.4519230769230769,-0.5,0.75,0,1
0.802,0.5,0.4684615384615385,-0.5,0.75,0,1
0.802,0.5,0.485,-0.5,0.75,0,1
0.802,0.5,0.5015384615384615,-0.5,0.75,0,1
0.802,0.5,0.5180769230769231,-0.5,0.75,0,1
0.802,0.5,0.5346153846153846,-0.5,0.75,0,1
0.802,0.5,0.5511538461538461,-0.5,0.75,0,1
0.802,0.5,0.5676923076923077,-0.5,0.75,0,1
0.802,0.5,0.5842307692307692,-0.5,0.75,0,1
0.802,0.5,0.6007692307692307,-0.5,0.75,0,1
0.802,0.5,0.6173076923076923,-0.5,0.75,0,1
0.802,0.5,0.6338461538461538,-0.5,0.75,0,1
0.802,0.5,0.6503846153846153,-0.5,0.75,0,1
0.802,0.5,0.666923076923077,-0.5,0.75,0,1
0.802,0.5,0.6834615384615385,-0.5,0.75,0,1
0.802,0.5,0.7,-0.5,0.75,0,1
0.802,0.5,0.7165384615384616,-0.5,0.75,0,1
0.802,0.5,0.7330769230769231,-0.5,0.75,0,1
0.802,0.5,0.7496153846153846,-0.5,0.75,0,1
0.802,0.5,0.7661538461538462,-0.5,0.75,0,1
0.802,0.5,0.7826923076923077,-0.5,0.75,0,1
0.802,0.5,0.7992307692307692,-0.5,0.75,0,1
0.802,0.5,0.8157692307692308,-0.5,0.75,0,1
0.802,0.5,0.8323076923076923,-0.5,0.75,0,1
0.802,0.5,0.8488461538461538,-0.5,0.75,0,1
0.802,0.5,0.8653846153846154,-0.5,0.75,0,1
0.802,0.5,0.8819230769230769,-0.5,0.75,0,1
0.802,0.5,0.8984615384615384,-0.5,0.75,0,1
0.788,0.5,0.915,-0.5,0.75,0,0
0.774,0.5,0.9315384615384615,-0.5,0.75,0,0
0.76,0.5,0.7276923076923076,-0.5,0.75,1,0
0.746,0.5,0.7442307692307693,-0.5,0.75,1,0
0.732,0.5,0.7607692307692308,-0.5,0.75,1,0
0.718,0.5,0.7773076923076923,-0.5,0.75,1,0
0.704,0.5,0.7938461538461539,-0.5,0.75,1,0
0.69,0.5,0.8103846153846154,-0.5,0.75,1,0
0.676,0.5,0.8269230769230769,-0.5,0.75,1,0
0.662,0.5,0.8434615384615385,-0.5,0.75,1,0
0.648,0.5,0.86,-0.5,0.75,1,0
0.634,0.5,0.8765384615384615,-0.5,0.75,1,0
0.62,0.5,0.8930769230769231,-0.5,0.75,1,0
0.606,0.5,0.9096153846153846,0.0,0.75,1,0
0.592,0.5,0.9261538461538461,0.0,0.75,1,0
0.578,0.5,0.20692307692307693,0.0,0.4166666666666667,0,0
0.564,0.5,0.2173076923076923,0.0,0.4166666666666667,0,0
0.55,0.5,0.2276923076923077,0.0,0.4166666666666667,0,0
0.536,0.5,0.23807692307692307,0.0,0.4166666666666667,0,0
0.522,0.5,0.24846153846153846,0.0,0.4166666666666667,0,0
0.522,0.5,0.25884615384615384,0.0,0.4166666666666667,0,1
0.522,0.5,0.2692307692307692,0.0,0.4166666666666667,0,1
0.522,0.5,0.2796153846153846,0.0,0.4166666666666667,0,1
0.522,0.5,0.29,0.0,0.4166666666666667,0,1
0.522,0.5,0.30038461538461536,0.0,0.4166666666666667,0,1
0.522,0.5,0.31076923076923074,0.0,0.4166666666666667,0,1
0.522,0.5,0.3211538461538462,0.0,0.4166666666666667,0,1
0.522,0.5,0.33153846153846156,0.0,0.4166666666666667,0,1
0.522,0.5,0.34192307692307694,0.0,0.4166666666666667,0,1
0.522,0.5,0.3523076923076923,0.0,0.4166666666666667,0,1
0.522,0.5,0.3626923076923077,0.0,0.4166666666666667,0,1
0.522,0.5,0.3730769230769231,0.0,0.4166666666666667,0,1
0.522,0.5,0.38346153846153846,0.0,0.4166666666666667,0,1
0.522,0.5,0.39384615384615385,0.0,0.4166666666666667,0,1
0.522,0.5,0.4042307692307692,0.0,0.4166666666666667,0,1
0.508,0.5,0.4146153846153846,0.0,0.4166666666666667,0,0
0.494,0.5,0.425,0.0,0.4166666666666667,0,0
0.48,0.5,0.43538461538461537,0.0,0.4166666666666667,0,0
0.466,0.5,0.44576923076923075,0.0,0.4166666666666667,0,0
0.452,0.5,0.45615384615384613,0.0,0.4166666666666667,0,0
0.438,0.5,0.4665384615384615,0.0,0.4166666666666667,0,0
0.424,0.5,0.47692307692307695,0.0,0.4166666666666667,0,0
0.41,0.5,0.48730769230769233,0.0,0.4166666666666667,0,0
0.396,0.5,0.4976923076923077,0.0,0.4166666666666667,0,0
0.382,0.5,0.5080769230769231,0.0,0.4166666666666667,0,0
0.368,0.5,0.5184615384615384,0.5,0.4166666666666667,0,0
0.354,0.5,0.5288461538461539,0.5,0.4166666666666667,0,0
0.34,0.5,0.5392307692307692,0.5,0.4166666666666667,0,0
0.326,0.5,0.5496153846153846,0.5,0.4166666666666667,0,0
0.312,0.5,0.56,0.5,0.4166666666666667,0,0
0.298,0.5,0.5703846153846154,0.5,0.4166666666666667,0,0
0.284,0.5,0.5807692307692308,0.5,0.4166666666666667,0,0
0.284,0.5,0.5911538461538461,0.5,0.4166666666666667,0,1
0.284,0.5,0.6015384615384616,0.5,0.4166666666666667,0,1
0.284,0.5,0.6119230769230769,0.5,0.4166666666666667,0,1
0.284,0.5,0.6223076923076923,0.5,0.4166666666666667,0,1
0.284,0.5,0.6326923076923077,0.5,0.4166666666666667,0,1
0.284,0.5,0.6430769230769231,0.5,0.4166666666666667,0,1
0.284,0.5,0.6534615384615384,0.5,0.4166666666666667,0,1
0.284,0.5,0.6638461538461539,0.5,0.4166666666666667,0,1
0.284,0.5,0.6742307692307692,0.5,0.4166666666666667,0,1
0.284,0.5,0.6846153846153846,0.5,0.4166666666666667,0,1
0.284,0.5,0.695,0.5,0.4166666666666667,0,1
0.284,0.5,0.7053846153846154,0.5,0.4166666666666667,0,1
0.284,0.5,0.7157692307692308,0.5,0.4166666666666667,0,1
0.284,0.5,0.7261538461538461,0.5,0.4166666666666667,0,1
0.284,0.5,0.7365384615384616,0.5,0.4166666666666667,0,1
0.284,0.5,0.7469230769230769,0.5,0.4166666666666667,0,1
0.284,0.5,0.7573076923076923,0.5,0.4166666666666667,0,1
0.284,0.5,0.7676923076923077,0.5,0.4166666666666667,0,1
0.284,0.5,0.7780769230769231,0.5,0.4166666666666667,0,1
0.284,0.5,0.7884615384615384,0.5,0.4166666666666667,0,1
0.284,0.5,0.7988461538461539,0.5,0.4166666666666667,0,1
0.284,0.5,0.8092307692307692,0.5,0.4166666666666667,0,1
0.284,0.5,0.8196153846153846,0.5,0.4166666666666667,0,1
0.284,0.5,0.83,0.5,0.4166666666666667,0,1
0.284,0.5,0.8403846153846154,0.5,0.4166666666666667,0,1
0.298,0.5,0.8507692307692307,0.5,0.4166666666666667,0,2
0.312,0.5,0.8611538461538462,0.5,0.4166666666666667,0,2
0.326,0.5,0.8715384615384615,0.5,0.4166666666666667,0,2
0.34,0.5,0.8819230769230769,0.5,0.4166666666666667,0,2
0.354,0.5,0.8923076923076924,0.5,0.4166666666666667,0,2
0.368,0.5,0.9026923076923077,0.5,0.4166666666666667,0,2
0.382,0.5,0.9130769230769231,0.0,0.4166666666666667,0,2
0.396,0.5,0.9234615384615384,0.0,0.4166666666666667,0,2
0.396,0.5,0.9338461538461539,0.0,0.4166666666666667,0,1
0.396,0.74,0.9303846153846154,0.5,0.6666666666666666,0,1
0.396,0.26,0.7861538461538462,-0.5,0.75,1,1
0.396,0.26,0.8026923076923077,-0.5,0.75,1,1
0.396,0.26,0.8192307692307692,-0.5,0.75,1,1
0.396,0.26,0.8357692307692308,-0.5,0.75,1,1
0.396,0.26,0.8523076923076923,-0.5,0.75,1,1
0.396,0.26,0.8688461538461538,-0.5,0.75,1,1
0.396,0.26,0.8853846153846154,-0.5,0.75,1,1
0.396,0.26,0.9019230769230769,-0.5,0.75,1,1
0.396,0.26,0.9184615384615384,-0.5,0.75,1,1
0.396,0.26,0.935,-0.5,0.75,1,1
0.396,0.26,-0.15923076923076923,-0.5,0.5833333333333334,1,1
0.396,0.26,-0.14576923076923076,-0.5,0.5833333333333334,1,1
0.396,0.26,-0.13230769230769232,-0.5,0.5833333333333334,1,1
0.396,0.26,-0.11884615384615385,-0.5,0.5833333333333334,1,1
0.41,0.26,-0.10538461538461538,-0.5,0.5833333333333334,1,2
0.424,0.26,-0.09192307692307693,-0.5,0.5833333333333334,1,2
0.438,0.26,-0.07846153846153846,-0.5,0.5833333333333334,1,2
0.452,0.26,-0.065,-0.5,0.5833333333333334,1,2
0.466,0.26,-0.05153846153846154,-0.5,0.5833333333333334,1,2
0.48,0.26,-0.03807692307692308,-0.5,0.5833333333333334,1,2
0.494,0.26,-0.024615384615384615,-0.5,0.5833333333333334,1,2
0.508,0.26,-0.011153846153846153,-0.5,0.5833333333333334,1,2
0.522,0.26,0.002307692307692308,-0.5,0.5833333333333334,1,2
0.536,0.26,0.015769230769230768,-0.5,0.5833333333333334,1,2
0.55,0.26,0.02923076923076923,-0.5,0.5833333333333334,1,2
0.564,0.26,0.04269230769230769,-0.5,0.5833333333333334,1,2
0.578,0.26,0.05615384615384615,-0.5,0.5833333333333334,1,2
0.592,0.26,0.06961538461538462,-0.5,0.5833333333333334,1,2
0.606,0.26,0.08307692307692308,-0.5,0.5833333333333334,1,2
0.606,0.26,0.09653846153846155,-0.5,0.5833333333333334,1,1
0.606,0.26,0.11,-0.5,0.5833333333333334,1,1
0.606,0.26,0.12346153846153846,-0.5,0.5833333333333334,1,1
0.606,0.26,0.13692307692307693,-0.5,0.5833333333333334,1,1
0.606,0.26,0.1503846153846154,-0.5,0.5833333333333334,1,1
0.606,0.26,0.16384615384615384,-0.5,0.5833333333333334,1,1
0.606,0.26,0.1773076923076923,-0.5,0.5833333333333334,1,1
0.606,0.26,0.19076923076923077,-0.5,0.5833333333333334,1,1
0.62,0.26,0.20423076923076924,-1.0,0.5833333333333334,1,2
0.634,0.26,0.21769230769230768,-1.0,0.5833333333333334,1,2
0.648,0.26,0.23115384615384615,-1.0,0.5833333333333334,1,2
0.662,0.26,0.24461538461538462,-1.0,0.5833333333333334,1,2
0.676,0.26,0.2580769230769231,-1.0,0.5833333333333334,1,2
0.69,0.26,0.27153846153846156,-1.0,0.5833333333333334,1,2
0.704,0.26,0.285,-1.0,0.5833333333333334,1,2
0.718,0.26,0.29846153846153844,-1.0,0.5833333333333334,1,2
0.732,0.26,0.3119230769230769,-1.0,0.5833333333333334,1,2
0.732,0.26,0.3253846153846154,-1.0,0.5833333333333334,1,1
0.746,0.26,0.33884615384615385,-1.0,0.5833333333333334,1,2
0.76,0.26,0.3523076923076923,-1.0,0.5833333333333334,1,2
0.774,0.26,0.3657692307692308,-1.0,0.5833333333333334,1,2
0.788,0.26,0.3792307692307692,-1.0,0.5833333333333334,1,2
0.802,0.26,0.3926923076923077,-1.0,0.5833333333333334,1,2
0.802,0.26,0.40615384615384614,-1.0,0.5833333333333334,1,2
0.802,0.26,0.4196153846153846,-1.0,0.5833333333333334,1,1
0.802,0.26,0.4330769230769231,-1.0,0.5833333333333334,1,1
0.802,0.26,0.44653846153846155,-1.0,0.5833333333333334,1,1
0.802,0.26,0.46,-1.0,0.5833333333333334,1,1
0.802,0.26,0.4734615384615385,-1.0,0.5833333333333334,1,1
0.802,0.26,0.4869230769230769,-1.0,0.5833333333333334,1,1
0.802,0.26,0.5003846153846154,-1.0,0.5833333333333334,1,1
0.802,0.26,0.5138461538461538,-1.0,0.5833333333333334,1,1
0.802,0.26,0.5273076923076923,-1.0,0.5833333333333334,1,1
0.802,0.26,0.5407692307692308,-1.0,0.5833333333333334,1,1
0.802,0.26,0.5542307692307692,-1.0,0.5833333333333334,1,1
0.802,0.26,0.5676923076923077,-1.0,0.5833333333333334,1,1
0.802,0.26,0.5811538461538461,-1.0,0.5833333333333334,1,1
0.802,0.26,0.5946153846153847,-1.0,0.5833333333333334,1,1
0.802,0.26,0.6080769230769231,-1.0,0.5833333333333334,1,1
0.802,0.26,0.6215384615384615,-1.0,0.5833333333333334,1,1
0.802,0.26,0.635,-1.0,0.5833333333333334,1,1
0.802,0.26,0.6484615384615384,-1.0,0.5833333333333334,1,1
0.802,0.26,0.661923076923077,-1.0,0.5833333333333334,1,1
0.802,0.26,0.6753846153846154,-1.0,0.5833333333333334,1,1
0.788,0.26,0.6888461538461539,-1.0,0.5833333333333334,1,0
0.774,0.26,0.7023076923076923,-1.0,0.5833333333333334,1,0
0.76,0.26,0.7157692307692308,-1.0,0.5833333333333334,1,0
0.746,0.26,0.7292307692307692,-1.0,0.5833333333333334,1,0
0.732,0.26,0.7426923076923077,-1.0,0.5833333333333334,1,0
0.718,0.26,0.7561538461538462,-1.0,0.5833333333333334,1,0
0.718,0.26,0.7696153846153846,-1.0,0.5833333333333334,1,1
0.718,0.26,0.7830769230769231,-1.0,0.5833333333333334,1,1
0.718,0.26,0.7965384615384615,-1.0,0.5833333333333334,1,1
0.718,0.26,0.81,-1.0,0.5833333333333334,1,1
0.718,0.26,0.8234615384615385,-1.0,0.5833333333333334,1,1
0.732,0.26,0.8369230769230769,-1.0,0.5833333333333334,1,2
0.746,0.26,0.8503846153846154,-1.0,0.5833333333333334,1,2
0.76,0.26,0.8638461538461538,-1.0,0.5833333333333334,1,2
0.774,0.26,0.8773076923076923,-1.0,0.5833333333333334,1,2
0.788,0.26,0.8907692307692308,-1.0,0.5833333333333334,1,2
0.802,0.26,0.9042307692307693,-1.0,0.5833333333333334,1,2
0.802,0.5,0.9180769230769231,-0.5,0.6666666666666666,0,2
0.802,0.5,0.933076923076923,-0.5,0.6666666666666666,0,2
0.802,0.5,0.4411538461538462,-0.5,0.4166666666666667,0,2
0.802,0.5,0.45153846153846156,-0.5,0.4166666666666667,0,2
0.802,0.5,0.46192307692307694,-0.5,0.4166666666666667,0,1
0.802,0.5,0.4723076923076923,-0.5,0.4166666666666667,0,1
0.802,0.5,0.4826923076923077,-0.5,0.4166666666666667,0,1
0.802,0.5,0.4930769230769231,-0.5,0.4166666666666667,0,1
0.802,0.5,0.5034615384615385,-0.5,0.4166666666666667,0,1
0.802,0.5,0.5138461538461538,-0.5,0.4166666666666667,0,1
0.802,0.5,0.5242307692307693,-0.5,0.4166666666666667,0,1
0.802,0.5,0.5346153846153846,-0.5,0.4166666666666667,0,1
0.802,0.5,0.545,-0.5,0.4166666666666667,0,1
0.802,0.5,0.5553846153846154,-0.5,0.4166666666666667,0,1
0.802,0.5,0.5657692307692308,-0.5,0.4166666666666667,0,1
0.802,0.5,0.5761538461538461,-0.5,0.4166666666666667,0,1
0.802,0.5,0.5865384615384616,-0.5,0.4166666666666667,0,1
0.802,0.5,0.5969230769230769,-0.5,0.4166666666666667,0,1
0.802,0.5,0.6073076923076923,-0.5,0.4166666666666667,0,1
0.802,0.5,0.6176923076923077,-0.5,0.4166666666666667,0,1
0.802,0.5,0.6280769230769231,-0.5,0.4166666666666667,0,1
0.802,0.5,0.6384615384615384,-0.5,0.4166666666666667,0,1
0.802,0.5,0.6488461538461539,-0.5,0.4166666666666667,0,1
0.802,0.5,0.6592307692307692,-0.5,0.4166666666666667,0,1
0.802,0.5,0.6696153846153846,-0.5,0.4166666666666667,0,1
0.802,0.5,0.68,-0.5,0.4166666666666667,0,1
0.802,0.5,0.6903846153846154,-0.5,0.4166666666666667,0,1
0.802,0.5,0.7007692307692308,-0.5,0.4166666666666667,0,1
0.802,0.5,0.7111538461538461,-0.5,0.4166666666666667,0,1
0.802,0.5,0.7215384615384616,-0.5,0.4166666666666667,0,1
0.802,0.5,0.7319230769230769,-0.5,0.4166666666666667,0,1
0.802,0.5,0.7423076923076923,-0.5,0.4166666666666667,0,1
0.802,0.5,0.7526923076923077,-0.5,0.4166666666666667,0,1
0.802,0.5,0.7630769230769231,-0.5,0.4166666666666667,0,1
0.802,0.5,0.7734615384615384,-0.5,0.4166666666666667,0,1
0.802,0.5,0.7838461538461539,-0.5,0.4166666666666667,0,1
0.802,0.5,0.7942307692307692,-0.5,0.4166666666666667,0,1
0.802,0.5,0.8046153846153846,-0.5,0.4166666666666667,0,1
0.802,0.5,0.815,-0.5,0.4166666666666667,0,1
0.802,0.5,0.8253846153846154,-0.5,0.4166666666666667,0,1
0.802,0.5,0.8357692307692308,-0.5,0.4166666666666667,0,1
0.802,0.5,0.8461538461538461,-0.5,0.4166666666666667,0,1
0.802,0.5,0.8565384615384616,-0.5,0.4166666666666667,0,1
0.802,0.5,0.8669230769230769,-0.5,0.4166666666666667,0,1
0.802,0.5,0.8773076923076923,-0.5,0.4166666666666667,0,1
0.802,0.5,0.8876923076923077,-0.5,0.4166666666666667,0,1
0.802,0.5,0.8980769230769231,-0.5,0.4166666666666667,0,1
0.802,0.5,0.9084615384615384,-0.5,0.4166666666666667,0,1
0.802,0.5,0.9188461538461539,-0.5,0.4166666666666667,0,1
0.802,0.5,0.9292307692307692,-0.5,0.4166666666666667,0,1
0.802,0.5,0.9396153846153846,-0.5,0.4166666666666667,0,1
0.788,0.74,0.31076923076923074,0.0,0.75,1,0
0.774,0.74,0.3273076923076923,0.0,0.75,1,0
0.76,0.74,0.34384615384615386,0.0,0.75,1,0
0.746,0.74,0.36038461538461536,0.0,0.75,1,0
0.732,0.74,0.3769230769230769,0.0,0.75,1,0
0.718,0.74,0.3934615384615385,0.0,0.75,1,0
0.704,0.74,0.41,0.0,0.75,1,0
0.69,0.74,0.42653846153846153,0.0,0.75,1,0
0.676,0.74,0.4430769230769231,0.0,0.75,1,0
0.662,0.74,0.4596153846153846,0.0,0.75,1,0
0.648,0.74,0.47615384615384615,0.0,0.75,1,0
0.634,0.74,0.4926923076923077,0.0,0.75,1,0
0.62,0.74,0.5092307692307693,0.0,0.75,1,0
0.62,0.74,0.5257692307692308,0.0,0.75,1,1
0.62,0.74,0.5423076923076923,0.0,0.75,1,1
0.62,0.74,0.5588461538461539,0.0,0.75,1,1
0.62,0.74,0.5753846153846154,0.0,0.75,1,1
0.62,0.74,0.5919230769230769,0.0,0.75,1,1
0.62,0.74,0.6084615384615385,0.0,0.75,1,1
0.62,0.74,0.625,0.0,0.75,1,1
0.62,0.74,0.6415384615384615,0.0,0.75,1,1
0.606,0.74,0.6580769230769231,0.5,0.75,1,0
0.592,0.74,0.6746153846153846,0.5,0.75,1,0
0.578,0.74,0.6911538461538461,0.5,0.75,1,0
0.564,0.74,0.7076923076923077,0.5,0.75,1,0
0.55,0.74,0.7242307692307692,0.5,0.75,1,0
0.55,0.74,0.7407692307692307,0.5,0.75,1,1
0.55,0.74,0.7573076923076923,0.5,0.75,1,1
0.55,0.74,0.7738461538461539,0.5,0.75,1,1
0.55,0.74,0.7903846153846154,0.5,0.75,1,1
0.55,0.74,0.806923076923077,0.5,0.75,1,1
0.536,0.74,0.8234615384615385,0.5,0.75,1,0
0.522,0.74,0.84,0.5,0.75,1,0
0.508,0.74,0.8565384615384616,0.5,0.75,1,0
0.494,0.74,0.8730769230769231,0.5,0.75,1,0
0.48,0.74,0.8896153846153846,0.5,0.75,1,0
0.466,0.74,0.9061538461538462,0.5,0.75,1,0
0.466,0.74,0.9226923076923077,0.5,0.75,1,1
0.466,0.74,0.9392307692307692,0.5,0.75,1,1
0.466,0.26,0.8476923076923077,-0.5,0.8333333333333334,0,1
0.466,0.26,0.8657692307692307,-0.5,0.8333333333333334,0,1
0.466,0.26,0.8838461538461538,-0.5,0.8333333333333334,0,1
0.466,0.26,0.9019230769230769,-0.5,0.8333333333333334,0,1
0.466,0.26,0.92,-0.5,0.8333333333333334,0,1
0.466,0.26,0.938076923076923,-0.5,0.8333333333333334,0,1
0.466,0.5,0.03,0.0,0.6666666666666666,1,1
0.48,0.5,0.045,0.0,0.6666666666666666,1,2
0.494,0.5,0.06,0.0,0.6666666666666666,1,2
0.508,0.5,0.075,0.0,0.6666666666666666,1,2
0.522,0.5,0.09,0.0,0.6666666666666666,1,2
0.536,0.5,0.105,0.0,0.6666666666666666,1,2
0.55,0.5,0.12,0.0,0.6666666666666666,1,2
0.564,0.5,0.135,0.0,0.6666666666666666,1,2
0.578,0.5,0.15,0.0,0.6666666666666666,1,2
0.592,0.5,0.165,0.0,0.6666666666666666,1,2
0.606,0.5,0.18,0.0,0.6666666666666666,1,2
0.62,0.5,0.195,-0.5,0.6666666666666666,1,2
0.62,0.5,0.21,-0.5,0.6666666666666666,1,1
0.62,0.5,0.225,-0.5,0.6666666666666666,1,1
0.62,0.5,0.24,-0.5,0.6666666666666666,1,1
0.62,0.5,0.255,-0.5,0.6666666666666666,1,1
0.62,0.5,0.27,-0.5,0.6666666666666666,1,1
0.62,0.5,0.285,-0.5,0.6666666666666666,1,1
0.62,0.5,0.3,-0.5,0.6666666666666666,1,1
0.62,0.5,0.315,-0.5,0.6666666666666666,1,1
0.634,0.5,0.33,-0.5,0.6666666666666666,1,2
0.648,0.5,0.345,-0.5,0.6666666666666666,1,2
0.662,0.5,0.36,-0.5,0.6666666666666666,1,2
0.676,0.5,0.375,-0.5,0.6666666666666666,1,2
0.69,0.5,0.39,-0.5,0.6666666666666666,1,2
0.704,0.5,0.405,-0.5,0.6666666666666666,1,2
0.718,0.5,0.42,-0.5,0.6666666666666666,1,2
0.732,0.5,0.435,-0.5,0.6666666666666666,1,2
0.746,0.5,0.45,-0.5,0.6666666666666666,1,2
0.76,0.5,0.465,-0.5,0.6666666666666666,1,2
0.774,0.5,0.48,-0.5,0.6666666666666666,1,2
0.788,0.5,0.495,-0.5,0.6666666666666666,1,2
0.802,0.5,0.51,-0.5,0.6666666666666666,1,2
0.802,0.5,0.525,-0.5,0.6666666666666666,1,2
0.802,0.5,0.54,-0.5,0.6666666666666666,1,1
0.802,0.5,0.555,-0.5,0.6666666666666666,1,1
0.802,0.5,0.57,-0.5,0.6666666666666666,1,1
0.802,0.5,0.585,-0.5,0.6666666666666666,1,1
0.802,0.5,0.6,-0.5,0.6666666666666666,1,1
0.802,0.5,0.615,-0.5,0.6666666666666666,1,1
0.802,0.5,0.63,-0.5,0.6666666666666666,1,1
0.802,0.5,0.645,-0.5,0.6666666666666666,1,1
0.802,0.5,0.66,-0.5,0.6666666666666666,1,1
0.802,0.5,0.675,-0.5,0.6666666666666666,1,1
0.802,0.5,0.69,-0.5,0.6666666666666666,1,1
0.802,0.5,0.705,-0.5,0.6666666666666666,1,1
0.802,0.5,0.72,-0.5,0.6666666666666666,1,1
0.802,0.5,0.735,-0.5,0.6666666666666666,1,1
0.802,0.5,0.75,-0.5,0.6666666666666666,1,1
0.802,0.5,0.765,-0.5,0.6666666666666666,1,1
0.802,0.5,0.78,-0.5,0.6666666666666666,1,1
0.802,0.5,0.795,-0.5,0.6666666666666666,1,1
0.802,0.5,0.81,-0.5,0.6666666666666666,1,1
0.802,0.5,0.825,-0.5,0.6666666666666666,1,1
0.802,0.5,0.84,-0.5,0.6666666666666666,1,1
0.802,0.5,0.855,-0.5,0.6666666666666666,1,1
0.802,0.5,0.87,-0.5,0.6666666666666666,1,1
0.802,0.5,0.885,-0.5,0.6666666666666666,1,1
0.802,0.5,0.9,-0.5,0.6666666666666666,1,1
0.802,0.5,0.915,-0.5,0.6666666666666666,1,1
0.802,0.5,0.93,-0.5,0.6666666666666666,1,1
0.802,0.5,0.6569230769230769,-0.5,0.6666666666666666,1,1
0.802,0.5,0.671923076923077,-0.5,0.6666666666666666,1,1
0.802,0.5,0.686923076923077,-0.5,0.6666666666666666,1,1
0.802,0.5,0.7019230769230769,-0.5,0.6666666666666666,1,1
0.802,0.5,0.7169230769230769,-0.5,0.6666666666666666,1,1
0.802,0.5,0.7319230769230769,-0.5,0.6666666666666666,1,1
0.802,0.5,0.7469230769230769,-0.5,0.6666666666666666,1,1
0.802,0.5,0.7619230769230769,-0.5,0.6666666666666666,1,1
0.802,0.5,0.7769230769230769,-0.5,0.6666666666666666,1,1
0.802,0.5,0.791923076923077,-0.5,0.6666666666666666,1,1
0.802,0.5,0.806923076923077,-0.5,0.6666666666666666,1,1
0.802,0.5,0.821923076923077,-0.5,0.6666666666666666,1,1
0.802,0.5,0.8369230769230769,-0.5,0.6666666666666666,1,1
0.802,0.5,0.8519230769230769,-0.5,0.6666666666666666,1,1
0.802,0.5,0.8669230769230769,-0.5,0.6666666666666666,1,1
0.802,0.5,0.8819230769230769,-0.5,0.6666666666666666,1,1
0.802,0.5,0.8969230769230769,-0.5,0.6666666666666666,1,1
0.802,0.5,0.911923076923077,-0.5,0.6666666666666666,1,1
0.802,0.5,0.926923076923077,-0.5,0.6666666666666666,1,1
0.802,0.5,0.7084615384615385,-0.5,0.8333333333333334,1,1
0.802,0.5,0.7265384615384616,-0.5,0.8333333333333334,1,1
0.802,0.5,0.7446153846153846,-0.5,0.8333333333333334,1,1
0.802,0.5,0.7626923076923077,-0.5,0.8333333333333334,1,1
0.802,0.5,0.7807692307692308,-0.5,0.8333333333333334,1,1
0.802,0.5,0.7988461538461539,-0.5,0.8333333333333334,1,1
0.802,0.5,0.816923076923077,-0.5,0.8333333333333334,1,1
0.802,0.5,0.835,-0.5,0.8333333333333334,1,1
0.802,0.5,0.8530769230769231,-0.5,0.8333333333333334,1,1
0.788,0.5,0.8711538461538462,-0.5,0.8333333333333334,1,0
0.774,0.5,0.8892307692307693,-0.5,0.8333333333333334,1,0
0.76,0.5,0.9073076923076923,-0.5,0.8333333333333334,1,0
0.746,0.5,0.9253846153846154,-0.5,0.8333333333333334,1,0
0.732,0.74,0.043076923076923075,0.0,0.75,0,0
0.718,0.74,0.05961538461538462,0.0,0.75,0,0
0.704,0.74,0.07615384615384616,0.0,0.75,0,0
0.69,0.74,0.0926923076923077,0.0,0.75,0,0
0.676,0.74,0.10923076923076923,0.0,0.75,0,0
0.662,0.74,0.12576923076923077,0.0,0.75,0,0
0.648,0.74,0.1423076923076923,0.0,0.75,0,0
0.634,0.74,0.15884615384615386,0.0,0.75,0,0
0.62,0.74,0.1753846153846154,0.0,0.75,0,0
0.606,0.74,0.19192307692307692,0.5,0.75,0,0
0.592,0.74,0.20846153846153845,0.5,0.75,0,0
0.578,0.74,0.225,0.5,0.75,0,0
0.564,0.74,0.24153846153846154,0.5,0.75,0,0
0.55,0.74,0.2580769230769231,0.5,0.75,0,0
0.536,0.74,0.2746153846153846,0.5,0.75,0,0
0.522,0.74,0.29115384615384615,0.5,0.75,0,0
0.508,0.74,0.3076923076923077,0.5,0.75,0,0
0.494,0.74,0.3242307692307692,0.5,0.75,0,0
0.48,0.74,0.34076923076923077,0.5,0.75,0,0
0.466,0.74,0.3573076923076923,0.5,0.75,0,0
0.466,0.74,0.37384615384615383,0.5,0.75,0,1
0.466,0.74,0.3903846153846154,0.5,0.75,0,1
0.466,0.74,0.40692307692307694,0.5,0.75,0,1
0.466,0.74,0.42346153846153844,0.5,0.75,0,1
0.466,0.74,0.44,0.5,0.75,0,1
0.466,0.74,0.45653846153846156,0.5,0.75,0,1
0.466,0.74,0.47307692307692306,0.5,0.75,0,1
0.466,0.74,0.4896153846153846,0.5,0.75,0,1
0.466,0.74,0.5061538461538462,0.5,0.75,0,1
0.466,0.74,0.5226923076923077,0.5,0.75,0,1
0.466,0.74,0.5392307692307692,0.5,0.75,0,1
0.466,0.74,0.5557692307692308,0.5,0.75,0,1
0.466,0.74,0.5723076923076923,0.5,0.75,0,1
0.466,0.74,0.5888461538461538,0.5,0.75,0,1
0.466,0.74,0.6053846153846154,0.5,0.75,0,1
0.466,0.74,0.6219230769230769,0.5,0.75,0,1
0.466,0.74,0.6384615384615384,0.5,0.75,0,1
0.466,0.74,0.655,0.5,0.75,0,1
0.466,0.74,0.6715384615384615,0.5,0.75,0,1
0.466,0.74,0.688076923076923,0.5,0.75,0,1
0.466,0.74,0.7046153846153846,0.5,0.75,0,1
0.452,0.74,0.7211538461538461,0.5,0.75,0,0
0.438,0.74,0.7376923076923076,0.5,0.75,0,0
0.424,0.74,0.7542307692307693,0.5,0.75,0,0
0.41,0.74,0.7707692307692308,0.5,0.75,0,0
0.396,0.74,0.7873076923076923,0.5,0.75,0,0
0.382,0.74,0.8038461538461539,0.5,0.75,0,0
0.368,0.74,0.8203846153846154,1.0,0.75,0,0
0.354,0.74,0.8369230769230769,1.0,0.75,0,0
0.34,0.74,0.8534615384615385,1.0,0.75,0,0
0.34,0.74,0.87,1.0,0.75,0,1
0.34,0.74,0.8865384615384615,1.0,0.75,0,1
0.34,0.74,0.9030769230769231,1.0,0.75,0,1
0.34,0.74,0.9196153846153846,1.0,0.75,0,1
0.34,0.74,0.9361538461538461,1.0,0.75,0,1
0.34,0.74,0.6538461538461539,1.0,0.8333333333333334,1,1
0.34,0.74,0.671923076923077,1.0,0.8333333333333334,1,1
0.34,0.74,0.69,1.0,0.8333333333333334,1,1
0.34,0.74,0.708076923076923,1.0,0.8333333333333334,1,1
0.34,0.74,0.7261538461538461,1.0,0.8333333333333334,1,1
0.34,0.74,0.7442307692307693,1.0,0.8333333333333334,1,1
0.34,0.74,0.7623076923076924,1.0,0.8333333333333334,1,1
0.354,0.74,0.7803846153846153,1.0,0.8333333333333334,1,2
0.368,0.74,0.7984615384615384,1.0,0.8333333333333334,1,2
0.382,0.74,0.8165384615384615,0.5,0.8333333333333334,1,2
0.396,0.74,0.8346153846153846,0.5,0.8333333333333334,1,2
0.41,0.74,0.8526923076923076,0.5,0.8333333333333334,1,2
0.424,0.74,0.8707692307692307,0.5,0.8333333333333334,1,2
0.438,0.74,0.8888461538461538,0.5,0.8333333333333334,1,2
0.452,0.74,0.9069230769230769,0.5,0.8333333333333334,1,2
0.452,0.74,0.925,0.5,0.8333333333333334,1,1
0.452,0.74,0.5538461538461539,0.5,0.5,0,1
0.452,0.74,0.5657692307692308,0.5,0.5,0,1
0.452,0.74,0.5776923076923077,0.5,0.5,0,1
0.452,0.74,0.5896153846153847,0.5,0.5,0,1
0.452,0.74,0.6015384615384616,0.5,0.5,0,1
0.452,0.74,0.6134615384615385,0.5,0.5,0,1
0.452,0.74,0.6253846153846154,0.5,0.5,0,1
0.452,0.74,0.6373076923076924,0.5,0.5,0,1
0.452,0.74,0.6492307692307693,0.5,0.5,0,1
0.452,0.74,0.6611538461538462,0.5,0.5,0,1
0.452,0.74,0.6730769230769231,0.5,0.5,0,1
0.452,0.74,0.685,0.5,0.5,0,1
0.452,0.74,0.696923076923077,0.5,0.5,0,1
0.452,0.74,0.7088461538461538,0.5,0.5,0,1
0.452,0.74,0.7207692307692307,0.5,0.5,0,1
0.452,0.74,0.7326923076923076,0.5,0.5,0,1
0.452,0.74,0.7446153846153846,0.5,0.5,0,1
0.452,0.74,0.7565384615384615,0.5,0.5,0,1
0.452,0.74,0.7684615384615384,0.5,0.5,0,1
0.452,0.74,0.7803846153846153,0.5,0.5,0,1
0.452,0.74,0.7923076923076923,0.5,0.5,0,1
0.452,0.74,0.8042307692307692,0.5,0.5,0,1
0.466,0.74,0.8161538461538461,0.5,0.5,0,2
0.48,0.74,0.828076923076923,0.5,0.5,0,2
0.494,0.74,0.84,0.5,0.5,0,2
0.508,0.74,0.8519230769230769,0.5,0.5,0,2
0.522,0.74,0.8638461538461538,0.5,0.5,0,2
0.536,0.74,0.8757692307692307,0.5,0.5,0,2
0.55,0.74,0.8876923076923077,0.5,0.5,0,2
0.564,0.74,0.8996153846153846,0.5,0.5,0,2
0.564,0.74,0.9115384615384615,0.5,0.5,0,1
0.564,0.74,0.9234615384615384,0.5,0.5,0,1
0.564,0.74,0.9353846153846154,0.5,0.5,0,1
0.564,0.5,0.025384615384615384,0.0,0.5833333333333334,1,1
0.564,0.5,0.03884615384615384,0.0,0.5833333333333334,1,1
0.564,0.5,0.052307692307692305,0.0,0.5833333333333334,1,1
0.564,0.5,0.06576923076923077,0.0,0.5833333333333334,1,1
0.564,0.5,0.07923076923076923,0.0,0.5833333333333334,1,1
0.564,0.5,0.0926923076923077,0.0,0.5833333333333334,1,1
0.564,0.5,0.10615384615384615,0.0,0.5833333333333334,1,1
0.564,0.5,0.11961538461538461,0.0,0.5833333333333334,1,1
0.564,0.5,0.13307692307692306,0.0,0.5833333333333334,1,1
0.564,0.5,0.14653846153846153,0.0,0.5833333333333334,1,1
0.564,0.5,0.16,0.0,0.5833333333333334,1,1
0.564,0.5,0.17346153846153847,0.0,0.5833333333333334,1,1
0.564,0.5,0.18692307692307691,0.0,0.5833333333333334,1,1
0.564,0.5,0.20038461538461538,0.0,0.5833333333333334,1,1
0.564,0.5,0.21384615384615385,0.0,0.5833333333333334,1,1
0.578,0.5,0.2273076923076923,0.0,0.5833333333333334,1,2
0.592,0.5,0.24076923076923076,0.0,0.5833333333333334,1,2
0.606,0.5,0.2542307692307692,0.0,0.5833333333333334,1,2
0.62,0.5,0.2676923076923077,-0.5,0.5833333333333334,1,2
0.634,0.5,0.28115384615384614,-0.5,0.5833333333333334,1,2
0.648,0.5,0.2946153846153846,-0.5,0.5833333333333334,1,2
0.662,0.5,0.3080769230769231,-0.5,0.5833333333333334,1,2
0.676,0.5,0.32153846153846155,-0.5,0.5833333333333334,1,2
0.69,0.5,0.335,-0.5,0.5833333333333334,1,2
0.69,0.5,0.3484615384615385,-0.5,0.5833333333333334,1,1
0.69,0.5,0.3619230769230769,-0.5,0.5833333333333334,1,1
0.69,0.5,0.37538461538461537,-0.5,0.5833333333333334,1,1
0.69,0.5,0.38884615384615384,-0.5,0.5833333333333334,1,1
0.69,0.5,0.4023076923076923,-0.5,0.5833333333333334,1,1
0.69,0.5,0.4157692307692308,-0.5,0.5833333333333334,1,1
0.69,0.5,0.42923076923076925,-0.5,0.5833333333333334,1,1
0.69,0.5,0.4426923076923077,-0.5,0.5833333333333334,1,1
0.69,0.5,0.45615384615384613,-0.5,0.5833333333333334,1,1
0.69,0.5,0.4696153846153846,-0.5,0.5833333333333334,1,1
0.69,0.5,0.48307692307692307,-0.5,0.5833333333333334,1,1
0.69,0.5,0.49653846153846154,-0.5,0.5833333333333334,1,1
0.69,0.5,0.51,-0.5,0.5833333333333334,1,1
0.69,0.5,0.5234615384615384,-0.5,0.5833333333333334,1,1
0.69,0.5,0.536923076923077,-0.5,0.5833333333333334,1,1
0.69,0.5,0.5503846153846154,-0.5,0.5833333333333334,1,1
0.69,0.5,0.5638461538461539,-0.5,0.5833333333333334,1,1
0.69,0.5,0.5773076923076923,-0.5,0.5833333333333334,1,1
0.69,0.5,0.5907692307692308,-0.5,0.5833333333333334,1,1
0.69,0.5,0.6042307692307692,-0.5,0.5833333333333334,1,1
0.69,0.5,0.6176923076923077,-0.5,0.5833333333333334,1,1
0.69,0.5,0.6311538461538462,-0.5,0.5833333333333334,1,1
0.69,0.5,0.6446153846153846,-0.5,0.5833333333333334,1,1
0.69,0.5,0.6580769230769231,-0.5,0.5833333333333334,1,1
0.69,0.5,0.6715384615384615,-0.5,0.5833333333333334,1,1
0.69,0.5,0.685,-0.5,0.5833333333333334,1,1
0.69,0.5,0.6984615384615385,-0.5,0.5833333333333334,1,1
0.69,0.5,0.7119230769230769,-0.5,0.5833333333333334,1,1
0.69,0.5,0.7253846153846154,-0.5,0.5833333333333334,1,1
0.69,0.5,0.7388461538461538,-0.5,0.5833333333333334,1,1
0.69,0.5,0.7523076923076923,-0.5,0.5833333333333334,1,1
0.69,0.5,0.7657692307692308,-0.5,0.5833333333333334,1,1
0.69,0.5,0.7792307692307693,-0.5,0.5833333333333334,1,1
0.676,0.5,0.7942307692307692,-0.5,0.75,0,0
0.662,0.5,0.8107692307692308,-0.5,0.75,0,0
0.648,0.5,0.8273076923076923,-0.5,0.75,0,0
0.634,0.5,0.8438461538461538,-0.5,0.75,0,0
0.62,0.5,0.8603846153846154,-0.5,0.75,0,0
0.606,0.5,0.8769230769230769,0.0,0.75,0,0
0.606,0.5,0.8934615384615384,0.0,0.75,0,1
0.606,0.5,0.91,0.0,0.75,0,1
0.606,0.5,0.9265384615384615,0.0,0.75,0,1
0.606,0.5,0.9138461538461539,0.0,0.5833333333333334,1,1
0.606,0.5,0.9273076923076923,0.0,0.5833333333333334,1,1
0.606,0.74,0.7930769230769231,0.5,0.75,0,1
0.606,0.74,0.8096153846153846,0.5,0.75,0,1
0.606,0.74,0.8261538461538461,0.5,0.75,0,1
0.606,0.74,0.8426923076923077,0.5,0.75,0,1
0.606,0.74,0.8592307692307692,0.5,0.75,0,1
0.606,0.74,0.8757692307692307,0.5,0.75,0,1
0.606,0.74,0.8923076923076924,0.5,0.75,0,1
0.606,0.74,0.9088461538461539,0.5,0.75,0,1
0.606,0.74,0.9253846153846154,0.5,0.75,0,1
0.606,0.74,-0.2519230769230769,0.5,0.8333333333333334,1,1
0.606,0.74,-0.23384615384615384,0.5,0.8333333333333334,1,1
0.606,0.74,-0.21576923076923077,0.5,0.8333333333333334,1,1
0.606,0.74,-0.1976923076923077,0.5,0.8333333333333334,1,1
0.606,0.74,-0.17961538461538462,0.5,0.8333333333333334,1,1
0.606,0.74,-0.16153846153846155,0.5,0.8333333333333334,1,1
0.606,0.74,-0.14346153846153847,0.5,0.8333333333333334,1,1
0.606,0.74,-0.12538461538461537,0.5,0.8333333333333334,1,1
0.606,0.74,-0.10730769230769231,0.5,0.8333333333333334,1,1
0.606,0.74,-0.08923076923076922,0.5,0.8333333333333334,1,1
0.606,0.74,-0.07115384615384615,0.5,0.8333333333333334,1,1
0.592,0.74,-0.05307692307692308,0.5,0.8333333333333334,1,0
0.578,0.74,-0.035,0.5,0.8333333333333334,1,0
0.564,0.74,-0.016923076923076923,0.5,0.8333333333333334,1,0
0.55,0.74,0.001153846153846154,0.5,0.8333333333333334,1,0
0.536,0.74,0.019230769230769232,0.5,0.8333333333333334,1,0
0.522,0.74,0.037307692307692306,0.5,0.8333333333333334,1,0
0.508,0.74,0.055384615384615386,0.5,0.8333333333333334,1,0
0.494,0.74,0.07346153846153847,0.5,0.8333333333333334,1,0
0.494,0.74,0.09153846153846154,0.5,0.8333333333333334,1,1
0.494,0.74,0.10961538461538461,0.5,0.8333333333333334,1,1
0.494,0.74,0.1276923076923077,0.5,0.8333333333333334,1,1
0.494,0.74,0.14576923076923076,0.5,0.8333333333333334,1,1
0.494,0.74,0.16384615384615384,0.5,0.8333333333333334,1,1
0.494,0.74,0.1819230769230769,0.5,0.8333333333333334,1,1
0.494,0.74,0.2,0.5,0.8333333333333334,1,1
0.494,0.74,0.21807692307692308,0.5,0.8333333333333334,1,1
0.494,0.74,0.23615384615384616,0.5,0.8333333333333334,1,1
0.494,0.74,0.2542307692307692,0.5,0.8333333333333334,1,1
0.494,0.74,0.2723076923076923,0.5,0.8333333333333334,1,1
0.494,0.74,0.2903846153846154,0.5,0.8333333333333334,1,1
0.494,0.74,0.30846153846153845,0.5,0.8333333333333334,1,1
0.494,0.74,0.32653846153846156,0.5,0.8333333333333334,1,1
0.494,0.74,0.3446153846153846,0.5,0.8333333333333334,1,1
0.494,0.74,0.3626923076923077,0.5,0.8333333333333334,1,1
0.494,0.74,0.38076923076923075,0.5,0.8333333333333334,1,1
0.494,0.74,0.39884615384615385,0.5,0.8333333333333334,1,1
0.494,0.74,0.4169230769230769,0.5,0.8333333333333334,1,1
0.494,0.74,0.435,0.5,0.8333333333333334,1,1
0.494,0.74,0.4530769230769231,0.5,0.8333333333333334,1,1
0.494,0.74,0.47115384615384615,0.5,0.8333333333333334,1,1
0.494,0.74,0.48923076923076925,0.5,0.8333333333333334,1,1
0.494,0.74,0.5073076923076923,0.5,0.8333333333333334,1,1
0.494,0.74,0.5253846153846153,0.5,0.8333333333333334,1,1
0.508,0.74,0.5434615384615384,0.5,0.8333333333333334,1,2
0.522,0.74,0.5615384615384615,0.5,0.8333333333333334,1,2
0.536,0.74,0.5796153846153846,0.5,0.8333333333333334,1,2
0.55,0.74,0.5976923076923077,0.5,0.8333333333333334,1,2
0.564,0.74,0.6157692307692307,0.5,0.8333333333333334,1,2
0.578,0.74,0.6338461538461538,0.5,0.8333333333333334,1,2
0.592,0.74,0.6519230769230769,0.5,0.8333333333333334,1,2
0.606,0.74,0.67,0.5,0.8333333333333334,1,2
0.606,0.74,0.688076923076923,0.5,0.8333333333333334,1,1
0.606,0.74,0.7061538461538461,0.5,0.8333333333333334,1,1
0.606,0.74,0.7242307692307692,0.5,0.8333333333333334,1,1
0.606,0.74,0.7423076923076923,0.5,0.8333333333333334,1,1
0.606,0.74,0.7603846153846154,0.5,0.8333333333333334,1,1
0.606,0.74,0.7784615384615384,0.5,0.8333333333333334,1,1
0.606,0.74,0.7965384615384615,0.5,0.8333333333333334,1,1
0.606,0.74,0.8146153846153846,0.5,0.8333333333333334,1,1
0.592,0.74,0.8326923076923077,0.5,0.8333333333333334,1,0
0.578,0.74,0.8507692307692307,0.5,0.8333333333333334,1,0
0.564,0.74,0.8688461538461538,0.5,0.8333333333333334,1,0
0.55,0.74,0.8869230769230769,0.5,0.8333333333333334,1,0
0.536,0.74,0.905,0.5,0.8333333333333334,1,0
0.522,0.74,0.9230769230769231,0.5,0.8333333333333334,1,0
0.508,0.74,0.5084615384615384,0.5,0.8333333333333334,1,0
0.494,0.74,0.5265384615384615,0.5,0.8333333333333334,1,0
0.48,0.74,0.5446153846153846,0.5,0.8333333333333334,1,0
0.466,0.74,0.5626923076923077,0.5,0.8333333333333334,1,0
0.466,0.74,0.5807692307692308,0.5,0.8333333333333334,1,1
0.466,0.74,0.5988461538461538,0.5,0.8333333333333334,1,1
0.466,0.74,0.6169230769230769,0.5,0.8333333333333334,1,1
0.466,0.74,0.635,0.5,0.8333333333333334,1,1
0.466,0.74,0.6530769230769231,0.5,0.8333333333333334,1,1
0.48,0.74,0.6711538461538461,0.5,0.8333333333333334,1,2
0.494,0.74,0.6892307692307692,0.5,0.8333333333333334,1,2
0.508,0.74,0.7073076923076923,0.5,0.8333333333333334,1,2
0.522,0.74,0.7253846153846154,0.5,0.8333333333333334,1,2
0.536,0.74,0.7434615384615385,0.5,0.8333333333333334,1,2
0.55,0.74,0.7615384615384615,0.5,0.8333333333333334,1,2
0.564,0.74,0.7796153846153846,0.5,0.8333333333333334,1,2
0.578,0.74,0.7976923076923077,0.5,0.8333333333333334,1,2
0.592,0.74,0.8157692307692308,0.5,0.8333333333333334,1,2
0.606,0.74,0.8338461538461538,0.5,0.8333333333333334,1,2
0.62,0.74,0.8519230769230769,0.0,0.8333333333333334,1,2
0.62,0.74,0.87,0.0,0.8333333333333334,1,1
0.62,0.74,0.8880769230769231,0.0,0.8333333333333334,1,1
0.62,0.74,0.9061538461538462,0.0,0.8333333333333334,1,1
0.62,0.74,0.9242307692307692,0.0,0.8333333333333334,1,1
0.62,0.5,0.6576923076923077,-0.5,0.5833333333333334,0,1
0.62,0.5,0.6711538461538461,-0.5,0.5833333333333334,0,1
0.62,0.5,0.6846153846153846,-0.5,0.5833333333333334,0,1
0.62,0.5,0.698076923076923,-0.5,0.5833333333333334,0,1
0.62,0.5,0.7115384615384616,-0.5,0.5833333333333334,0,1
0.62,0.5,0.725,-0.5,0.5833333333333334,0,1
0.62,0.5,0.7384615384615385,-0.5,0.5833333333333334,0,1
0.62,0.5,0.7519230769230769,-0.5,0.5833333333333334,0,1
0.62,0.5,0.7653846153846153,-0.5,0.5833333333333334,0,1
0.62,0.5,0.7788461538461539,-0.5,0.5833333333333334,0,1
0.62,0.5,0.7923076923076923,-0.5,0.5833333333333334,0,1
0.62,0.5,0.8057692307692308,-0.5,0.5833333333333334,0,1
0.62,0.5,0.8192307692307692,-0.5,0.5833333333333334,0,1
0.62,0.5,0.8326923076923077,-0.5,0.5833333333333334,0,1
0.62,0.5,0.8461538461538461,-0.5,0.5833333333333334,0,1
0.62,0.5,0.8596153846153847,-0.5,0.5833333333333334,0,1
0.62,0.5,0.8730769230769231,-0.5,0.5833333333333334,0,1
0.62,0.5,0.8865384615384615,-0.5,0.5833333333333334,0,1
0.62,0.5,0.9,-0.5,0.5833333333333334,0,1
0.62,0.5,0.9134615384615384,-0.5,0.5833333333333334,0,1
0.62,0.5,0.926923076923077,-0.5,0.5833333333333334,0,1
0.62,0.74,0.10384615384615385,0.0,0.5833333333333334,0,1
0.62,0.74,0.11730769230769231,0.0,0.5833333333333334,0,1
0.62,0.74,0.13076923076923078,0.0,0.5833333333333334,0,1
0.62,0.74,0.14423076923076922,0.0,0.5833333333333334,0,1
0.62,0.74,0.1576923076923077,0.0,0.5833333333333334,0,1
0.62,0.74,0.17115384615384616,0.0,0.5833333333333334,0,1
0.62,0.74,0.18461538461538463,0.0,0.5833333333333334,0,1
0.62,0.74,0.19807692307692307,0.0,0.5833333333333334,0,1
0.62,0.74,0.21153846153846154,0.0,0.5833333333333334,0,1
0.62,0.74,0.225,0.0,0.5833333333333334,0,1
0.62,0.74,0.23846153846153847,0.0,0.5833333333333334,0,1
0.62,0.74,0.2519230769230769,0.0,0.5833333333333334,0,1
0.62,0.74,0.2653846153846154,0.0,0.5833333333333334,0,1
0.62,0.74,0.27884615384615385,0.0,0.5833333333333334,0,1
0.62,0.74,0.2923076923076923,0.0,0.5833333333333334,0,1
0.62,0.74,0.3057692307692308,0.0,0.5833333333333334,0,1
0.62,0.74,0.3192307692307692,0.0,0.5833333333333334,0,1
0.62,0.74,0.3326923076923077,0.0,0.5833333333333334,0,1
0.62,0.74,0.34615384615384615,0.0,0.5833333333333334,0,1
0.62,0.74,0.3596153846153846,0.0,0.5833333333333334,0,1
0.62,0.74,0.3730769230769231,0.0,0.5833333333333334,0,1
0.62,0.74,0.38653846153846155,0.0,0.5833333333333334,0,1
0.62,0.74,0.4,0.0,0.5833333333333334,0,1
0.62,0.74,0.41346153846153844,0.0,0.5833333333333334,0,1
0.62,0.74,0.4269230769230769,0.0,0.5833333333333334,0,1
0.62,0.74,0.4403846153846154,0.0,0.5833333333333334,0,1
0.62,0.74,0.45384615384615384,0.0,0.5833333333333334,0,1
0.62,0.74,0.4673076923076923,0.0,0.5833333333333334,0,1
0.62,0.74,0.4807692307692308,0.0,0.5833333333333334,0,1
0.62,0.74,0.49423076923076925,0.0,0.5833333333333334,0,1
0.62,0.74,0.5076923076923077,0.0,0.5833333333333334,0,1
0.62,0.74,0.5211538461538462,0.0,0.5833333333333334,0,1
0.62,0.74,0.5346153846153846,0.0,0.5833333333333334,0,1
0.62,0.74,0.5480769230769231,0.0,0.5833333333333334,0,1
0.606,0.74,0.5615384615384615,0.5,0.5833333333333334,0,0
0.592,0.74,0.575,0.5,0.5833333333333334,0,0
0.578,0.74,0.5884615384615385,0.5,0.5833333333333334,0,0
0.564,0.74,0.6019230769230769,0.5,0.5833333333333334,0,0
0.55,0.74,0.6153846153846154,0.5,0.5833333333333334,0,0
0.536,0.74,0.6288461538461538,0.5,0.5833333333333334,0,0
0.522,0.74,0.6423076923076924,0.5,0.5833333333333334,0,0
0.522,0.74,0.6557692307692308,0.5,0.5833333333333334,0,1
0.522,0.74,0.6692307692307692,0.5,0.5833333333333334,0,1
0.522,0.74,0.6826923076923077,0.5,0.5833333333333334,0,1
0.522,0.74,0.6961538461538461,0.5,0.5833333333333334,0,1
0.522,0.74,0.7096153846153846,0.5,0.5833333333333334,0,1
0.522,0.74,0.7230769230769231,0.5,0.5833333333333334,0,1
0.522,0.74,0.7365384615384616,0.5,0.5833333333333334,0,1
0.522,0.74,0.75,0.5,0.5833333333333334,0,1
0.522,0.74,0.7634615384615384,0.5,0.5833333333333334,0,1
0.522,0.74,0.7769230769230769,0.5,0.5833333333333334,0,1
0.522,0.74,0.7903846153846154,0.5,0.5833333333333334,0,1
0.522,0.74,0.8038461538461539,0.5,0.5833333333333334,0,1
0.522,0.74,0.8173076923076923,0.5,0.5833333333333334,0,1
0.522,0.74,0.8307692307692308,0.5,0.5833333333333334,0,1
0.522,0.74,0.8442307692307692,0.5,0.5833333333333334,0,1
0.522,0.74,0.8576923076923076,0.5,0.5833333333333334,0,1
0.522,0.74,0.8711538461538462,0.5,0.5833333333333334,0,1
0.536,0.74,0.8846153846153846,0.5,0.5833333333333334,0,2
0.55,0.74,0.8980769230769231,0.5,0.5833333333333334,0,2
0.564,0.74,0.9115384615384615,0.5,0.5833333333333334,0,2
0.578,0.74,0.925,0.5,0.5833333333333334,0,2
0.592,0.74,0.9384615384615385,0.5,0.5833333333333334,0,2
0.606,0.26,0.835,-0.5,0.5833333333333334,0,2
0.62,0.26,0.8484615384615385,-1.0,0.5833333333333334,0,2
0.634,0.26,0.8619230769230769,-1.0,0.5833333333333334,0,2
0.634,0.26,0.8753846153846154,-1.0,0.5833333333333334,0,1
0.634,0.26,0.8888461538461538,-1.0,0.5833333333333334,0,1
0.634,0.26,0.9023076923076923,-1.0,0.5833333333333334,0,1
0.634,0.26,0.9157692307692308,-1.0,0.5833333333333334,0,1
0.634,0.26,0.9292307692307692,-1.0,0.5833333333333334,0,1
0.634,0.5,0.5596153846153846,-0.5,0.75,0,1
0.634,0.5,0.5761538461538461,-0.5,0.75,0,1
0.634,0.5,0.5926923076923077,-0.5,0.75,0,1
0.634,0.5,0.6092307692307692,-0.5,0.75,0,1
0.634,0.5,0.6257692307692307,-0.5,0.75,0,1
0.634,0.5,0.6423076923076924,-0.5,0.75,0,1
0.634,0.5,0.6588461538461539,-0.5,0.75,0,1
0.634,0.5,0.6753846153846154,-0.5,0.75,0,1
0.634,0.5,0.691923076923077,-0.5,0.75,0,1
0.634,0.5,0.7084615384615385,-0.5,0.75,0,1
0.634,0.5,0.725,-0.5,0.75,0,1
0.634,0.5,0.7415384615384616,-0.5,0.75,0,1
0.634,0.5,0.7580769230769231,-0.5,0.75,0,1
0.634,0.5,0.7746153846153846,-0.5,0.75,0,1
0.634,0.5,0.7911538461538462,-0.5,0.75,0,1
0.634,0.5,0.8076923076923077,-0.5,0.75,0,1
0.634,0.5,0.8242307692307692,-0.5,0.75,0,1
0.634,0.5,0.8407692307692308,-0.5,0.75,0,1
0.634,0.5,0.8573076923076923,-0.5,0.75,0,1
0.634,0.5,0.8738461538461538,-0.5,0.75,0,1
0.634,0.5,0.8903846153846153,-0.5,0.75,0,1
0.634,0.5,0.9069230769230769,-0.5,0.75,0,1
0.634,0.5,0.9234615384615384,-0.5,0.75,0,1
0.634,0.26,-0.05153846153846154,-1.0,0.75,1,1
0.634,0.26,-0.035,-1.0,0.75,1,1
0.634,0.26,-0.018461538461538463,-1.0,0.75,1,1
0.634,0.26,-0.0019230769230769232,-1.0,0.75,1,1
0.634,0.26,0.014615384615384615,-1.0,0.75,1,1
0.634,0.26,0.031153846153846153,-1.0,0.75,1,1
0.634,0.26,0.047692307692307694,-1.0,0.75,1,1
0.634,0.26,0.06423076923076923,-1.0,0.75,1,1
0.634,0.26,0.08076923076923077,-1.0,0.75,1,1
0.634,0.26,0.0973076923076923,-1.0,0.75,1,1
0.634,0.26,0.11384615384615385,-1.0,0.75,1,1
0.62,0.26,0.13038461538461538,-1.0,0.75,1,0
0.606,0.26,0.14692307692307693,-0.5,0.75,1,0
0.592,0.26,0.16346153846153846,-0.5,0.75,1,0
0.578,0.26,0.18,-0.5,0.75,1,0
0.564,0.26,0.19653846153846155,-0.5,0.75,1,0
0.55,0.26,0.21307692307692308,-0.5,0.75,1,0
0.536,0.26,0.2296153846153846,-0.5,0.75,1,0
0.536,0.26,0.24615384615384617,-0.5,0.75,1,1
0.536,0.26,0.26269230769230767,-0.5,0.75,1,1
0.536,0.26,0.2792307692307692,-0.5,0.75,1,1
0.536,0.26,0.2957692307692308,-0.5,0.75,1,1
0.536,0.26,0.3123076923076923,-0.5,0.75,1,1
0.536,0.26,0.32884615384615384,-0.5,0.75,1,1
0.536,0.26,0.3453846153846154,-0.5,0.75,1,1
0.536,0.26,0.3619230769230769,-0.5,0.75,1,1
0.536,0.26,0.37846153846153846,-0.5,0.75,1,1
0.536,0.26,0.395,-0.5,0.75,1,1
0.536,0.26,0.4115384615384615,-0.5,0.75,1,1
0.522,0.26,0.4280769230769231,-0.5,0.75,1,0
0.508,0.26,0.44461538461538463,-0.5,0.75,1,0
0.494,0.26,0.46115384615384614,-0.5,0.75,1,0
0.48,0.26,0.4776923076923077,-0.5,0.75,1,0
0.48,0.26,0.49423076923076925,-0.5,0.75,1,1
0.48,0.26,0.5107692307692308,-0.5,0.75,1,1
0.48,0.26,0.5273076923076923,-0.5,0.75,1,1
0.48,0.26,0.5438461538461539,-0.5,0.75,1,1
0.48,0.26,0.5603846153846154,-0.5,0.75,1,1
0.48,0.26,0.5769230769230769,-0.5,0.75,1,1
0.48,0.26,0.5934615384615385,-0.5,0.75,1,1
0.48,0.26,0.61,-0.5,0.75,1,1
0.48,0.26,0.6265384615384615,-0.5,0.75,1,1
0.48,0.26,0.6430769230769231,-0.5,0.75,1,1
0.48,0.26,0.6596153846153846,-0.5,0.75,1,1
0.48,0.26,0.6761538461538461,-0.5,0.75,1,1
0.48,0.26,0.6926923076923077,-0.5,0.75,1,1
0.48,0.26,0.7092307692307692,-0.5,0.75,1,1
0.48,0.26,0.7257692307692307,-0.5,0.75,1,1
0.48,0.26,0.7423076923076923,-0.5,0.75,1,1
0.48,0.26,0.7588461538461538,-0.5,0.75,1,1
0.48,0.26,0.7753846153846153,-0.5,0.75,1,1
0.48,0.26,0.791923076923077,-0.5,0.75,1,1
0.48,0.26,0.8084615384615385,-0.5,0.75,1,1
0.48,0.26,0.825,-0.5,0.75,1,1
0.48,0.26,0.8415384615384616,-0.5,0.75,1,1
0.48,0.26,0.8580769230769231,-0.5,0.75,1,1
0.48,0.26,0.8746153846153846,-0.5,0.75,1,1
0.48,0.26,0.8911538461538462,-0.5,0.75,1,1
0.48,0.26,0.9076923076923077,-0.5,0.75,1,1
0.48,0.26,0.9242307692307692,-0.5,0.75,1,1
0.48,0.74,0.7853846153846153,0.5,0.75,1,1
0.48,0.74,0.801923076923077,0.5,0.75,1,1
0.48,0.74,0.8184615384615385,0.5,0.75,1,1
0.48,0.74,0.835,0.5,0.75,1,1
0.48,0.74,0.8515384615384616,0.5,0.75,1,1
0.48,0.74,0.8680769230769231,0.5,0.75,1,1
0.48,0.74,0.8846153846153846,0.5,0.75,1,1
0.466,0.74,0.9011538461538462,0.5,0.75,1,0
0.452,0.74,0.9176923076923077,0.5,0.75,1,0
0.438,0.74,0.9342307692307692,0.5,0.75,1,0
0.424,0.5,0.24076923076923076,0.0,0.5,1,0
0.41,0.5,0.2526923076923077,0.0,0.5,1,0
0.396,0.5,0.26461538461538464,0.0,0.5,1,0
0.382,0.5,0.2765384615384615,0.0,0.5,1,0
0.368,0.5,0.28846153846153844,0.5,0.5,1,0
0.354,0.5,0.30038461538461536,0.5,0.5,1,0
0.354,0.5,0.3123076923076923,0.5,0.5,1,1
0.354,0.5,0.3242307692307692,0.5,0.5,1,1
0.354,0.5,0.33615384615384614,0.5,0.5,1,1
0.354,0.5,0.34807692307692306,0.5,0.5,1,1
0.354,0.5,0.36,0.5,0.5,1,1
0.354,0.5,0.3719230769230769,0.5,0.5,1,1
0.354,0.5,0.38384615384615384,0.5,0.5,1,1
0.354,0.5,0.39576923076923076,0.5,0.5,1,1
0.354,0.5,0.4076923076923077,0.5,0.5,1,1
0.354,0.5,0.4196153846153846,0.5,0.5,1,1
0.354,0.5,0.43153846153846154,0.5,0.5,1,1
0.354,0.5,0.44346153846153846,0.5,0.5,1,1
0.354,0.5,0.4553846153846154,0.5,0.5,1,1
0.354,0.5,0.4673076923076923,0.5,0.5,1,1
0.354,0.5,0.47923076923076924,0.5,0.5,1,1
0.354,0.5,0.49115384615384616,0.5,0.5,1,1
0.354,0.5,0.5030769230769231,0.5,0.5,1,1
0.354,0.5,0.515,0.5,0.5,1,1
0.354,0.5,0.5269230769230769,0.5,0.5,1,1
0.354,0.5,0.5388461538461539,0.5,0.5,1,1
0.354,0.5,0.5507692307692308,0.5,0.5,1,1
0.354,0.5,0.5626923076923077,0.5,0.5,1,1
0.354,0.5,0.5746153846153846,0.5,0.5,1,1
0.354,0.5,0.5865384615384616,0.5,0.5,1,1
0.354,0.5,0.5984615384615385,0.5,0.5,1,1
0.354,0.5,0.6103846153846154,0.5,0.5,1,1
0.354,0.5,0.6223076923076923,0.5,0.5,1,1
0.354,0.5,0.6342307692307693,0.5,0.5,1,1
0.354,0.5,0.6461538461538462,0.5,0.5,1,1
0.354,0.5,0.6580769230769231,0.5,0.5,1,1
0.354,0.5,0.67,0.5,0.5,1,1
0.354,0.5,0.681923076923077,0.5,0.5,1,1
0.354,0.5,0.6938461538461539,0.5,0.5,1,1
0.354,0.5,0.7057692307692308,0.5,0.5,1,1
0.354,0.5,0.7176923076923077,0.5,0.5,1,1
0.354,0.5,0.7296153846153847,0.5,0.5,1,1
0.354,0.5,0.7415384615384616,0.5,0.5,1,1
0.354,0.5,0.7534615384615385,0.5,0.5,1,1
0.354,0.5,0.7653846153846153,0.5,0.5,1,1
0.354,0.5,0.7773076923076923,0.5,0.5,1,1
0.354,0.5,0.7892307692307692,0.5,0.5,1,1
0.354,0.5,0.8011538461538461,0.5,0.5,1,1
0.354,0.5,0.813076923076923,0.5,0.5,1,1
0.354,0.5,0.825,0.5,0.5,1,1
0.354,0.5,0.8369230769230769,0.5,0.5,1,1
0.354,0.5,0.8488461538461538,0.5,0.5,1,1
0.368,0.5,0.8607692307692307,0.5,0.5,1,2
0.382,0.5,0.8726923076923077,0.0,0.5,1,2
0.396,0.5,0.8846153846153846,0.0,0.5,1,2
0.41,0.5,0.8965384615384615,0.0,0.5,1,2
0.424,0.5,0.9084615384615384,0.0,0.5,1,2
0.5,0.74,-0.2,0.5,0.8333333333333334,0,1
0.5,0.74,-0.18461538461538463,0.5,0.8333333333333334,0,1
0.5,0.74,-0.16923076923076924,0.5,0.8333333333333334,0,1
0.5,0.74,-0.15384615384615385,0.5,0.8333333333333334,0,1
0.5,0.74,-0.13846153846153847,0.5,0.8333333333333334,0,1
0.5,0.74,-0.12307692307692308,0.5,0.8333333333333334,0,1
0.5,0.74,-0.1076923076923077,0.5,0.8333333333333334,0,1
0.5,0.74,-0.09230769230769231,0.5,0.8333333333333334,0,1
0.5,0.74,-0.07692307692307693,0.5,0.8333333333333334,0,1
0.5,0.74,-0.06153846153846154,0.5,0.8333333333333334,0,1
0.5,0.74,-0.046153846153846156,0.5,0.8333333333333334,0,1
0.5,0.74,-0.03076923076923077,0.5,0.8333333333333334,0,1
0.5,0.74,-0.015384615384615385,0.5,0.8333333333333334,0,1
0.5,0.74,0.0,0.5,0.8333333333333334,0,1
0.5,0.74,0.015384615384615385,0.5,0.8333333333333334,0,1
0.5,0.74,0.03076923076923077,0.5,0.8333333333333334,0,1
0.5,0.74,0.046153846153846156,0.5,0.8333333333333334,0,1
0.5,0.74,0.06153846153846154,0.5,0.8333333333333334,0,1
0.5,0.74,0.07692307692307693,0.5,0.8333333333333334,0,1
0.5,0.74,0.09230769230769231,0.5,0.8333333333333334,0,1
0.5,0.74,0.1076923076923077,0.5,0.8333333333333334,0,1
0.5,0.74,0.12307692307692308,0.5,0.8333333333333334,0,1
0.5,0.74,0.13846153846153847,0.5,0.8333333333333334,0,1
0.5,0.74,0.15384615384615385,0.5,0.8333333333333334,0,1
0.5,0.74,0.16923076923076924,0.5,0.8333333333333334,0,1
0.5,0.74,0.18461538461538463,0.5,0.8333333333333334,0,1
0.5,0.74,0.2,0.5,0.8333333333333334,0,1
0.5,0.74,0.2153846153846154,0.5,0.8333333333333334,0,1
0.5,0.74,0.23076923076923078,0.5,0.8333333333333334,0,1
0.5,0.74,0.24615384615384617,0.5,0.8333333333333334,0,1
0.5,0.74,0.26153846153846155,0.5,0.8333333333333334,0,1
0.5,0.74,0.27692307692307694,0.5,0.8333333333333334,0,1
0.5,0.74,0.2923076923076923,0.5,0.8333333333333334,0,1
0.5,0.74,0.3076923076923077,0.5,0.8333333333333334,0,1
0.5,0.74,0.3230769230769231,0.5,0.8333333333333334,0,1
0.5,0.74,0.3384615384615385,0.5,0.8333333333333334,0,1
0.5,0.74,0.35384615384615387,0.5,0.8333333333333334,0,1
0.5,0.74,0.36923076923076925,0.5,0.8333333333333334,0,1
0.5,0.74,0.38461538461538464,0.5,0.8333333333333334,0,1
0.5,0.74,0.4,0.5,0.8333333333333334,0,1
0.5,0.74,0.4153846153846154,0.5,0.8333333333333334,0,1
0.5,0.74,0.4307692307692308,0.5,0.8333333333333334,0,1
0.5,0.74,0.4461538461538462,0.5,0.8333333333333334,0,1
0.5,0.74,0.46153846153846156,0.5,0.8333333333333334,0,1
0.5,0.74,0.47692307692307695,0.5,0.8333333333333334,0,1
0.5,0.74,0.49230769230769234,0.5,0.8333333333333334,0,1
0.5,0.74,0.5076923076923077,0.5,0.8333333333333334,0,1
0.5,0.74,0.5230769230769231,0.5,0.8333333333333334,0,1
0.5,0.74,0.5384615384615384,0.5,0.8333333333333334,0,1
0.5,0.74,0.5538461538461539,0.5,0.8333333333333334,0,1
0.5,0.74,0.5692307692307692,0.5,0.8333333333333334,0,1
0.5,0.74,0.5846153846153846,0.5,0.8333333333333334,0,1
0.5,0.74,0.6,0.5,0.8333333333333334,0,1
0.5,0.74,0.6153846153846154,0.5,0.8333333333333334,0,1
0.5,0.74,0.6307692307692307,0.5,0.8333333333333334,0,1
0.5,0.74,0.6461538461538462,0.5,0.8333333333333334,0,1
0.5,0.74,0.6615384615384615,0.5,0.8333333333333334,0,1
0.5,0.74,0.676923076923077,0.5,0.8333333333333334,0,1
0.5,0.74,0.6923076923076923,0.5,0.8333333333333334,0,1
0.5,0.74,0.7076923076923077,0.5,0.8333333333333334,0,1
0.5,0.74,0.7230769230769231,0.5,0.8333333333333334,0,1
0.5,0.74,0.7384615384615385,0.5,0.8333333333333334,0,1
0.5,0.74,0.7538461538461538,0.5,0.8333333333333334,0,1
0.5,0.74,0.7692307692307693,0.5,0.8333333333333334,0,1
0.5,0.74,0.7846153846153846,0.5,0.8333333333333334,0,1
0.5,0.74,0.8,0.5,0.8333333333333334,0,1
0.5,0.74,0.8153846153846154,0.5,0.8333333333333334,0,1
0.5,0.74,0.8307692307692308,0.5,0.8333333333333334,0,1
0.5,0.74,0.8461538461538461,0.5,0.8333333333333334,0,1
0.5,0.74,0.8615384615384616,0.5,0.8333333333333334,0,1
0.5,0.74,0.8769230769230769,0.5,0.8333333333333334,0,1
0.5,0.74,0.8923076923076924,0.5,0.8333333333333334,0,1
0.5,0.74,0.9076923076923077,0.5,0.8333333333333334,0,1
0.5,0.74,0.9230769230769231,0.5,0.8333333333333334,0,1
0.5,0.74,0.9384615384615385,0.5,0.8333333333333334,0,1
0.5,0.74,0.1476923076923077,0.5,0.5,1,1
0.5,0.74,0.15692307692307692,0.5,0.5,1,1
0.5,0.74,0.16615384615384615,0.5,0.5,1,1
0.5,0.74,0.1753846153846154,0.5,0.5,1,1
0.5,0.74,0.18461538461538463,0.5,0.5,1,1
0.486,0.74,0.19384615384615383,0.5,0.5,1,0
0.472,0.74,0.20307692307692307,0.5,0.5,1,0
0.458,0.74,0.2123076923076923,0.5,0.5,1,0
0.444,0.74,0.22153846153846155,0.5,0.5,1,0
0.43,0.74,0.23076923076923078,0.5,0.5,1,0
0.416,0.74,0.24,0.5,0.5,1,0
0.402,0.74,0.24923076923076923,0.5,0.5,1,0
0.388,0.74,0.25846153846153846,0.5,0.5,1,0
0.374,0.74,0.2676923076923077,1.0,0.5,1,0
0.36,0.74,0.27692307692307694,1.0,0.5,1,0
0.36,0.74,0.28615384615384615,1.0,0.5,1,1
0.36,0.74,0.2953846153846154,1.0,0.5,1,1
0.36,0.74,0.3046153846153846,1.0,0.5,1,1
0.36,0.74,0.31384615384615383,1.0,0.5,1,1
0.36,0.74,0.3230769230769231,1.0,0.5,1,1
0.36,0.74,0.3323076923076923,1.0,0.5,1,1
0.36,0.74,0.3415384615384615,1.0,0.5,1,1
0.36,0.74,0.3507692307692308,1.0,0.5,1,1
0.36,0.74,0.36,1.0,0.5,1,1
0.36,0.74,0.36923076923076925,1.0,0.5,1,1
0.36,0.74,0.37846153846153846,1.0,0.5,1,1
0.374,0.74,0.38769230769230767,1.0,0.5,1,2
0.388,0.74,0.39692307692307693,0.5,0.5,1,2
0.402,0.74,0.40615384615384614,0.5,0.5,1,2
0.416,0.74,0.4153846153846154,0.5,0.5,1,2
0.43,0.74,0.4246153846153846,0.5,0.5,1,2
0.444,0.74,0.4338461538461538,0.5,0.5,1,2
0.458,0.74,0.4430769230769231,0.5,0.5,1,2
0.472,0.74,0.4523076923076923,0.5,0.5,1,2
0.472,0.74,0.46153846153846156,0.5,0.5,1,1
0.472,0.74,0.4707692307692308,0.5,0.5,1,1
0.472,0.74,0.48,0.5,0.5,1,1
0.472,0.74,0.48923076923076925,0.5,0.5,1,1
0.472,0.74,0.49846153846153846,0.5,0.5,1,1
0.472,0.74,0.5076923076923077,0.5,0.5,1,1
0.472,0.74,0.5169230769230769,0.5,0.5,1,1
0.472,0.74,0.5261538461538462,0.5,0.5,1,1
0.472,0.74,0.5353846153846153,0.5,0.5,1,1
0.472,0.74,0.5446153846153846,0.5,0.5,1,1
0.472,0.74,0.5538461538461539,0.5,0.5,1,1
0.458,0.74,0.563076923076923,0.5,0.5,1,0
0.444,0.74,0.5723076923076923,0.5,0.5,1,0
0.43,0.74,0.5815384615384616,0.5,0.5,1,0
0.416,0.74,0.5907692307692308,0.5,0.5,1,0
0.402,0.74,0.6,0.5,0.5,1,0
0.388,0.74,0.6092307692307692,0.5,0.5,1,0
0.374,0.74,0.6184615384615385,1.0,0.5,1,0
0.36,0.74,0.6276923076923077,1.0,0.5,1,0
0.346,0.74,0.6369230769230769,1.0,0.5,1,0
0.332,0.74,0.6461538461538462,1.0,0.5,1,0
0.332,0.74,0.6553846153846153,1.0,0.5,1,1
0.332,0.74,0.6646153846153846,1.0,0.5,1,1
0.332,0.74,0.6738461538461539,1.0,0.5,1,1
0.332,0.74,0.683076923076923,1.0,0.5,1,1
0.332,0.74,0.6923076923076923,1.0,0.5,1,1
0.332,0.74,0.7015384615384616,1.0,0.5,1,1
0.346,0.74,0.7107692307692308,1.0,0.5,1,2
0.36,0.74,0.72,1.0,0.5,1,2
0.374,0.74,0.7292307692307692,1.0,0.5,1,2
0.388,0.74,0.7384615384615385,0.5,0.5,1,2
0.402,0.74,0.7476923076923077,0.5,0.5,1,2
0.416,0.74,0.7569230769230769,0.5,0.5,1,2
0.43,0.74,0.7661538461538462,0.5,0.5,1,2
0.444,0.74,0.7753846153846153,0.5,0.5,1,2
0.444,0.74,0.7846153846153846,0.5,0.5,1,1
0.444,0.74,0.7938461538461539,0.5,0.5,1,1
0.444,0.74,0.803076923076923,0.5,0.5,1,1
0.444,0.74,0.8123076923076923,0.5,0.5,1,1
0.444,0.74,0.8215384615384616,0.5,0.5,1,1
0.444,0.74,0.8307692307692308,0.5,0.5,1,1
0.444,0.74,0.84,0.5,0.5,1,1
0.444,0.74,0.8492307692307692,0.5,0.5,1,1
0.444,0.74,0.8584615384615385,0.5,0.5,1,1
0.444,0.74,0.8676923076923077,0.5,0.5,1,1
0.444,0.74,0.8769230769230769,0.5,0.5,1,1
0.444,0.74,0.8861538461538462,0.5,0.5,1,1
0.444,0.74,0.8953846153846153,0.5,0.5,1,1
0.444,0.74,0.9046153846153846,0.5,0.5,1,1
0.444,0.74,0.9138461538461539,0.5,0.5,1,1
0.444,0.74,0.9230769230769231,0.5,0.5,1,1
0.444,0.74,0.9323076923076923,0.5,0.5,1,1
0.444,0.74,0.6876923076923077,0.5,0.5833333333333334,0,1
0.444,0.74,0.6984615384615385,0.5,0.5833333333333334,0,1
0.444,0.74,0.7092307692307692,0.5,0.5833333333333334,0,1
0.444,0.74,0.72,0.5,0.5833333333333334,0,1
0.444,0.74,0.7307692307692307,0.5,0.5833333333333334,0,1
0.444,0.74,0.7415384615384616,0.5,0.5833333333333334,0,1
0.444,0.74,0.7523076923076923,0.5,0.5833333333333334,0,1
0.444,0.74,0.7630769230769231,0.5,0.5833333333333334,0,1
0.444,0.74,0.7738461538461539,0.5,0.5833333333333334,0,1
0.444,0.74,0.7846153846153846,0.5,0.5833333333333334,0,1
0.444,0.74,0.7953846153846154,0.5,0.5833333333333334,0,1
0.444,0.74,0.8061538461538461,0.5,0.5833333333333334,0,1
0.444,0.74,0.816923076923077,0.5,0.5833333333333334,0,1
0.458,0.74,0.8276923076923077,0.5,0.5833333333333334,0,2
0.472,0.74,0.8384615384615385,0.5,0.5833333333333334,0,2
0.486,0.74,0.8492307692307692,0.5,0.5833333333333334,0,2
0.5,0.74,0.86,0.5,0.5833333333333334,0,2
0.514,0.74,0.8707692307692307,0.5,0.5833333333333334,0,2
0.528,0.74,0.8815384615384615,0.5,0.5833333333333334,0,2
0.542,0.74,0.8923076923076924,0.5,0.5833333333333334,0,2
0.542,0.74,0.9030769230769231,0.5,0.5833333333333334,0,1
0.542,0.74,0.9138461538461539,0.5,0.5833333333333334,0,1
0.542,0.74,0.9246153846153846,0.5,0.5833333333333334,0,1
0.542,0.74,0.9353846153846154,0.5,0.5833333333333334,0,1
0.542,0.26,0.5230769230769231,-0.5,0.4166666666666667,1,1
0.542,0.26,0.5307692307692308,-0.5,0.4166666666666667,1,1
0.542,0.26,0.5384615384615384,-0.5,0.4166666666666667,1,1
0.542,0.26,0.5461538461538461,-0.5,0.4166666666666667,1,1
0.542,0.26,0.5538461538461539,-0.5,0.4166666666666667,1,1
0.542,0.26,0.5615384615384615,-0.5,0.4166666666666667,1,1
0.542,0.26,0.5692307692307692,-0.5,0.4166666666666667,1,1
0.542,0.26,0.5769230769230769,-0.5,0.4166666666666667,1,1
0.542,0.26,0.5846153846153846,-0.5,0.4166666666666667,1,1
0.556,0.26,0.5923076923076923,-0.5,0.4166666666666667,1,2
0.57,0.26,0.6,-0.5,0.4166666666666667,1,2
0.584,0.26,0.6076923076923076,-0.5,0.4166666666666667,1,2
0.598,0.26,0.6153846153846154,-0.5,0.4166666666666667,1,2
0.612,0.26,0.6230769230769231,-0.5,0.4166666666666667,1,2
0.626,0.26,0.6307692307692307,-1.0,0.4166666666666667,1,2
0.64,0.26,0.6384615384615384,-1.0,0.4166666666666667,1,2
0.654,0.26,0.6461538461538462,-1.0,0.4166666666666667,1,2
0.654,0.26,0.6538461538461539,-1.0,0.4166666666666667,1,1
0.654,0.26,0.6615384615384615,-1.0,0.4166666666666667,1,1
0.654,0.26,0.6692307692307692,-1.0,0.4166666666666667,1,1
0.654,0.26,0.676923076923077,-1.0,0.4166666666666667,1,1
0.654,0.26,0.6846153846153846,-1.0,0.4166666666666667,1,1
0.654,0.26,0.6923076923076923,-1.0,0.4166666666666667,1,1
0.654,0.26,0.7,-1.0,0.4166666666666667,1,1
0.654,0.26,0.7076923076923077,-1.0,0.4166666666666667,1,1
0.654,0.26,0.7153846153846154,-1.0,0.4166666666666667,1,1
0.654,0.26,0.7230769230769231,-1.0,0.4166666666666667,1,1
0.654,0.26,0.7307692307692307,-1.0,0.4166666666666667,1,1
0.64,0.26,0.7384615384615385,-1.0,0.4166666666666667,1,0
0.626,0.26,0.7461538461538462,-1.0,0.4166666666666667,1,0
0.612,0.26,0.7538461538461538,-0.5,0.4166666666666667,1,0
0.598,0.26,0.7615384615384615,-0.5,0.4166666666666667,1,0
0.584,0.26,0.7692307692307693,-0.5,0.4166666666666667,1,0
0.57,0.26,0.7769230769230769,-0.5,0.4166666666666667,1,0
0.556,0.26,0.7846153846153846,-0.5,0.4166666666666667,1,0
0.542,0.26,0.7923076923076923,-0.5,0.4166666666666667,1,0
0.528,0.26,0.8,-0.5,0.4166666666666667,1,0
0.514,0.26,0.8076923076923077,-0.5,0.4166666666666667,1,0
0.5,0.26,0.8153846153846154,-0.5,0.4166666666666667,1,0
0.486,0.26,0.823076923076923,-0.5,0.4166666666666667,1,0
0.486,0.26,0.8307692307692308,-0.5,0.4166666666666667,1,1
0.486,0.26,0.8384615384615385,-0.5,0.4166666666666667,1,1
0.486,0.26,0.8461538461538461,-0.5,0.4166666666666667,1,1
0.486,0.26,0.8538461538461538,-0.5,0.4166666666666667,1,1
0.486,0.26,0.8615384615384616,-0.5,0.4166666666666667,1,1
0.486,0.26,0.8692307692307693,-0.5,0.4166666666666667,1,1
0.486,0.26,0.8769230769230769,-0.5,0.4166666666666667,1,1
0.486,0.26,0.8846153846153846,-0.5,0.4166666666666667,1,1
0.486,0.26,0.8923076923076924,-0.5,0.4166666666666667,1,1
0.486,0.26,0.9,-0.5,0.4166666666666667,1,1
0.486,0.26,0.9076923076923077,-0.5,0.4166666666666667,1,1
0.486,0.26,0.9153846153846154,-0.5,0.4166666666666667,1,1
0.486,0.26,0.9230769230769231,-0.5,0.4166666666666667,1,1
0.486,0.26,0.9307692307692308,-0.5,0.4166666666666667,1,1
0.486,0.26,0.9384615384615385,-0.5,0.4166666666666667,1,1
0.486,0.74,0.3553846153846154,0.5,0.4166666666666667,0,1
0.486,0.74,0.3630769230769231,0.5,0.4166666666666667,0,1
0.486,0.74,0.3707692307692308,0.5,0.4166666666666667,0,1
0.486,0.74,0.37846153846153846,0.5,0.4166666666666667,0,1
0.486,0.74,0.3861538461538462,0.5,0.4166666666666667,0,1
0.486,0.74,0.39384615384615385,0.5,0.4166666666666667,0,1
0.486,0.74,0.4015384615384615,0.5,0.4166666666666667,0,1
0.486,0.74,0.40923076923076923,0.5,0.4166666666666667,0,1
0.486,0.74,0.4169230769230769,0.5,0.4166666666666667,0,1
0.486,0.74,0.4246153846153846,0.5,0.4166666666666667,0,1
0.486,0.74,0.4323076923076923,0.5,0.4166666666666667,0,1
0.486,0.74,0.44,0.5,0.4166666666666667,0,1
0.486,0.74,0.44769230769230767,0.5,0.4166666666666667,0,1
0.486,0.74,0.4553846153846154,0.5,0.4166666666666667,0,1
0.486,0.74,0.46307692307692305,0.5,0.4166666666666667,0,1
0.486,0.74,0.4707692307692308,0.5,0.4166666666666667,0,1
0.486,0.74,0.47846153846153844,0.5,0.4166666666666667,0,1
0.486,0.74,0.48615384615384616,0.5,0.4166666666666667,0,1
0.486,0.74,0.4938461538461538,0.5,0.4166666666666667,0,1
0.472,0.74,0.5015384615384615,0.5,0.4166666666666667,0,0
0.458,0.74,0.5092307692307693,0.5,0.4166666666666667,0,0
0.444,0.74,0.5169230769230769,0.5,0.4166666666666667,0,0
0.43,0.74,0.5246153846153846,0.5,0.4166666666666667,0,0
0.416,0.74,0.5323076923076923,0.5,0.4166666666666667,0,0
0.402,0.74,0.54,0.5,0.4166666666666667,0,0
0.402,0.74,0.5476923076923077,0.5,0.4166666666666667,0,1
0.402,0.74,0.5553846153846154,0.5,0.4166666666666667,0,1
0.402,0.74,0.563076923076923,0.5,0.4166666666666667,0,1
0.402,0.74,0.5707692307692308,0.5,0.4166666666666667,0,1
0.402,0.74,0.5784615384615385,0.5,0.4166666666666667,0,1
0.402,0.74,0.5861538461538461,0.5,0.4166666666666667,0,1
0.402,0.74,0.5938461538461538,0.5,0.4166666666666667,0,1
0.402,0.74,0.6015384615384616,0.5,0.4166666666666667,0,1
0.402,0.74,0.6092307692307692,0.5,0.4166666666666667,0,1
0.402,0.74,0.6169230769230769,0.5,0.4166666666666667,0,1
0.402,0.74,0.6246153846153846,0.5,0.4166666666666667,0,1
0.402,0.74,0.6323076923076923,0.5,0.4166666666666667,0,1
0.402,0.74,0.64,0.5,0.4166666666666667,0,1
0.402,0.74,0.6476923076923077,0.5,0.4166666666666667,0,1
0.402,0.74,0.6553846153846153,0.5,0.4166666666666667,0,1
0.402,0.74,0.6630769230769231,0.5,0.4166666666666667,0,1
0.402,0.74,0.6707692307692308,0.5,0.4166666666666667,0,1
0.402,0.74,0.6784615384615384,0.5,0.4166666666666667,0,1
0.402,0.74,0.6861538461538461,0.5,0.4166666666666667,0,1
0.402,0.74,0.6938461538461539,0.5,0.4166666666666667,0,1
0.402,0.74,0.7015384615384616,0.5,0.4166666666666667,0,1
0.402,0.74,0.7092307692307692,0.5,0.4166666666666667,0,1
0.402,0.74,0.7169230769230769,0.5,0.4166666666666667,0,1
0.402,0.74,0.7246153846153847,0.5,0.4166666666666667,0,1
0.402,0.74,0.7323076923076923,0.5,0.4166666666666667,0,1
0.402,0.74,0.74,0.5,0.4166666666666667,0,1
0.402,0.74,0.7476923076923077,0.5,0.4166666666666667,0,1
0.402,0.74,0.7553846153846154,0.5,0.4166666666666667,0,1
0.402,0.74,0.7630769230769231,0.5,0.4166666666666667,0,1
0.402,0.74,0.7707692307692308,0.5,0.4166666666666667,0,1
0.402,0.74,0.7784615384615384,0.5,0.4166666666666667,0,1
0.388,0.74,0.7861538461538462,0.5,0.4166666666666667,0,0
0.374,0.74,0.7938461538461539,1.0,0.4166666666666667,0,0
0.36,0.74,0.8015384615384615,1.0,0.4166666666666667,0,0
0.346,0.74,0.8092307692307692,1.0,0.4166666666666667,0,0
0.332,0.74,0.816923076923077,1.0,0.4166666666666667,0,0
0.318,0.74,0.8246153846153846,1.0,0.4166666666666667,0,0
0.304,0.74,0.8323076923076923,1.0,0.4166666666666667,0,0
0.29,0.74,0.84,1.0,0.4166666666666667,0,0
0.29,0.74,0.8476923076923077,1.0,0.4166666666666667,0,1
0.29,0.74,0.8553846153846154,1.0,0.4166666666666667,0,1
0.29,0.74,0.8630769230769231,1.0,0.4166666666666667,0,1
0.29,0.74,0.8707692307692307,1.0,0.4166666666666667,0,1
0.29,0.74,0.8784615384615385,1.0,0.4166666666666667,0,1
0.29,0.74,0.8861538461538462,1.0,0.4166666666666667,0,1
0.29,0.74,0.8938461538461538,1.0,0.4166666666666667,0,1
0.29,0.74,0.9015384615384615,1.0,0.4166666666666667,0,1
0.29,0.74,0.9092307692307692,1.0,0.4166666666666667,0,1
0.29,0.74,0.916923076923077,1.0,0.4166666666666667,0,1
0.29,0.74,0.9246153846153846,1.0,0.4166666666666667,0,1
0.29,0.74,0.9323076923076923,1.0,0.4166666666666667,0,1
0.29,0.74,0.8092307692307692,1.0,0.5,1,1
0.29,0.74,0.8184615384615385,1.0,0.5,1,1
0.29,0.74,0.8276923076923077,1.0,0.5,1,1
0.29,0.74,0.8369230769230769,1.0,0.5,1,1
0.29,0.74,0.8461538461538461,1.0,0.5,1,1
0.29,0.74,0.8553846153846154,1.0,0.5,1,1
0.29,0.74,0.8646153846153846,1.0,0.5,1,1
0.29,0.74,0.8738461538461538,1.0,0.5,1,1
0.29,0.74,0.8830769230769231,1.0,0.5,1,1
0.29,0.74,0.8923076923076924,1.0,0.5,1,1
0.29,0.74,0.9015384615384615,1.0,0.5,1,1
0.29,0.74,0.9107692307692308,1.0,0.5,1,1
0.29,0.74,0.92,1.0,0.5,1,1
0.29,0.74,0.9292307692307692,1.0,0.5,1,1
0.29,0.74,0.9384615384615385,1.0,0.5,1,1
0.29,0.5,0.8969230769230769,0.5,0.75,1,1
0.29,0.5,0.9107692307692308,0.5,0.75,1,1
0.29,0.5,0.9246153846153846,0.5,0.75,1,1
0.29,0.5,0.9384615384615385,0.5,0.75,1,1
0.304,0.26,-0.12923076923076923,0.0,0.75,1,2
0.318,0.26,-0.11538461538461539,0.0,0.75,1,2
0.332,0.26,-0.10153846153846154,0.0,0.75,1,2
0.346,0.26,-0.0876923076923077,0.0,0.75,1,2
0.36,0.26,-0.07384615384615385,0.0,0.75,1,2
0.374,0.26,-0.06,0.0,0.75,1,2
0.388,0.26,-0.046153846153846156,-0.5,0.75,1,2
0.402,0.26,-0.03230769230769231,-0.5,0.75,1,2
0.416,0.26,-0.018461538461538463,-0.5,0.75,1,2
0.43,0.26,-0.004615384615384616,-0.5,0.75,1,2
0.444,0.26,0.009230769230769232,-0.5,0.75,1,2
0.458,0.26,0.023076923076923078,-0.5,0.75,1,2
0.472,0.26,0.036923076923076927,-0.5,0.75,1,2
0.486,0.26,0.05076923076923077,-0.5,0.75,1,2
0.5,0.26,0.06461538461538462,-0.5,0.75,1,2
0.514,0.26,0.07846153846153846,-0.5,0.75,1,2
0.528,0.26,0.09230769230769231,-0.5,0.75,1,2
0.542,0.26,0.10615384615384615,-0.5,0.75,1,2
0.556,0.26,0.12,-0.5,0.75,1,2
0.57,0.26,0.13384615384615384,-0.5,0.75,1,2
0.584,0.26,0.1476923076923077,-0.5,0.75,1,2
0.598,0.26,0.16153846153846155,-0.5,0.75,1,2
0.612,0.26,0.1753846153846154,-0.5,0.75,1,2
0.626,0.26,0.18923076923076923,-1.0,0.75,1,2
0.626,0.26,0.20307692307692307,-1.0,0.75,1,1
0.626,0.26,0.2169230769230769,-1.0,0.75,1,1
0.626,0.26,0.23076923076923078,-1.0,0.75,1,1
0.626,0.26,0.24461538461538462,-1.0,0.75,1,1
0.626,0.26,0.25846153846153846,-1.0,0.75,1,1
0.626,0.26,0.2723076923076923,-1.0,0.75,1,1
0.626,0.26,0.28615384615384615,-1.0,0.75,1,1
0.626,0.26,0.3,-1.0,0.75,1,1
0.626,0.26,0.31384615384615383,-1.0,0.75,1,1
0.626,0.26,0.32769230769230767,-1.0,0.75,1,1
0.626,0.26,0.3415384615384615,-1.0,0.75,1,1
0.626,0.26,0.3553846153846154,-1.0,0.75,1,1
0.626,0.26,0.36923076923076925,-1.0,0.75,1,1
0.626,0.26,0.3830769230769231,-1.0,0.75,1,1
0.612,0.26,0.39692307692307693,-0.5,0.75,1,0
0.598,0.26,0.4107692307692308,-0.5,0.75,1,0
0.584,0.26,0.4246153846153846,-0.5,0.75,1,0
0.57,0.26,0.43846153846153846,-0.5,0.75,1,0
0.556,0.26,0.4523076923076923,-0.5,0.75,1,0
0.542,0.26,0.46615384615384614,-0.5,0.75,1,0
0.528,0.26,0.48,-0.5,0.75,1,0
0.514,0.26,0.4938461538461538,-0.5,0.75,1,0
0.5,0.26,0.5076923076923077,-0.5,0.75,1,0
0.486,0.26,0.5215384615384615,-0.5,0.75,1,0
0.486,0.26,0.5353846153846153,-0.5,0.75,1,1
0.486,0.26,0.5492307692307692,-0.5,0.75,1,1
0.486,0.26,0.563076923076923,-0.5,0.75,1,1
0.486,0.26,0.5769230769230769,-0.5,0.75,1,1
0.486,0.26,0.5907692307692308,-0.5,0.75,1,1
0.486,0.26,0.6046153846153847,-0.5,0.75,1,1
0.486,0.26,0.6184615384615385,-0.5,0.75,1,1
0.486,0.26,0.6323076923076923,-0.5,0.75,1,1
0.486,0.26,0.6461538461538462,-0.5,0.75,1,1
0.486,0.26,0.66,-0.5,0.75,1,1
0.486,0.26,0.6738461538461539,-0.5,0.75,1,1
0.486,0.26,0.6876923076923077,-0.5,0.75,1,1
0.486,0.26,0.7015384615384616,-0.5,0.75,1,1
0.486,0.26,0.7153846153846154,-0.5,0.75,1,1
0.486,0.26,0.7292307692307692,-0.5,0.75,1,1
0.486,0.26,0.7430769230769231,-0.5,0.75,1,1
0.486,0.26,0.7569230769230769,-0.5,0.75,1,1
0.486,0.26,0.7707692307692308,-0.5,0.75,1,1
0.486,0.26,0.7846153846153846,-0.5,0.75,1,1
0.486,0.26,0.7984615384615384,-0.5,0.75,1,1
0.472,0.26,0.8123076923076923,-0.5,0.75,1,0
0.458,0.26,0.8261538461538461,-0.5,0.75,1,0
0.444,0.26,0.84,-0.5,0.75,1,0
0.43,0.26,0.8538461538461538,-0.5,0.75,1,0
0.416,0.26,0.8676923076923077,-0.5,0.75,1,0
0.402,0.26,0.8815384615384615,-0.5,0.75,1,0
0.388,0.26,0.8953846153846153,-0.5,0.75,1,0
0.374,0.26,0.9092307692307692,0.0,0.75,1,0
0.36,0.26,0.9230769230769231,0.0,0.75,1,0
0.346,0.26,0.936923076923077,0.0,0.75,1,0
0.346,0.5,0.5892307692307692,0.5,0.8333333333333334,0,1
0.346,0.5,0.6046153846153847,0.5,0.8333333333333334,0,1
0.346,0.5,0.62,0.5,0.8333333333333334,0,1
0.346,0.5,0.6353846153846154,0.5,0.8333333333333334,0,1
0.346,0.5,0.6507692307692308,0.5,0.8333333333333334,0,1
0.346,0.5,0.6661538461538462,0.5,0.8333333333333334,0,1
0.346,0.5,0.6815384615384615,0.5,0.8333333333333334,0,1
0.346,0.5,0.696923076923077,0.5,0.8333333333333334,0,1
0.346,0.5,0.7123076923076923,0.5,0.8333333333333334,0,1
0.346,0.5,0.7282307692307692,0.5,0.8333333333333334,0,1
0.346,0.5,0.7441538461538463,0.5,0.8333333333333334,0,1
0.346,0.5,0.7600769230769232,0.5,0.8333333333333334,0,1
0.346,0.5,0.7760000000000001,0.5,0.8333333333333334,0,1
0.346,0.5,0.7919230769230771,0.5,0.8333333333333334,0,1
0.346,0.5,0.8078461538461541,0.5,0.8333333333333334,0,1
0.346,0.5,0.823769230769231,0.5,0.8333333333333334,0,1
0.346,0.5,0.839692307692308,0.5,0.8333333333333334,0,1
0.346,0.5,0.8556153846153849,0.5,0.8333333333333334,0,1
0.346,0.5,0.8715384615384619,0.5,0.8333333333333334,0,1
0.346,0.5,0.8874615384615389,0.5,0.8333333333333334,0,1
0.346,0.5,0.9033846153846158,0.5,0.8333333333333334,0,1
0.346,0.5,0.9193076923076927,0.5,0.8333333333333334,0,1
0.346,0.5,0.9352307692307698,0.5,0.8333333333333334,0,1
0.332,0.74,0.6998461538461543,1.0,0.5,0,0
0.318,0.74,0.7096153846153851,1.0,0.5,0,0
0.304,0.74,0.719384615384616,1.0,0.5,0,0
0.29,0.74,0.7291538461538467,1.0,0.5,0,0
0.276,0.74,0.7389230769230776,1.0,0.5,0,0
0.262,0.74,0.7486923076923083,1.0,0.5,0,0
0.262,0.74,0.7584615384615392,1.0,0.5,0,1
0.262,0.74,0.7682307692307699,1.0,0.5,0,1
0.262,0.74,0.7780000000000008,1.0,0.5,0,1
0.262,0.74,0.7877692307692316,1.0,0.5,0,1
0.262,0.74,0.7975384615384624,1.0,0.5,0,1
0.262,0.74,0.8073076923076932,1.0,0.5,0,1
0.262,0.74,0.817076923076924,1.0,0.5,0,1
0.262,0.74,0.8268461538461548,1.0,0.5,0,1
0.276,0.74,0.8366153846153856,1.0,0.5,0,2
0.29,0.74,0.8463846153846164,1.0,0.5,0,2
0.304,0.74,0.8561538461538472,1.0,0.5,0,2
0.318,0.74,0.865923076923078,1.0,0.5,0,2
0.332,0.74,0.8756923076923088,1.0,0.5,0,2
0.346,0.74,0.8854615384615396,1.0,0.5,0,2
0.36,0.74,0.8952307692307704,1.0,0.5,0,2
0.374,0.74,0.9050000000000012,1.0,0.5,0,2
0.388,0.74,0.914769230769232,0.5,0.5,0,2
0.388,0.74,0.9245384615384629,0.5,0.5,0,1
0.388,0.74,0.9343076923076936,0.5,0.5,0,1
0.388,0.26,0.061999999999999965,-0.5,0.75,0,1
0.388,0.26,0.07638461538461536,-0.5,0.75,0,1
0.402,0.26,0.09076923076923074,-0.5,0.75,0,2
0.416,0.26,0.10515384615384613,-0.5,0.75,0,2
0.43,0.26,0.1195384615384615,-0.5,0.75,0,2
0.444,0.26,0.13392307692307687,-0.5,0.75,0,2
0.458,0.26,0.14830769230769225,-0.5,0.75,0,2
0.472,0.26,0.16269230769230764,-0.5,0.75,0,2
0.486,0.26,0.177076923076923,-0.5,0.75,0,2
0.5,0.26,0.19146153846153838,-0.5,0.75,0,2
0.514,0.26,0.2058461538461538,-0.5,0.75,0,2
0.528,0.26,0.22023076923076915,-0.5,0.75,0,2
0.542,0.26,0.23461538461538453,-0.5,0.75,0,2
0.556,0.26,0.24899999999999992,-0.5,0.75,0,2
0.57,0.26,0.2633846153846153,-0.5,0.75,0,2
0.584,0.26,0.27776923076923066,-0.5,0.75,0,2
0.598,0.26,0.29215384615384604,-0.5,0.75,0,2
0.612,0.26,0.3065384615384614,-0.5,0.75,0,2
0.626,0.26,0.32092307692307676,-1.0,0.75,0,2
0.64,0.26,0.33530769230769214,-1.0,0.75,0,2
0.654,0.26,0.3496923076923075,-1.0,0.75,0,2
0.668,0.26,0.3640769230769229,-1.0,0.75,0,2
0.682,0.26,0.3784615384615383,-1.0,0.75,0,2
0.696,0.26,0.3928461538461537,-1.0,0.75,0,2
0.71,0.26,0.40723076923076906,-1.0,0.75,0,2
0.724,0.26,0.42161538461538445,-1.0,0.75,0,2
0.738,0.26,0.4359999999999999,-1.0,0.75,0,2
0.752,0.26,0.45038461538461527,-1.0,0.75,0,2
0.766,0.26,0.4647692307692307,-1.0,0.75,0,2
0.78,0.26,0.47915384615384615,-1.0,0.75,0,2
0.794,0.26,0.49353846153846154,-1.0,0.75,0,2
0.794,0.26,0.5079230769230769,-1.0,0.75,0,1
0.794,0.26,0.5223076923076924,-1.0,0.75,0,1
0.794,0.26,0.5366923076923078,-1.0,0.75,0,1
0.794,0.26,0.5510769230769232,-1.0,0.75,0,1
0.794,0.26,0.5654615384615387,-1.0,0.75,0,1
0.794,0.26,0.5798461538461541,-1.0,0.75,0,1
0.794,0.26,0.5942307692307695,-1.0,0.75,0,1
0.794,0.26,0.6086153846153849,-1.0,0.75,0,1
0.794,0.26,0.6230000000000003,-1.0,0.75,0,1
0.794,0.26,0.6373846153846158,-1.0,0.75,0,1
0.794,0.26,0.6517692307692312,-1.0,0.75,0,1
0.794,0.26,0.6661538461538465,-1.0,0.75,0,1
0.794,0.26,0.680538461538462,-1.0,0.75,0,1
0.794,0.26,0.6949230769230774,-1.0,0.75,0,1
0.794,0.26,0.7093076923076929,-1.0,0.75,0,1
0.794,0.26,0.7236923076923083,-1.0,0.75,0,1
0.794,0.26,0.7380769230769237,-1.0,0.75,0,1
0.794,0.26,0.7524615384615391,-1.0,0.75,0,1
0.794,0.26,0.7668461538461545,-1.0,0.75,0,1
0.794,0.26,0.78123076923077,-1.0,0.75,0,1
0.794,0.26,0.7956153846153853,-1.0,0.75,0,1
0.794,0.26,0.8100000000000007,-1.0,0.75,0,1
0.794,0.26,0.8243846153846162,-1.0,0.75,0,1
0.794,0.26,0.8387692307692315,-1.0,0.75,0,1
0.794,0.26,0.8531538461538469,-1.0,0.75,0,1
0.794,0.26,0.8675384615384624,-1.0,0.75,0,1
0.794,0.26,0.8819230769230778,-1.0,0.75,0,1
0.794,0.26,0.8963076923076932,-1.0,0.75,0,1
0.794,0.26,0.9106923076923087,-1.0,0.75,0,1
0.794,0.26,0.925076923076924,-1.0,0.75,0,1
0.794,0.26,0.9394615384615395,-1.0,0.75,0,1
0.794,0.5,0.6390000000000007,-0.5,0.5833333333333334,0,1
0.794,0.5,0.650307692307693,-0.5,0.5833333333333334,0,1
0.794,0.5,0.6616153846153854,-0.5,0.5833333333333334,0,1
0.794,0.5,0.6729230769230776,-0.5,0.5833333333333334,0,1
0.794,0.5,0.68423076923077,-0.5,0.5833333333333334,0,1
0.794,0.5,0.6955384615384623,-0.5,0.5833333333333334,0,1
0.794,0.5,0.7068461538461547,-0.5,0.5833333333333334,0,1
0.794,0.5,0.718153846153847,-0.5,0.5833333333333334,0,1
0.794,0.5,0.7294615384615394,-0.5,0.5833333333333334,0,1
0.794,0.5,0.7407692307692317,-0.5,0.5833333333333334,0,1
0.794,0.5,0.7520769230769241,-0.5,0.5833333333333334,0,1
0.794,0.5,0.7633846153846164,-0.5,0.5833333333333334,0,1
0.794,0.5,0.7746923076923088,-0.5,0.5833333333333334,0,1
0.794,0.5,0.7860000000000011,-0.5,0.5833333333333334,0,1
0.794,0.5,0.7973076923076934,-0.5,0.5833333333333334,0,1
0.794,0.5,0.8086153846153857,-0.5,0.5833333333333334,0,1
0.794,0.5,0.8199230769230781,-0.5,0.5833333333333334,0,1
0.794,0.5,0.8312307692307704,-0.5,0.5833333333333334,0,1
0.794,0.5,0.8425384615384627,-0.5,0.5833333333333334,0,1
0.794,0.5,0.853846153846155,-0.5,0.5833333333333334,0,1
0.794,0.5,0.8651538461538474,-0.5,0.5833333333333334,0,1
0.794,0.5,0.8764615384615397,-0.5,0.5833333333333334,0,1
0.78,0.5,0.8877692307692321,-0.5,0.5833333333333334,0,0
0.766,0.5,0.8990769230769244,-0.5,0.5833333333333334,0,0
0.752,0.5,0.9103846153846168,-0.5,0.5833333333333334,0,0
0.738,0.5,0.9216923076923091,-0.5,0.5833333333333334,0,0
0.724,0.5,0.9330000000000015,-0.5,0.5833333333333334,0,0
0.71,0.26,0.5501538461538463,-1.0,0.5,0,0
0.71,0.26,0.5599230769230772,-1.0,0.5,0,1
0.71,0.26,0.5696923076923079,-1.0,0.5,0,1
0.71,0.26,0.5794615384615388,-1.0,0.5,0,1
0.71,0.26,0.5892307692307696,-1.0,0.5,0,1
0.71,0.26,0.5990000000000004,-1.0,0.5,0,1
0.71,0.26,0.6087692307692312,-1.0,0.5,0,1
0.71,0.26,0.618538461538462,-1.0,0.5,0,1
0.71,0.26,0.6283076923076928,-1.0,0.5,0,1
0.71,0.26,0.6380769230769237,-1.0,0.5,0,1
0.696,0.26,0.6478461538461544,-1.0,0.5,0,0
0.682,0.26,0.6576153846153852,-1.0,0.5,0,0
0.668,0.26,0.667384615384616,-1.0,0.5,0,0
0.654,0.26,0.6771538461538468,-1.0,0.5,0,0
0.64,0.26,0.6869230769230776,-1.0,0.5,0,0
0.64,0.26,0.6966923076923084,-1.0,0.5,0,1
0.64,0.26,0.7064615384615393,-1.0,0.5,0,1
0.64,0.26,0.71623076923077,-1.0,0.5,0,1
0.64,0.26,0.7260000000000009,-1.0,0.5,0,1
0.64,0.26,0.7357692307692316,-1.0,0.5,0,1
0.64,0.26,0.7455384615384625,-1.0,0.5,0,1
0.626,0.26,0.7553076923076932,-1.0,0.5,0,0
0.612,0.26,0.7650769230769241,-0.5,0.5,0,0
0.598,0.26,0.7748461538461549,-0.5,0.5,0,0
0.584,0.26,0.7846153846153857,-0.5,0.5,0,0
0.57,0.26,0.7943846153846165,-0.5,0.5,0,0
0.556,0.26,0.8041538461538472,-0.5,0.5,0,0
0.542,0.26,0.8139230769230781,-0.5,0.5,0,0
0.542,0.26,0.8236923076923088,-0.5,0.5,0,1
0.542,0.26,0.8334615384615397,-0.5,0.5,0,1
0.542,0.26,0.8432307692307704,-0.5,0.5,0,1
0.542,0.26,0.8530000000000013,-0.5,0.5,0,1
0.542,0.26,0.8627692307692321,-0.5,0.5,0,1
0.542,0.26,0.8725384615384629,-0.5,0.5,0,1
0.542,0.26,0.8823076923076937,-0.5,0.5,0,1
0.542,0.26,0.8920769230769245,-0.5,0.5,0,1
0.542,0.26,0.9018461538461553,-0.5,0.5,0,1
0.542,0.26,0.9116153846153862,-0.5,0.5,0,1
0.542,0.26,0.9213846153846169,-0.5,0.5,0,1
0.542,0.26,0.9311538461538478,-0.5,0.5,0,1
0.542,0.26,0.48561538461538456,-0.5,0.75,0,1
0.542,0.26,0.5,-0.5,0.75,0,1
0.542,0.26,0.5143846153846154,-0.5,0.75,0,1
0.542,0.26,0.5287692307692309,-0.5,0.75,0,1
0.556,0.26,0.5431538461538462,-0.5,0.75,0,2
0.57,0.26,0.5575384615384616,-0.5,0.75,0,2
0.584,0.26,0.5719230769230771,-0.5,0.75,0,2
0.598,0.26,0.5863076923076925,-0.5,0.75,0,2
0.612,0.26,0.600692307692308,-0.5,0.75,0,2
0.626,0.26,0.6150769230769234,-1.0,0.75,0,2
0.626,0.26,0.6294615384615387,-1.0,0.75,0,1
0.626,0.26,0.6438461538461542,-1.0,0.75,0,1
0.626,0.26,0.6582307692307696,-1.0,0.75,0,1
0.626,0.26,0.6726153846153851,-1.0,0.75,0,1
0.626,0.26,0.6870000000000005,-1.0,0.75,0,1
0.626,0.26,0.7013846153846158,-1.0,0.75,0,1
0.626,0.26,0.7157692307692313,-1.0,0.75,0,1
0.612,0.26,0.7301538461538467,-0.5,0.75,0,0
0.598,0.26,0.7445384615384621,-0.5,0.75,0,0
0.584,0.26,0.7589230769230776,-0.5,0.75,0,0
0.57,0.26,0.7733076923076929,-0.5,0.75,0,0
0.556,0.26,0.7876923076923084,-0.5,0.75,0,0
0.542,0.26,0.8020769230769238,-0.5,0.75,0,0
0.528,0.26,0.8164615384615392,-0.5,0.75,0,0
0.514,0.26,0.8308461538461547,-0.5,0.75,0,0
0.5,0.26,0.8452307692307701,-0.5,0.75,0,0
0.486,0.26,0.8596153846153854,-0.5,0.75,0,0
0.486,0.26,0.8740000000000009,-0.5,0.75,0,1
0.486,0.26,0.8883846153846163,-0.5,0.75,0,1
0.486,0.26,0.9027692307692318,-0.5,0.75,0,1
0.486,0.26,0.9171538461538472,-0.5,0.75,0,1
0.486,0.26,0.9315384615384625,-0.5,0.75,0,1
0.486,0.74,0.5390000000000001,0.5,0.8333333333333334,0,1
0.486,0.74,0.5549230769230771,0.5,0.8333333333333334,0,1
0.486,0.74,0.570846153846154,0.5,0.8333333333333334,0,1
0.486,0.74,0.586769230769231,0.5,0.8333333333333334,0,1
0.486,0.74,0.602692307692308,0.5,0.8333333333333334,0,1
0.486,0.74,0.6186153846153849,0.5,0.8333333333333334,0,1
0.486,0.74,0.6345384615384618,0.5,0.8333333333333334,0,1
0.486,0.74,0.6504615384615389,0.5,0.8333333333333334,0,1
0.486,0.74,0.6663846153846158,0.5,0.8333333333333334,0,1
0.5,0.74,0.6823076923076927,0.5,0.8333333333333334,0,2
0.514,0.74,0.6982307692307697,0.5,0.8333333333333334,0,2
0.528,0.74,0.7141538461538467,0.5,0.8333333333333334,0,2
0.542,0.74,0.7300769230769236,0.5,0.8333333333333334,0,2
0.556,0.74,0.7460000000000006,0.5,0.8333333333333334,0,2
0.57,0.74,0.7619230769230775,0.5,0.8333333333333334,0,2
0.584,0.74,0.7778461538461545,0.5,0.8333333333333334,0,2
0.598,0.74,0.7937692307692313,0.5,0.8333333333333334,0,2
0.612,0.74,0.8096923076923084,0.5,0.8333333333333334,0,2
0.612,0.74,0.8256153846153853,0.5,0.8333333333333334,0,1
0.612,0.74,0.8415384615384622,0.5,0.8333333333333334,0,1
0.612,0.74,0.8574615384615392,0.5,0.8333333333333334,0,1
0.612,0.74,0.8733846153846162,0.5,0.8333333333333334,0,1
0.612,0.74,0.8893076923076931,0.5,0.8333333333333334,0,1
0.612,0.74,0.9052307692307701,0.5,0.8333333333333334,0,1
0.612,0.74,0.921153846153847,0.5,0.8333333333333334,0,1
0.612,0.74,0.937076923076924,0.5,0.8333333333333334,0,1
0.612,0.74,0.17807692307692322,0.5,0.8333333333333334,1,1
0.612,0.74,0.19400000000000012,0.5,0.8333333333333334,1,1
0.612,0.74,0.20992307692307705,0.5,0.8333333333333334,1,1
0.612,0.74,0.22584615384615395,0.5,0.8333333333333334,1,1
0.612,0.74,0.24176923076923088,0.5,0.8333333333333334,1,1
0.612,0.74,0.2576923076923078,0.5,0.8333333333333334,1,1
0.612,0.74,0.2736153846153847,0.5,0.8333333333333334,1,1
0.612,0.74,0.28953846153846163,0.5,0.8333333333333334,1,1
0.612,0.74,0.3054615384615385,0.5,0.8333333333333334,1,1
0.612,0.74,0.32138461538461544,0.5,0.8333333333333334,1,1
0.598,0.74,0.33730769230769236,0.5,0.8333333333333334,1,0
0.584,0.74,0.3532307692307693,0.5,0.8333333333333334,1,0
0.57,0.74,0.36915384615384617,0.5,0.8333333333333334,1,0
0.556,0.74,0.3850769230769231,0.5,0.8333333333333334,1,0
0.542,0.74,0.4010000000000001,0.5,0.8333333333333334,1,0
0.528,0.74,0.416923076923077,0.5,0.8333333333333334,1,0
0.514,0.74,0.432846153846154,0.5,0.8333333333333334,1,0
0.5,0.74,0.4487692307692309,0.5,0.8333333333333334,1,0
0.486,0.74,0.4646923076923079,0.5,0.8333333333333334,1,0
0.472,0.74,0.48061538461538483,0.5,0.8333333333333334,1,0
0.458,0.74,0.4965384615384618,0.5,0.8333333333333334,1,0
0.444,0.74,0.5124615384615387,0.5,0.8333333333333334,1,0
0.444,0.74,0.5283846153846157,0.5,0.8333333333333334,1,1
0.444,0.74,0.5443076923076927,0.5,0.8333333333333334,1,1
0.444,0.74,0.5602307692307696,0.5,0.8333333333333334,1,1
0.444,0.74,0.5761538461538466,0.5,0.8333333333333334,1,1
0.444,0.74,0.5920769230769235,0.5,0.8333333333333334,1,1
0.444,0.74,0.6080000000000005,0.5,0.8333333333333334,1,1
0.444,0.74,0.6239230769230775,0.5,0.8333333333333334,1,1
0.458,0.74,0.6398461538461544,0.5,0.8333333333333334,1,2
0.472,0.74,0.6557692307692313,0.5,0.8333333333333334,1,2
0.486,0.74,0.6716923076923084,0.5,0.8333333333333334,1,2
0.5,0.74,0.6876153846153853,0.5,0.8333333333333334,1,2
0.514,0.74,0.7035384615384622,0.5,0.8333333333333334,1,2
0.528,0.74,0.7194615384615393,0.5,0.8333333333333334,1,2
0.542,0.74,0.7353846153846162,0.5,0.8333333333333334,1,2
0.542,0.74,0.7513076923076931,0.5,0.8333333333333334,1,1
0.542,0.74,0.76723076923077,0.5,0.8333333333333334,1,1
0.542,0.74,0.7831538461538471,0.5,0.8333333333333334,1,1
0.542,0.74,0.7990769230769239,0.5,0.8333333333333334,1,1
0.542,0.74,0.8150000000000008,0.5,0.8333333333333334,1,1
0.542,0.74,0.8309230769230779,0.5,0.8333333333333334,1,1
0.542,0.74,0.8468461538461548,0.5,0.8333333333333334,1,1
0.542,0.74,0.8627692307692317,0.5,0.8333333333333334,1,1
0.542,0.74,0.8786923076923087,0.5,0.8333333333333334,1,1
0.542,0.74,0.8946153846153857,0.5,0.8333333333333334,1,1
0.542,0.74,0.9105384615384626,0.5,0.8333333333333334,1,1
0.528,0.74,0.9264615384615396,0.5,0.8333333333333334,1,0
0.514,0.74,0.4857692307692308,0.5,0.5833333333333334,1,0
0.5,0.74,0.49707692307692314,0.5,0.5833333333333334,1,0
0.486,0.74,0.5083846153846154,0.5,0.5833333333333334,1,0
0.472,0.74,0.5196923076923078,0.5,0.5833333333333334,1,0
0.458,0.74,0.5310000000000001,0.5,0.5833333333333334,1,0
0.444,0.74,0.5423076923076925,0.5,0.5833333333333334,1,0
0.43,0.74,0.5536153846153848,0.5,0.5833333333333334,1,0
0.416,0.74,0.5649230769230772,0.5,0.5833333333333334,1,0
0.402,0.74,0.576769230769231,0.5,0.5833333333333334,1,0
0.388,0.74,0.5886153846153849,0.5,0.5833333333333334,1,0
0.374,0.74,0.6004615384615386,1.0,0.5833333333333334,1,0
0.36,0.74,0.6123076923076924,1.0,0.5833333333333334,1,0
0.346,0.74,0.6241538461538463,1.0,0.5833333333333334,1,0
0.332,0.74,0.6360000000000001,1.0,0.5833333333333334,1,0
0.318,0.74,0.647846153846154,1.0,0.5833333333333334,1,0
0.304,0.74,0.6596923076923078,1.0,0.5833333333333334,1,0
0.29,0.74,0.6715384615384616,1.0,0.5833333333333334,1,0
0.276,0.74,0.6833846153846155,1.0,0.5833333333333334,1,0
0.276,0.74,0.6952307692307693,1.0,0.5833333333333334,1,1
0.276,0.74,0.7070769230769232,1.0,0.5833333333333334,1,1
0.276,0.74,0.7189230769230769,1.0,0.5833333333333334,1,1
0.276,0.74,0.7307692307692307,1.0,0.5833333333333334,1,1
0.276,0.74,0.7426153846153846,1.0,0.5833333333333334,1,1
0.276,0.74,0.7544615384615384,1.0,0.5833333333333334,1,1
0.276,0.74,0.7663076923076922,1.0,0.5833333333333334,1,1
0.276,0.74,0.7781538461538461,1.0,0.5833333333333334,1,1
0.276,0.74,0.79,1.0,0.5833333333333334,1,1
0.276,0.74,0.8018461538461539,1.0,0.5833333333333334,1,1
0.276,0.74,0.8136923076923078,1.0,0.5833333333333334,1,1
0.276,0.74,0.8255384615384618,1.0,0.5833333333333334,1,1
0.276,0.74,0.8373846153846156,1.0,0.5833333333333334,1,1
0.276,0.74,0.8492307692307696,1.0,0.5833333333333334,1,1
0.276,0.74,0.8610769230769235,1.0,0.5833333333333334,1,1
0.276,0.74,0.8729230769230775,1.0,0.5833333333333334,1,1
0.276,0.74,0.8847692307692313,1.0,0.5833333333333334,1,1
0.276,0.74,0.8966153846153853,1.0,0.5833333333333334,1,1
0.276,0.74,0.9084615384615392,1.0,0.5833333333333334,1,1
0.276,0.74,0.920307692307693,1.0,0.5833333333333334,1,1
0.276,0.74,0.932153846153847,1.0,0.5833333333333334,1,1
0.276,0.5,0.7541538461538454,0.5,0.6666666666666666,1,1
0.276,0.5,0.7675384615384607,0.5,0.6666666666666666,1,1
0.276,0.5,0.780923076923076,0.5,0.6666666666666666,1,1
0.276,0.5,0.7943076923076915,0.5,0.6666666666666666,1,1
0.276,0.5,0.807692307692307,0.5,0.6666666666666666,1,1
0.276,0.5,0.8210769230769225,0.5,0.6666666666666666,1,1
0.276,0.5,0.8344615384615379,0.5,0.6666666666666666,1,1
0.276,0.5,0.8478461538461534,0.5,0.6666666666666666,1,1
0.276,0.5,0.8612307692307688,0.5,0.6666666666666666,1,1
0.276,0.5,0.8746153846153842,0.5,0.6666666666666666,1,1
0.276,0.5,0.8879999999999997,0.5,0.6666666666666666,1,1
0.276,0.5,0.9013846153846152,0.5,0.6666666666666666,1,1
0.276,0.5,0.9147692307692307,0.5,0.6666666666666666,1,1
0.276,0.5,0.9281538461538461,0.5,0.6666666666666666,1,1
0.276,0.5,0.36230769230769205,0.5,0.75,0,1
0.276,0.5,0.3772307692307689,0.5,0.75,0,1
0.276,0.5,0.39215384615384585,0.5,0.75,0,1
0.276,0.5,0.4070769230769228,0.5,0.75,0,1
0.276,0.5,0.42199999999999965,0.5,0.75,0,1
0.276,0.5,0.4369230769230766,0.5,0.75,0,1
0.276,0.5,0.45184615384615345,0.5,0.75,0,1
0.276,0.5,0.4667692307692304,0.5,0.75,0,1
0.276,0.5,0.4816923076923073,0.5,0.75,0,1
0.276,0.5,0.4966153846153842,0.5,0.75,0,1
0.276,0.5,0.511538461538461,0.5,0.75,0,1
0.276,0.5,0.526461538461538,0.5,0.75,0,1
0.276,0.5,0.5413846153846149,0.5,0.75,0,1
0.276,0.5,0.5563076923076918,0.5,0.75,0,1
0.276,0.5,0.5712307692307688,0.5,0.75,0,1
0.276,0.5,0.5861538461538456,0.5,0.75,0,1
0.276,0.5,0.6010769230769225,0.5,0.75,0,1
0.276,0.5,0.6159999999999994,0.5,0.75,0,1
0.276,0.5,0.6309230769230764,0.5,0.75,0,1
0.276,0.5,0.6458461538461533,0.5,0.75,0,1
0.276,0.5,0.6607692307692301,0.5,0.75,0,1
0.276,0.5,0.675692307692307,0.5,0.75,0,1
0.276,0.5,0.690615384615384,0.5,0.75,0,1
0.276,0.5,0.7055384615384609,0.5,0.75,0,1
0.276,0.5,0.7204615384615378,0.5,0.75,0,1
0.276,0.5,0.7353846153846146,0.5,0.75,0,1
0.276,0.5,0.7503076923076916,0.5,0.75,0,1
0.276,0.5,0.7652307692307685,0.5,0.75,0,1
0.276,0.5,0.7801538461538454,0.5,0.75,0,1
0.276,0.5,0.7950769230769223,0.5,0.75,0,1
0.276,0.5,0.8099999999999993,0.5,0.75,0,1
0.276,0.5,0.8249230769230763,0.5,0.75,0,1
0.276,0.5,0.8398461538461532,0.5,0.75,0,1
0.276,0.5,0.8547692307692303,0.5,0.75,0,1
0.276,0.5,0.8696923076923073,0.5,0.75,0,1
0.276,0.5,0.8846153846153842,0.5,0.75,0,1
0.276,0.5,0.8995384615384613,0.5,0.75,0,1
0.276,0.5,0.9144615384615382,0.5,0.75,0,1
0.276,0.5,0.9293846153846153,0.5,0.75,0,1
0.276,0.5,0.3493846153846151,0.5,0.8333333333333334,0,1
0.276,0.5,0.36584615384615354,0.5,0.8333333333333334,0,1
0.276,0.5,0.382307692307692,0.5,0.8333333333333334,0,1
0.276,0.5,0.3987692307692305,0.5,0.8333333333333334,0,1
0.276,0.5,0.41523076923076896,0.5,0.8333333333333334,0,1
0.276,0.5,0.4316923076923074,0.5,0.8333333333333334,0,1
0.276,0.5,0.44815384615384585,0.5,0.8333333333333334,0,1
0.276,0.5,0.46461538461538426,0.5,0.8333333333333334,0,1
0.276,0.5,0.48107692307692274,0.5,0.8333333333333334,0,1
0.276,0.5,0.49753846153846115,0.5,0.8333333333333334,0,1
0.276,0.5,0.5139999999999996,0.5,0.8333333333333334,0,1
0.276,0.5,0.5304615384615381,0.5,0.8333333333333334,0,1
0.276,0.5,0.5469230769230765,0.5,0.8333333333333334,0,1
0.276,0.5,0.5633846153846149,0.5,0.8333333333333334,0,1
0.276,0.5,0.5798461538461533,0.5,0.8333333333333334,0,1
0.276,0.5,0.5963076923076919,0.5,0.8333333333333334,0,1
0.276,0.5,0.6127692307692303,0.5,0.8333333333333334,0,1
0.276,0.5,0.6292307692307687,0.5,0.8333333333333334,0,1
0.276,0.5,0.6456923076923071,0.5,0.8333333333333334,0,1
0.276,0.5,0.6621538461538456,0.5,0.8333333333333334,0,1
0.276,0.5,0.6786153846153841,0.5,0.8333333333333334,0,1
0.276,0.5,0.6950769230769225,0.5,0.8333333333333334,0,1
0.276,0.5,0.7115384615384609,0.5,0.8333333333333334,0,1
0.276,0.5,0.7279999999999994,0.5,0.8333333333333334,0,1
0.276,0.5,0.7444615384615378,0.5,0.8333333333333334,0,1
0.276,0.5,0.7609230769230763,0.5,0.8333333333333334,0,1
0.276,0.5,0.7773846153846147,0.5,0.8333333333333334,0,1
0.276,0.5,0.7938461538461532,0.5,0.8333333333333334,0,1
0.276,0.5,0.8103076923076917,0.5,0.8333333333333334,0,1
0.276,0.5,0.8267692307692303,0.5,0.8333333333333334,0,1
0.276,0.5,0.8432307692307688,0.5,0.8333333333333334,0,1
0.276,0.5,0.8596923076923073,0.5,0.8333333333333334,0,1
0.276,0.5,0.8761538461538458,0.5,0.8333333333333334,0,1
0.276,0.5,0.8926153846153844,0.5,0.8333333333333334,0,1
0.276,0.5,0.9090769230769229,0.5,0.8333333333333334,0,1
0.276,0.5,0.9255384615384614,0.5,0.8333333333333334,0,1
0.276,0.5,-0.035076923076923824,0.5,0.4166666666666667,1,1
0.276,0.5,-0.02630769230769306,0.5,0.4166666666666667,1,1
0.276,0.5,-0.01753846153846229,0.5,0.4166666666666667,1,1
0.276,0.5,-0.008769230769231522,0.5,0.4166666666666667,1,1
0.276,0.5,-7.51535585900106e-16,0.5,0.4166666666666667,1,1
0.276,0.5,0.008769230769230018,0.5,0.4166666666666667,1,1
0.276,0.5,0.017538461538460788,0.5,0.4166666666666667,1,1
0.276,0.5,0.026307692307691557,0.5,0.4166666666666667,1,1
0.276,0.5,0.035076923076922326,0.5,0.4166666666666667,1,1
0.276,0.5,0.04384615384615309,0.5,0.4166666666666667,1,1
0.276,0.5,0.05261538461538386,0.5,0.4166666666666667,1,1
0.29,0.5,0.06138461538461464,0.5,0.4166666666666667,1,2
0.304,0.5,0.07015384615384541,0.5,0.4166666666666667,1,2
0.318,0.5,0.07892307692307618,0.5,0.4166666666666667,1,2
0.332,0.5,0.08769230769230696,0.5,0.4166666666666667,1,2
0.346,0.5,0.09646153846153774,0.5,0.4166666666666667,1,2
0.36,0.5,0.10523076923076849,0.5,0.4166666666666667,1,2
0.374,0.5,0.11399999999999927,0.5,0.4166666666666667,1,2
0.388,0.5,0.12276923076923005,0.0,0.4166666666666667,1,2
0.402,0.5,0.13153846153846083,0.0,0.4166666666666667,1,2
0.416,0.5,0.14030769230769158,0.0,0.4166666666666667,1,2
0.43,0.5,0.14907692307692236,0.0,0.4166666666666667,1,2
0.444,0.5,0.15784615384615314,0.0,0.4166666666666667,1,2
0.458,0.5,0.16661538461538392,0.0,0.4166666666666667,1,2
0.472,0.5,0.1753846153846147,0.0,0.4166666666666667,1,2
0.486,0.5,0.18415384615384545,0.0,0.4166666666666667,1,2
0.5,0.5,0.19292307692307623,0.0,0.4166666666666667,1,2
0.514,0.5,0.20169230769230698,0.0,0.4166666666666667,1,2
0.528,0.5,0.21046153846153773,0.0,0.4166666666666667,1,2
0.542,0.5,0.21923076923076848,0.0,0.4166666666666667,1,2
0.556,0.5,0.22799999999999923,0.0,0.4166666666666667,1,2
0.57,0.5,0.23676923076922998,0.0,0.4166666666666667,1,2
0.584,0.5,0.24553846153846073,0.0,0.4166666666666667,1,2
0.598,0.5,0.2543076923076915,0.0,0.4166666666666667,1,2
0.612,0.5,0.26307692307692226,0.0,0.4166666666666667,1,2
0.626,0.5,0.271846153846153,-0.5,0.4166666666666667,1,2
0.64,0.5,0.28061538461538377,-0.5,0.4166666666666667,1,2
0.654,0.5,0.2893846153846145,-0.5,0.4166666666666667,1,2
0.668,0.5,0.29815384615384527,-0.5,0.4166666666666667,1,2
0.682,0.5,0.306923076923076,-0.5,0.4166666666666667,1,2
0.682,0.5,0.3156923076923068,-0.5,0.4166666666666667,1,1
0.682,0.5,0.3244615384615375,-0.5,0.4166666666666667,1,1
0.682,0.5,0.3332307692307683,-0.5,0.4166666666666667,1,1
0.682,0.5,0.341999999999999,-0.5,0.4166666666666667,1,1
0.682,0.5,0.3507692307692298,-0.5,0.4166666666666667,1,1
0.682,0.5,0.35953846153846053,-0.5,0.4166666666666667,1,1
0.682,0.5,0.3683076923076913,-0.5,0.4166666666666667,1,1
0.682,0.5,0.37707692307692203,-0.5,0.4166666666666667,1,1
0.682,0.5,0.3858461538461528,-0.5,0.4166666666666667,1,1
0.682,0.5,0.3946153846153836,-0.5,0.4166666666666667,1,1
0.682,0.5,0.40707692307692234,-0.5,0.6666666666666666,1,1
0.682,0.5,0.42046153846153766,-0.5,0.6666666666666666,1,1
0.682,0.5,0.43384615384615305,-0.5,0.6666666666666666,1,1
0.682,0.5,0.44723076923076843,-0.5,0.6666666666666666,1,1
0.682,0.5,0.4606153846153838,-0.5,0.6666666666666666,1,1
0.682,0.5,0.47399999999999914,-0.5,0.6666666666666666,1,1
0.682,0.5,0.48738461538461453,-0.5,0.6666666666666666,1,1
0.682,0.5,0.5007692307692299,-0.5,0.6666666666666666,1,1
0.682,0.5,0.5141538461538453,-0.5,0.6666666666666666,1,1
0.682,0.5,0.5275384615384606,-0.5,0.6666666666666666,1,1
0.682,0.5,0.540923076923076,-0.5,0.6666666666666666,1,1
0.682,0.5,0.5543076923076914,-0.5,0.6666666666666666,1,1
0.682,0.5,0.5676923076923067,-0.5,0.6666666666666666,1,1
0.682,0.5,0.581076923076922,-0.5,0.6666666666666666,1,1
0.682,0.5,0.5944615384615375,-0.5,0.6666666666666666,1,1
0.682,0.5,0.6078461538461528,-0.5,0.6666666666666666,1,1
0.682,0.5,0.6212307692307683,-0.5,0.6666666666666666,1,1
0.682,0.5,0.6346153846153836,-0.5,0.6666666666666666,1,1
0.682,0.5,0.6479999999999989,-0.5,0.6666666666666666,1,1
0.682,0.5,0.6613846153846143,-0.5,0.6666666666666666,1,1
0.682,0.5,0.6747692307692297,-0.5,0.6666666666666666,1,1
0.682,0.5,0.688153846153845,-0.5,0.6666666666666666,1,1
0.682,0.5,0.7015384615384604,-0.5,0.6666666666666666,1,1
0.682,0.5,0.7149230769230758,-0.5,0.6666666666666666,1,1
0.682,0.5,0.7283076923076911,-0.5,0.6666666666666666,1,1
0.682,0.5,0.7416923076923065,-0.5,0.6666666666666666,1,1
0.682,0.5,0.7550769230769219,-0.5,0.6666666666666666,1,1
0.682,0.5,0.7684615384615372,-0.5,0.6666666666666666,1,1
0.682,0.5,0.7818461538461526,-0.5,0.6666666666666666,1,1
0.682,0.5,0.795230769230768,-0.5,0.6666666666666666,1,1
0.682,0.5,0.8086153846153834,-0.5,0.6666666666666666,1,1
0.682,0.5,0.8219999999999988,-0.5,0.6666666666666666,1,1
0.682,0.5,0.8353846153846143,-0.5,0.6666666666666666,1,1
0.682,0.5,0.8487692307692298,-0.5,0.6666666666666666,1,1
0.682,0.5,0.8621538461538453,-0.5,0.6666666666666666,1,1
0.682,0.5,0.8755384615384607,-0.5,0.6666666666666666,1,1
0.682,0.5,0.8889230769230761,-0.5,0.6666666666666666,1,1
0.682,0.5,0.9023076923076916,-0.5,0.6666666666666666,1,1
0.682,0.5,0.915692307692307,-0.5,0.6666666666666666,1,1
0.682,0.5,0.9290769230769225,-0.5,0.6666666666666666,1,1
0.682,0.5,0.7541538461538444,-0.5,0.4166666666666667,1,1
0.682,0.5,0.7629230769230751,-0.5,0.4166666666666667,1,1
0.682,0.5,0.7716923076923059,-0.5,0.4166666666666667,1,1
0.682,0.5,0.7804615384615367,-0.5,0.4166666666666667,1,1
0.682,0.5,0.7892307692307675,-0.5,0.4166666666666667,1,1
0.682,0.5,0.7979999999999983,-0.5,0.4166666666666667,1,1
0.682,0.5,0.8067692307692291,-0.5,0.4166666666666667,1,1
0.682,0.5,0.81553846153846,-0.5,0.4166666666666667,1,1
0.682,0.5,0.8243076923076909,-0.5,0.4166666666666667,1,1
0.682,0.5,0.8330769230769217,-0.5,0.4166666666666667,1,1
0.682,0.5,0.8418461538461525,-0.5,0.4166666666666667,1,1
0.682,0.5,0.8506153846153833,-0.5,0.4166666666666667,1,1
0.682,0.5,0.8593846153846142,-0.5,0.4166666666666667,1,1
0.668,0.5,0.868153846153845,-0.5,0.4166666666666667,1,0
0.654,0.5,0.8769230769230759,-0.5,0.4166666666666667,1,0
0.64,0.5,0.8856923076923067,-0.5,0.4166666666666667,1,0
0.626,0.5,0.8944615384615375,-0.5,0.4166666666666667,1,0
0.612,0.5,0.9032307692307684,0.0,0.4166666666666667,1,0
0.598,0.5,0.9119999999999993,0.0,0.4166666666666667,1,0
0.584,0.5,0.9207692307692301,0.0,0.4166666666666667,1,0
0.57,0.5,0.9295384615384609,0.0,0.4166666666666667,1,0
0.5,0.74,-0.2,0.5,0.8333333333333334,1,1
0.5,0.74,-0.18461538461538463,0.5,0.8333333333333334,1,1
0.5,0.74,-0.16923076923076924,0.5,0.8333333333333334,1,1
0.5,0.74,-0.15384615384615385,0.5,0.8333333333333334,1,1
0.5,0.74,-0.13846153846153847,0.5,0.8333333333333334,1,1
0.5,0.74,-0.12307692307692308,0.5,0.8333333333333334,1,1
0.5,0.74,-0.1076923076923077,0.5,0.8333333333333334,1,1
0.5,0.74,-0.09230769230769231,0.5,0.8333333333333334,1,1
0.5,0.74,-0.07692307692307693,0.5,0.8333333333333334,1,1
0.5,0.74,-0.06153846153846154,0.5,0.8333333333333334,1,1
0.5,0.74,-0.046153846153846156,0.5,0.8333333333333334,1,1
0.5,0.74,-0.03076923076923077,0.5,0.8333333333333334,1,1
0.5,0.74,-0.015384615384615385,0.5,0.8333333333333334,1,1
0.5,0.74,0.0,0.5,0.8333333333333334,1,1
0.5,0.74,0.015384615384615385,0.5,0.8333333333333334,1,1
0.5,0.74,0.03076923076923077,0.5,0.8333333333333334,1,1
0.5,0.74,0.046153846153846156,0.5,0.8333333333333334,1,1
0.5,0.74,0.06153846153846154,0.5,0.8333333333333334,1,1
0.5,0.74,0.07692307692307693,0.5,0.8333333333333334,1,1
0.514,0.74,0.09230769230769231,0.5,0.8333333333333334,1,2
0.528,0.74,0.1076923076923077,0.5,0.8333333333333334,1,2
0.542,0.74,0.12307692307692308,0.5,0.8333333333333334,1,2
0.556,0.74,0.13846153846153847,0.5,0.8333333333333334,1,2
0.57,0.74,0.15384615384615385,0.5,0.8333333333333334,1,2
0.57,0.74,0.16923076923076924,0.5,0.8333333333333334,1,1
0.57,0.74,0.18461538461538463,0.5,0.8333333333333334,1,1
0.57,0.74,0.2,0.5,0.8333333333333334,1,1
0.57,0.74,0.2153846153846154,0.5,0.8333333333333334,1,1
0.57,0.74,0.23076923076923078,0.5,0.8333333333333334,1,1
0.57,0.74,0.24615384615384617,0.5,0.8333333333333334,1,1
0.57,0.74,0.26153846153846155,0.5,0.8333333333333334,1,1
0.57,0.74,0.27692307692307694,0.5,0.8333333333333334,1,1
0.57,0.74,0.2923076923076923,0.5,0.8333333333333334,1,1
0.57,0.74,0.3076923076923077,0.5,0.8333333333333334,1,1
0.57,0.74,0.3230769230769231,0.5,0.8333333333333334,1,1
0.556,0.74,0.3384615384615385,0.5,0.8333333333333334,1,0
0.542,0.74,0.35384615384615387,0.5,0.8333333333333334,1,0
0.528,0.74,0.36923076923076925,0.5,0.8333333333333334,1,0
0.514,0.74,0.38461538461538464,0.5,0.8333333333333334,1,0
0.5,0.74,0.4,0.5,0.8333333333333334,1,0
0.486,0.74,0.4153846153846154,0.5,0.8333333333333334,1,0
0.472,0.74,0.4307692307692308,0.5,0.8333333333333334,1,0
0.458,0.74,0.4461538461538462,0.5,0.8333333333333334,1,0
0.458,0.74,0.46153846153846156,0.5,0.8333333333333334,1,1
0.458,0.74,0.47692307692307695,0.5,0.8333333333333334,1,1
0.458,0.74,0.49230769230769234,0.5,0.8333333333333334,1,1
0.458,0.74,0.5076923076923077,0.5,0.8333333333333334,1,1
0.458,0.74,0.5230769230769231,0.5,0.8333333333333334,1,1
0.458,0.74,0.5384615384615384,0.5,0.8333333333333334,1,1
0.458,0.74,0.5538461538461539,0.5,0.8333333333333334,1,1
0.458,0.74,0.5692307692307692,0.5,0.8333333333333334,1,1
0.458,0.74,0.5846153846153846,0.5,0.8333333333333334,1,1
0.458,0.74,0.6,0.5,0.8333333333333334,1,1
0.458,0.74,0.6153846153846154,0.5,0.8333333333333334,1,1
0.458,0.74,0.6307692307692307,0.5,0.8333333333333334,1,1
0.458,0.74,0.6461538461538462,0.5,0.8333333333333334,1,1
0.458,0.74,0.6615384615384615,0.5,0.8333333333333334,1,1
0.458,0.74,0.676923076923077,0.5,0.8333333333333334,1,1
0.458,0.74,0.6923076923076923,0.5,0.8333333333333334,1,1
0.458,0.74,0.7076923076923077,0.5,0.8333333333333334,1,1
0.458,0.74,0.7230769230769231,0.5,0.8333333333333334,1,1
0.458,0.74,0.7384615384615385,0.5,0.8333333333333334,1,1
0.458,0.74,0.7538461538461538,0.5,0.8333333333333334,1,1
0.458,0.74,0.7692307692307693,0.5,0.8333333333333334,1,1
0.444,0.74,0.7846153846153846,0.5,0.8333333333333334,1,0
0.43,0.74,0.8,0.5,0.8333333333333334,1,0
0.416,0.74,0.8153846153846154,0.5,0.8333333333333334,1,0
0.402,0.74,0.8307692307692308,0.5,0.8333333333333334,1,0
0.388,0.74,0.8461538461538461,0.5,0.8333333333333334,1,0
0.374,0.74,0.8615384615384616,1.0,0.8333333333333334,1,0
0.36,0.74,0.8769230769230769,1.0,0.8333333333333334,1,0
0.346,0.74,0.8923076923076924,1.0,0.8333333333333334,1,0
0.332,0.74,0.9076923076923077,1.0,0.8333333333333334,1,0
0.318,0.74,0.9230769230769231,1.0,0.8333333333333334,1,0
0.304,0.74,0.9384615384615385,1.0,0.8333333333333334,1,0
0.29,0.5,0.49846153846153846,0.5,0.75,0,0
0.29,0.5,0.5123076923076924,0.5,0.75,0,1
0.29,0.5,0.5261538461538462,0.5,0.75,0,1
0.29,0.5,0.54,0.5,0.75,0,1
0.29,0.5,0.5538461538461539,0.5,0.75,0,1
0.29,0.5,0.5676923076923077,0.5,0.75,0,1
0.29,0.5,0.5815384615384616,0.5,0.75,0,1
0.29,0.5,0.5953846153846154,0.5,0.75,0,1
0.29,0.5,0.6092307692307692,0.5,0.75,0,1
0.29,0.5,0.6230769230769231,0.5,0.75,0,1
0.29,0.5,0.6369230769230769,0.5,0.75,0,1
0.29,0.5,0.6507692307692308,0.5,0.75,0,1
0.29,0.5,0.6646153846153846,0.5,0.75,0,1
0.29,0.5,0.6784615384615384,0.5,0.75,0,1
0.29,0.5,0.6923076923076923,0.5,0.75,0,1
0.29,0.5,0.7061538461538461,0.5,0.75,0,1
0.29,0.5,0.72,0.5,0.75,0,1
0.29,0.5,0.7338461538461538,0.5,0.75,0,1
0.29,0.5,0.7476923076923077,0.5,0.75,0,1
0.29,0.5,0.7615384615384615,0.5,0.75,0,1
0.29,0.5,0.7753846153846153,0.5,0.75,0,1
0.29,0.5,0.7892307692307692,0.5,0.75,0,1
0.29,0.5,0.803076923076923,0.5,0.75,0,1
0.29,0.5,0.816923076923077,0.5,0.75,0,1
0.29,0.5,0.8307692307692308,0.5,0.75,0,1
0.29,0.5,0.8446153846153847,0.5,0.75,0,1
0.304,0.5,0.8584615384615385,0.5,0.75,0,2
0.318,0.5,0.8723076923076923,0.5,0.75,0,2
0.332,0.5,0.8861538461538462,0.5,0.75,0,2
0.346,0.5,0.9,0.5,0.75,0,2
0.36,0.5,0.9138461538461539,0.5,0.75,0,2
0.374,0.5,0.9276923076923077,0.5,0.75,0,2
0.388,0.26,0.5876923076923077,-0.5,0.75,0,2
0.388,0.26,0.6015384615384616,-0.5,0.75,0,1
0.388,0.26,0.6153846153846154,-0.5,0.75,0,1
0.388,0.26,0.6292307692307693,-0.5,0.75,0,1
0.388,0.26,0.6430769230769231,-0.5,0.75,0,1
0.388,0.26,0.6569230769230769,-0.5,0.75,0,1
0.388,0.26,0.6707692307692308,-0.5,0.75,0,1
0.388,0.26,0.6846153846153846,-0.5,0.75,0,1
0.388,0.26,0.6984615384615385,-0.5,0.75,0,1
0.388,0.26,0.7123076923076923,-0.5,0.75,0,1
0.388,0.26,0.7261538461538461,-0.5,0.75,0,1
0.388,0.26,0.74,-0.5,0.75,0,1
0.388,0.26,0.7538461538461538,-0.5,0.75,0,1
0.388,0.26,0.7676923076923077,-0.5,0.75,0,1
0.388,0.26,0.7815384615384615,-0.5,0.75,0,1
0.402,0.26,0.7953846153846154,-0.5,0.75,0,2
0.416,0.26,0.8092307692307692,-0.5,0.75,0,2
0.43,0.26,0.823076923076923,-0.5,0.75,0,2
0.444,0.26,0.8369230769230769,-0.5,0.75,0,2
0.458,0.26,0.8507692307692307,-0.5,0.75,0,2
0.472,0.26,0.8646153846153846,-0.5,0.75,0,2
0.486,0.26,0.8784615384615385,-0.5,0.75,0,2
0.486,0.26,0.8923076923076924,-0.5,0.75,0,1
0.486,0.26,0.9061538461538462,-0.5,0.75,0,1
0.486,0.26,0.92,-0.5,0.75,0,1
0.486,0.26,0.9338461538461539,-0.5,0.75,0,1
0.486,0.74,0.5338461538461539,0.5,0.8333333333333334,1,1
0.5,0.74,0.5492307692307692,0.5,0.8333333333333334,1,2
0.514,0.74,0.5646153846153846,0.5,0.8333333333333334,1,2
0.528,0.74,0.58,0.5,0.8333333333333334,1,2
0.542,0.74,0.5953846153846154,0.5,0.8333333333333334,1,2
0.556,0.74,0.6107692307692307,0.5,0.8333333333333334,1,2
0.57,0.74,0.6261538461538462,0.5,0.8333333333333334,1,2
0.57,0.74,0.6415384615384615,0.5,0.8333333333333334,1,1
0.57,0.74,0.6569230769230769,0.5,0.8333333333333334,1,1
0.57,0.74,0.6723076923076923,0.5,0.8333333333333334,1,1
0.57,0.74,0.6876923076923077,0.5,0.8333333333333334,1,1
0.57,0.74,0.703076923076923,0.5,0.8333333333333334,1,1
0.57,0.74,0.7184615384615385,0.5,0.8333333333333334,1,1
0.57,0.74,0.7338461538461538,0.5,0.8333333333333334,1,1
0.57,0.74,0.7492307692307693,0.5,0.8333333333333334,1,1
0.57,0.74,0.7646153846153846,0.5,0.8333333333333334,1,1
0.57,0.74,0.78,0.5,0.8333333333333334,1,1
0.57,0.74,0.7953846153846154,0.5,0.8333333333333334,1,1
0.57,0.74,0.8107692307692308,0.5,0.8333333333333334,1,1
0.57,0.74,0.8261538461538461,0.5,0.8333333333333334,1,1
0.57,0.74,0.8415384615384616,0.5,0.8333333333333334,1,1
0.57,0.74,0.8569230769230769,0.5,0.8333333333333334,1,1
0.57,0.74,0.8723076923076923,0.5,0.8333333333333334,1,1
0.57,0.74,0.8876923076923077,0.5,0.8333333333333334,1,1
0.57,0.74,0.9030769230769231,0.5,0.8333333333333334,1,1
0.57,0.74,0.9184615384615384,0.5,0.8333333333333334,1,1
0.57,0.74,0.9338461538461539,0.5,0.8333333333333334,1,1
0.57,0.74,0.10307692307692308,0.5,0.4166666666666667,0,1
0.57,0.74,0.11076923076923077,0.5,0.4166666666666667,0,1
0.57,0.74,0.11846153846153847,0.5,0.4166666666666667,0,1
0.57,0.74,0.12615384615384614,0.5,0.4166666666666667,0,1
0.57,0.74,0.13384615384615384,0.5,0.4166666666666667,0,1
0.57,0.74,0.14153846153846153,0.5,0.4166666666666667,0,1
0.57,0.74,0.14923076923076922,0.5,0.4166666666666667,0,1
0.57,0.74,0.15692307692307692,0.5,0.4166666666666667,0,1
0.57,0.74,0.1646153846153846,0.5,0.4166666666666667,0,1
0.57,0.74,0.1723076923076923,0.5,0.4166666666666667,0,1
0.57,0.74,0.18,0.5,0.4166666666666667,0,1
0.57,0.74,0.18769230769230769,0.5,0.4166666666666667,0,1
0.57,0.74,0.19538461538461538,0.5,0.4166666666666667,0,1
0.57,0.74,0.20307692307692307,0.5,0.4166666666666667,0,1
0.57,0.74,0.21076923076923076,0.5,0.4166666666666667,0,1
0.57,0.74,0.21846153846153846,0.5,0.4166666666666667,0,1
0.57,0.74,0.22615384615384615,0.5,0.4166666666666667,0,1
0.57,0.74,0.23384615384615384,0.5,0.4166666666666667,0,1
0.57,0.74,0.24153846153846154,0.5,0.4166666666666667,0,1
0.57,0.74,0.24923076923076923,0.5,0.4166666666666667,0,1
0.57,0.74,0.2569230769230769,0.5,0.4166666666666667,0,1
0.57,0.74,0.26461538461538464,0.5,0.4166666666666667,0,1
0.57,0.74,0.2723076923076923,0.5,0.4166666666666667,0,1
0.57,0.74,0.28,0.5,0.4166666666666667,0,1
0.57,0.74,0.2876923076923077,0.5,0.4166666666666667,0,1
0.57,0.74,0.2953846153846154,0.5,0.4166666666666667,0,1
0.57,0.74,0.3030769230769231,0.5,0.4166666666666667,0,1
0.57,0.74,0.31076923076923074,0.5,0.4166666666666667,0,1
0.57,0.74,0.31846153846153846,0.5,0.4166666666666667,0,1
0.57,0.74,0.3261538461538461,0.5,0.4166666666666667,0,1
0.57,0.74,0.33384615384615385,0.5,0.4166666666666667,0,1
0.57,0.74,0.3415384615384615,0.5,0.4166666666666667,0,1
0.57,0.74,0.34923076923076923,0.5,0.4166666666666667,0,1
0.57,0.74,0.3569230769230769,0.5,0.4166666666666667,0,1
0.57,0.74,0.3646153846153846,0.5,0.4166666666666667,0,1
0.57,0.74,0.3723076923076923,0.5,0.4166666666666667,0,1
0.57,0.74,0.38,0.5,0.4166666666666667,0,1
0.57,0.74,0.38769230769230767,0.5,0.4166666666666667,0,1
0.57,0.74,0.3953846153846154,0.5,0.4166666666666667,0,1
0.57,0.74,0.40307692307692305,0.5,0.4166666666666667,0,1
0.57,0.74,0.4107692307692308,0.5,0.4166666666666667,0,1
0.57,0.74,0.41846153846153844,0.5,0.4166666666666667,0,1
0.57,0.74,0.42615384615384616,0.5,0.4166666666666667,0,1
0.57,0.74,0.4338461538461538,0.5,0.4166666666666667,0,1
0.57,0.74,0.44153846153846155,0.5,0.4166666666666667,0,1
0.57,0.74,0.4492307692307692,0.5,0.4166666666666667,0,1
0.57,0.74,0.45692307692307693,0.5,0.4166666666666667,0,1
0.57,0.74,0.4646153846153846,0.5,0.4166666666666667,0,1
0.57,0.74,0.4723076923076923,0.5,0.4166666666666667,0,1
0.57,0.74,0.48,0.5,0.4166666666666667,0,1
0.57,0.74,0.4876923076923077,0.5,0.4166666666666667,0,1
0.57,0.74,0.49538461538461537,0.5,0.4166666666666667,0,1
0.57,0.74,0.5030769230769231,0.5,0.4166666666666667,0,1
0.57,0.74,0.5107692307692308,0.5,0.4166666666666667,0,1
0.57,0.74,0.5184615384615384,0.5,0.4166666666666667,0,1
0.57,0.74,0.5261538461538462,0.5,0.4166666666666667,0,1
0.57,0.74,0.5338461538461539,0.5,0.4166666666666667,0,1
0.57,0.74,0.5415384615384615,0.5,0.4166666666666667,0,1
0.57,0.74,0.5492307692307692,0.5,0.4166666666666667,0,1
0.57,0.74,0.556923076923077,0.5,0.4166666666666667,0,1
0.57,0.74,0.5646153846153846,0.5,0.4166666666666667,0,1
0.584,0.74,0.5723076923076923,0.5,0.4166666666666667,0,2
0.598,0.74,0.58,0.5,0.4166666666666667,0,2
0.612,0.74,0.5876923076923077,0.5,0.4166666666666667,0,2
0.626,0.74,0.5953846153846154,0.0,0.4166666666666667,0,2
0.64,0.74,0.6030769230769231,0.0,0.4166666666666667,0,2
0.654,0.74,0.6107692307692307,0.0,0.4166666666666667,0,2
0.668,0.74,0.6184615384615385,0.0,0.4166666666666667,0,2
0.668,0.74,0.6261538461538462,0.0,0.4166666666666667,0,1
0.668,0.74,0.6338461538461538,0.0,0.4166666666666667,0,1
0.668,0.74,0.6415384615384615,0.0,0.4166666666666667,0,1
0.668,0.74,0.6492307692307693,0.0,0.4166666666666667,0,1
0.668,0.74,0.6569230769230769,0.0,0.4166666666666667,0,1
0.668,0.74,0.6646153846153846,0.0,0.4166666666666667,0,1
0.668,0.74,0.6723076923076923,0.0,0.4166666666666667,0,1
0.668,0.74,0.68,0.0,0.4166666666666667,0,1
0.668,0.74,0.6876923076923077,0.0,0.4166666666666667,0,1
0.668,0.74,0.6953846153846154,0.0,0.4166666666666667,0,1
0.668,0.74,0.703076923076923,0.0,0.4166666666666667,0,1
0.668,0.5,0.7153846153846154,-0.5,0.75,1,1
0.668,0.5,0.7292307692307692,-0.5,0.75,1,1
0.5,0.74,-0.2076923076923077,0.5,0.4166666666666667,1,1
0.5,0.74,-0.2,0.5,0.4166666666666667,1,1
0.5,0.74,-0.19230769230769232,0.5,0.4166666666666667,1,1
0.5,0.74,-0.18461538461538463,0.5,0.4166666666666667,1,1
0.5,0.74,-0.17692307692307693,0.5,0.4166666666666667,1,1
0.5,0.74,-0.16923076923076924,0.5,0.4166666666666667,1,1
0.5,0.74,-0.16153846153846155,0.5,0.4166666666666667,1,1
0.5,0.74,-0.15384615384615385,0.5,0.4166666666666667,1,1
0.5,0.74,-0.14615384615384616,0.5,0.4166666666666667,1,1
0.5,0.74,-0.13846153846153847,0.5,0.4166666666666667,1,1
0.5,0.74,-0.13076923076923078,0.5,0.4166666666666667,1,1
0.5,0.74,-0.12307692307692308,0.5,0.4166666666666667,1,1
0.5,0.74,-0.11538461538461539,0.5,0.4166666666666667,1,1
0.5,0.74,-0.1076923076923077,0.5,0.4166666666666667,1,1
0.5,0.74,-0.1,0.5,0.4166666666666667,1,1
0.5,0.74,-0.09230769230769231,0.5,0.4166666666666667,1,1
0.5,0.74,-0.08461538461538462,0.5,0.4166666666666667,1,1
0.5,0.74,-0.07692307692307693,0.5,0.4166666666666667,1,1
0.5,0.74,-0.06923076923076923,0.5,0.4166666666666667,1,1
0.486,0.74,-0.06153846153846154,0.5,0.4166666666666667,1,0
0.472,0.74,-0.05384615384615385,0.5,0.4166666666666667,1,0
0.458,0.74,-0.046153846153846156,0.5,0.4166666666666667,1,0
0.444,0.74,-0.038461538461538464,0.5,0.4166666666666667,1,0
0.43,0.74,-0.03076923076923077,0.5,0.4166666666666667,1,0
0.416,0.74,-0.023076923076923078,0.5,0.4166666666666667,1,0
0.402,0.74,-0.015384615384615385,0.5,0.4166666666666667,1,0
0.388,0.74,-0.007692307692307693,0.5,0.4166666666666667,1,0
0.374,0.74,0.0,1.0,0.4166666666666667,1,0
0.36,0.74,0.007692307692307693,1.0,0.4166666666666667,1,0
0.36,0.74,0.015384615384615385,1.0,0.4166666666666667,1,1
0.36,0.74,0.023076923076923078,1.0,0.4166666666666667,1,1
0.36,0.74,0.03076923076923077,1.0,0.4166666666666667,1,1
0.36,0.74,0.038461538461538464,1.0,0.4166666666666667,1,1
0.36,0.74,0.046153846153846156,1.0,0.4166666666666667,1,1
0.36,0.74,0.05384615384615385,1.0,0.4166666666666667,1,1
0.36,0.74,0.06153846153846154,1.0,0.4166666666666667,1,1
0.36,0.74,0.06923076923076923,1.0,0.4166666666666667,1,1
0.36,0.74,0.07692307692307693,1.0,0.4166666666666667,1,1
0.36,0.74,0.08461538461538462,1.0,0.4166666666666667,1,1
0.36,0.74,0.09230769230769231,1.0,0.4166666666666667,1,1
0.36,0.74,0.1,1.0,0.4166666666666667,1,1
0.36,0.74,0.1076923076923077,1.0,0.4166666666666667,1,1
0.36,0.74,0.11538461538461539,1.0,0.4166666666666667,1,1
0.36,0.74,0.12307692307692308,1.0,0.4166666666666667,1,1
0.36,0.74,0.13076923076923078,1.0,0.4166666666666667,1,1
0.346,0.74,0.13846153846153847,1.0,0.4166666666666667,1,0
0.332,0.74,0.14615384615384616,1.0,0.4166666666666667,1,0
0.318,0.74,0.15384615384615385,1.0,0.4166666666666667,1,0
0.304,0.74,0.16153846153846155,1.0,0.4166666666666667,1,0
0.29,0.74,0.16923076923076924,1.0,0.4166666666666667,1,0
0.276,0.74,0.17692307692307693,1.0,0.4166666666666667,1,0
0.262,0.74,0.18461538461538463,1.0,0.4166666666666667,1,0
0.262,0.74,0.19230769230769232,1.0,0.4166666666666667,1,1
0.262,0.74,0.2,1.0,0.4166666666666667,1,1
0.262,0.74,0.2076923076923077,1.0,0.4166666666666667,1,1
0.262,0.26,0.22153846153846155,0.0,0.75,0,1
0.262,0.26,0.2353846153846154,0.0,0.75,0,1
0.262,0.26,0.24923076923076923,0.0,0.75,0,1
0.276,0.26,0.2630769230769231,0.0,0.75,0,2
0.29,0.26,0.27692307692307694,0.0,0.75,0,2
0.304,0.26,0.2907692307692308,0.0,0.75,0,2
0.318,0.26,0.3046153846153846,0.0,0.75,0,2
0.332,0.26,0.31846153846153846,0.0,0.75,0,2
0.346,0.26,0.3323076923076923,0.0,0.75,0,2
0.36,0.26,0.34615384615384615,0.0,0.75,0,2
0.374,0.26,0.36,0.0,0.75,0,2
0.388,0.26,0.37384615384615383,-0.5,0.75,0,2
0.402,0.26,0.38769230769230767,-0.5,0.75,0,2
0.416,0.26,0.4015384615384615,-0.5,0.75,0,2
0.43,0.26,0.4153846153846154,-0.5,0.75,0,2
0.43,0.26,0.42923076923076925,-0.5,0.75,0,1
0.43,0.26,0.4430769230769231,-0.5,0.75,0,1
0.43,0.26,0.45692307692307693,-0.5,0.75,0,1
0.43,0.26,0.4707692307692308,-0.5,0.75,0,1
0.43,0.26,0.4846153846153846,-0.5,0.75,0,1
0.43,0.26,0.49846153846153846,-0.5,0.75,0,1
0.43,0.26,0.5123076923076924,-0.5,0.75,0,1
0.43,0.26,0.5261538461538462,-0.5,0.75,0,1
0.43,0.26,0.54,-0.5,0.75,0,1
0.444,0.26,0.5538461538461539,-0.5,0.75,0,2
0.458,0.26,0.5676923076923077,-0.5,0.75,0,2
0.472,0.26,0.5815384615384616,-0.5,0.75,0,2
0.486,0.26,0.5953846153846154,-0.5,0.75,0,2
0.5,0.26,0.6092307692307692,-0.5,0.75,0,2
0.514,0.26,0.6230769230769231,-0.5,0.75,0,2
0.514,0.26,0.6369230769230769,-0.5,0.75,0,1
0.514,0.26,0.6507692307692308,-0.5,0.75,0,1
0.514,0.26,0.6646153846153846,-0.5,0.75,0,1
0.514,0.26,0.6784615384615384,-0.5,0.75,0,1
0.514,0.26,0.6923076923076923,-0.5,0.75,0,1
0.514,0.26,0.7061538461538461,-0.5,0.75,0,1
0.514,0.26,0.72,-0.5,0.75,0,1
0.514,0.26,0.7338461538461538,-0.5,0.75,0,1
0.514,0.26,0.7476923076923077,-0.5,0.75,0,1
0.514,0.26,0.7615384615384615,-0.5,0.75,0,1
0.514,0.26,0.7753846153846153,-0.5,0.75,0,1
0.514,0.26,0.7892307692307692,-0.5,0.75,0,1
0.514,0.26,0.803076923076923,-0.5,0.75,0,1
0.514,0.26,0.816923076923077,-0.5,0.75,0,1
0.514,0.26,0.8307692307692308,-0.5,0.75,0,1
0.514,0.26,0.8446153846153847,-0.5,0.75,0,1
0.514,0.26,0.8584615384615385,-0.5,0.75,0,1
0.514,0.26,0.8723076923076923,-0.5,0.75,0,1
0.514,0.26,0.8861538461538462,-0.5,0.75,0,1
0.514,0.26,0.9,-0.5,0.75,0,1
0.514,0.26,0.9138461538461539,-0.5,0.75,0,1
0.514,0.26,0.9276923076923077,-0.5,0.75,0,1
0.514,0.74,0.6153846153846154,0.5,0.4166666666666667,1,1
0.514,0.74,0.6230769230769231,0.5,0.4166666666666667,1,1
0.514,0.74,0.6307692307692307,0.5,0.4166666666666667,1,1
0.514,0.74,0.6384615384615384,0.5,0.4166666666666667,1,1
0.514,0.74,0.6461538461538462,0.5,0.4166666666666667,1,1
0.514,0.74,0.6538461538461539,0.5,0.4166666666666667,1,1
0.5,0.74,0.6615384615384615,0.5,0.4166666666666667,1,0
0.486,0.74,0.6692307692307692,0.5,0.4166666666666667,1,0
0.472,0.74,0.676923076923077,0.5,0.4166666666666667,1,0
0.458,0.74,0.6846153846153846,0.5,0.4166666666666667,1,0
0.444,0.74,0.6923076923076923,0.5,0.4166666666666667,1,0
0.43,0.74,0.7,0.5,0.4166666666666667,1,0
0.416,0.74,0.7076923076923077,0.5,0.4166666666666667,1,0
0.402,0.74,0.7153846153846154,0.5,0.4166666666666667,1,0
0.388,0.74,0.7230769230769231,0.5,0.4166666666666667,1,0
0.374,0.74,0.7307692307692307,1.0,0.4166666666666667,1,0
0.36,0.74,0.7384615384615385,1.0,0.4166666666666667,1,0
0.36,0.74,0.7461538461538462,1.0,0.4166666666666667,1,1
0.36,0.74,0.7538461538461538,1.0,0.4166666666666667,1,1
0.36,0.74,0.7615384615384615,1.0,0.4166666666666667,1,1
0.36,0.74,0.7692307692307693,1.0,0.4166666666666667,1,1
0.36,0.74,0.7769230769230769,1.0,0.4166666666666667,1,1
0.36,0.74,0.7846153846153846,1.0,0.4166666666666667,1,1
0.36,0.74,0.7923076923076923,1.0,0.4166666666666667,1,1
0.36,0.74,0.8,1.0,0.4166666666666667,1,1
0.36,0.74,0.8076923076923077,1.0,0.4166666666666667,1,1
0.36,0.74,0.8153846153846154,1.0,0.4166666666666667,1,1
0.36,0.74,0.823076923076923,1.0,0.4166666666666667,1,1
0.36,0.74,0.8307692307692308,1.0,0.4166666666666667,1,1
0.36,0.74,0.8384615384615385,1.0,0.4166666666666667,1,1
0.36,0.74,0.8461538461538461,1.0,0.4166666666666667,1,1
0.36,0.74,0.8538461538461538,1.0,0.4166666666666667,1,1
0.36,0.74,0.8615384615384616,1.0,0.4166666666666667,1,1
0.36,0.74,0.8692307692307693,1.0,0.4166666666666667,1,1
0.36,0.74,0.8769230769230769,1.0,0.4166666666666667,1,1
0.36,0.74,0.8846153846153846,1.0,0.4166666666666667,1,1
0.36,0.74,0.8923076923076924,1.0,0.4166666666666667,1,1
0.36,0.74,0.9,1.0,0.4166666666666667,1,1
0.36,0.74,0.9076923076923077,1.0,0.4166666666666667,1,1
0.36,0.74,0.9153846153846154,1.0,0.4166666666666667,1,1
0.36,0.74,0.9230769230769231,1.0,0.4166666666666667,1,1
0.36,0.74,0.9307692307692308,1.0,0.4166666666666667,1,1
0.36,0.74,0.9384615384615385,1.0,0.4166666666666667,1,1
0.36,0.5,0.48615384615384616,0.5,0.5,1,1
0.36,0.5,0.49538461538461537,0.5,0.5,1,1
0.36,0.5,0.5046153846153846,0.5,0.5,1,1
0.36,0.5,0.5138461538461538,0.5,0.5,1,1
0.36,0.5,0.5230769230769231,0.5,0.5,1,1
0.36,0.5,0.5323076923076923,0.5,0.5,1,1
0.36,0.5,0.5415384615384615,0.5,0.5,1,1
0.36,0.5,0.5507692307692308,0.5,0.5,1,1
0.36,0.5,0.56,0.5,0.5,1,1
0.36,0.5,0.5692307692307692,0.5,0.5,1,1
0.36,0.5,0.5784615384615385,0.5,0.5,1,1
0.36,0.5,0.5876923076923077,0.5,0.5,1,1
0.36,0.5,0.5969230769230769,0.5,0.5,1,1
0.36,0.5,0.6061538461538462,0.5,0.5,1,1
0.36,0.5,0.6153846153846154,0.5,0.5,1,1
0.36,0.5,0.6246153846153846,0.5,0.5,1,1
0.36,0.5,0.6338461538461538,0.5,0.5,1,1
0.36,0.5,0.6430769230769231,0.5,0.5,1,1
0.36,0.5,0.6523076923076923,0.5,0.5,1,1
0.36,0.5,0.6615384615384615,0.5,0.5,1,1
0.36,0.5,0.6707692307692308,0.5,0.5,1,1
0.36,0.5,0.683076923076923,0.5,0.8333333333333334,1,1
0.36,0.5,0.6984615384615385,0.5,0.8333333333333334,1,1
0.36,0.5,0.7138461538461538,0.5,0.8333333333333334,1,1
0.36,0.5,0.7292307692307692,0.5,0.8333333333333334,1,1
0.36,0.5,0.7446153846153846,0.5,0.8333333333333334,1,1
0.36,0.5,0.76,0.5,0.8333333333333334,1,1
0.36,0.5,0.7753846153846153,0.5,0.8333333333333334,1,1
0.36,0.5,0.7907692307692308,0.5,0.8333333333333334,1,1
0.36,0.5,0.8061538461538461,0.5,0.8333333333333334,1,1
0.36,0.5,0.8215384615384616,0.5,0.8333333333333334,1,1
0.36,0.5,0.8369230769230769,0.5,0.8333333333333334,1,1
0.36,0.5,0.8523076923076923,0.5,0.8333333333333334,1,1
0.36,0.5,0.8676923076923077,0.5,0.8333333333333334,1,1
0.36,0.5,0.8830769230769231,0.5,0.8333333333333334,1,1
0.36,0.5,0.8984615384615384,0.5,0.8333333333333334,1,1
0.36,0.5,0.9138461538461539,0.5,0.8333333333333334,1,1
0.36,0.5,0.9292307692307692,0.5,0.8333333333333334,1,1
0.36,0.5,0.8369230769230769,0.5,0.5,1,1
0.36,0.5,0.8461538461538461,0.5,0.5,1,1
0.36,0.5,0.8553846153846154,0.5,0.5,1,1
0.36,0.5,0.8646153846153846,0.5,0.5,1,1
0.36,0.5,0.8738461538461538,0.5,0.5,1,1
0.36,0.5,0.8830769230769231,0.5,0.5,1,1
0.36,0.5,0.8923076923076924,0.5,0.5,1,1
0.36,0.5,0.9015384615384615,0.5,0.5,1,1
0.36,0.5,0.9107692307692308,0.5,0.5,1,1
0.36,0.5,0.92,0.5,0.5,1,1
0.374,0.5,0.9292307692307692,0.5,0.5,1,2
0.388,0.5,0.9384615384615385,0.0,0.5,1,2
0.402,0.74,0.08,0.5,0.4166666666666667,1,2
0.416,0.74,0.0876923076923077,0.5,0.4166666666666667,1,2
0.43,0.74,0.09538461538461539,0.5,0.4166666666666667,1,2
0.444,0.74,0.10307692307692308,0.5,0.4166666666666667,1,2
0.458,0.74,0.11076923076923077,0.5,0.4166666666666667,1,2
0.472,0.74,0.11846153846153847,0.5,0.4166666666666667,1,2
0.486,0.74,0.12615384615384614,0.5,0.4166666666666667,1,2
0.5,0.74,0.13384615384615384,0.5,0.4166666666666667,1,2
0.5,0.74,0.14153846153846153,0.5,0.4166666666666667,1,1
0.5,0.74,0.14923076923076922,0.5,0.4166666666666667,1,1
0.5,0.74,0.15692307692307692,0.5,0.4166666666666667,1,1
0.5,0.74,0.1646153846153846,0.5,0.4166666666666667,1,1
0.5,0.74,0.1723076923076923,0.5,0.4166666666666667,1,1
0.5,0.74,0.18,0.5,0.4166666666666667,1,1
0.5,0.74,0.18769230769230769,0.5,0.4166666666666667,1,1
0.5,0.74,0.19538461538461538,0.5,0.4166666666666667,1,1
0.5,0.74,0.20307692307692307,0.5,0.4166666666666667,1,1
0.5,0.74,0.21076923076923076,0.5,0.4166666666666667,1,1
0.5,0.74,0.21846153846153846,0.5,0.4166666666666667,1,1
0.5,0.74,0.22615384615384615,0.5,0.4166666666666667,1,1
0.5,0.74,0.23384615384615384,0.5,0.4166666666666667,1,1
0.5,0.74,0.24153846153846154,0.5,0.4166666666666667,1,1
0.5,0.74,0.24923076923076923,0.5,0.4166666666666667,1,1
0.5,0.74,0.2569230769230769,0.5,0.4166666666666667,1,1
0.5,0.74,0.26461538461538464,0.5,0.4166666666666667,1,1
0.5,0.74,0.2723076923076923,0.5,0.4166666666666667,1,1
0.5,0.74,0.28,0.5,0.4166666666666667,1,1
0.514,0.74,0.2876923076923077,0.5,0.4166666666666667,1,2
0.528,0.74,0.2953846153846154,0.5,0.4166666666666667,1,2
0.542,0.74,0.3030769230769231,0.5,0.4166666666666667,1,2
0.556,0.74,0.31076923076923074,0.5,0.4166666666666667,1,2
0.57,0.74,0.31846153846153846,0.5,0.4166666666666667,1,2
0.584,0.74,0.3261538461538461,0.5,0.4166666666666667,1,2
0.598,0.74,0.33384615384615385,0.5,0.4166666666666667,1,2
0.598,0.74,0.3415384615384615,0.5,0.4166666666666667,1,1
0.598,0.74,0.34923076923076923,0.5,0.4166666666666667,1,1
0.598,0.74,0.3569230769230769,0.5,0.4166666666666667,1,1
0.598,0.74,0.3646153846153846,0.5,0.4166666666666667,1,1
0.598,0.74,0.3723076923076923,0.5,0.4166666666666667,1,1
0.598,0.74,0.38,0.5,0.4166666666666667,1,1
0.598,0.74,0.38769230769230767,0.5,0.4166666666666667,1,1
0.598,0.74,0.3953846153846154,0.5,0.4166666666666667,1,1
0.598,0.74,0.40307692307692305,0.5,0.4166666666666667,1,1
0.598,0.74,0.4107692307692308,0.5,0.4166666666666667,1,1
0.598,0.74,0.41846153846153844,0.5,0.4166666666666667,1,1
0.598,0.74,0.42615384615384616,0.5,0.4166666666666667,1,1
0.598,0.74,0.4338461538461538,0.5,0.4166666666666667,1,1
0.598,0.74,0.44153846153846155,0.5,0.4166666666666667,1,1
0.598,0.74,0.4492307692307692,0.5,0.4166666666666667,1,1
0.598,0.74,0.45692307692307693,0.5,0.4166666666666667,1,1
0.584,0.74,0.4646153846153846,0.5,0.4166666666666667,1,0
0.57,0.74,0.4723076923076923,0.5,0.4166666666666667,1,0
0.556,0.74,0.48,0.5,0.4166666666666667,1,0
0.542,0.74,0.4876923076923077,0.5,0.4166666666666667,1,0
0.528,0.74,0.49538461538461537,0.5,0.4166666666666667,1,0
0.514,0.74,0.5030769230769231,0.5,0.4166666666666667,1,0
0.5,0.74,0.5107692307692308,0.5,0.4166666666666667,1,0
0.486,0.74,0.5184615384615384,0.5,0.4166666666666667,1,0
0.472,0.74,0.5261538461538462,0.5,0.4166666666666667,1,0
0.458,0.74,0.5338461538461539,0.5,0.4166666666666667,1,0
0.444,0.74,0.5415384615384615,0.5,0.4166666666666667,1,0
0.43,0.74,0.5492307692307692,0.5,0.4166666666666667,1,0
0.416,0.74,0.556923076923077,0.5,0.4166666666666667,1,0
0.402,0.74,0.5646153846153846,0.5,0.4166666666666667,1,0
0.388,0.74,0.5723076923076923,0.5,0.4166666666666667,1,0
0.374,0.74,0.58,1.0,0.4166666666666667,1,0
0.36,0.74,0.5876923076923077,1.0,0.4166666666666667,1,0
0.346,0.74,0.5953846153846154,1.0,0.4166666666666667,1,0
0.332,0.74,0.6030769230769231,1.0,0.4166666666666667,1,0
0.318,0.74,0.6107692307692307,1.0,0.4166666666666667,1,0
0.304,0.74,0.6184615384615385,1.0,0.4166666666666667,1,0
0.29,0.74,0.6261538461538462,1.0,0.4166666666666667,1,0
0.276,0.74,0.6338461538461538,1.0,0.4166666666666667,1,0
0.262,0.74,0.6415384615384615,1.0,0.4166666666666667,1,0
0.262,0.74,0.6492307692307693,1.0,0.4166666666666667,1,1
0.262,0.5,0.6615384615384615,0.5,0.8333333333333334,0,1
0.262,0.5,0.676923076923077,0.5,0.8333333333333334,0,1
0.262,0.5,0.6923076923076923,0.5,0.8333333333333334,0,1
0.262,0.5,0.7076923076923077,0.5,0.8333333333333334,0,1
0.262,0.5,0.7230769230769231,0.5,0.8333333333333334,0,1
0.262,0.5,0.7384615384615385,0.5,0.8333333333333334,0,1
0.262,0.5,0.7538461538461538,0.5,0.8333333333333334,0,1
0.262,0.5,0.7692307692307693,0.5,0.8333333333333334,0,1
0.262,0.5,0.7846153846153846,0.5,0.8333333333333334,0,1
0.262,0.5,0.8,0.5,0.8333333333333334,0,1
0.262,0.5,0.8153846153846154,0.5,0.8333333333333334,0,1
0.262,0.5,0.8307692307692308,0.5,0.8333333333333334,0,1
0.262,0.5,0.8461538461538461,0.5,0.8333333333333334,0,1
0.262,0.5,0.8615384615384616,0.5,0.8333333333333334,0,1
0.262,0.5,0.8769230769230769,0.5,0.8333333333333334,0,1
0.262,0.5,0.8923076923076924,0.5,0.8333333333333334,0,1
0.262,0.5,0.9076923076923077,0.5,0.8333333333333334,0,1
0.262,0.5,0.9230769230769231,0.5,0.8333333333333334,0,1
0.262,0.5,0.9384615384615385,0.5,0.8333333333333334,0,1
0.262,0.74,0.803076923076923,1.0,0.4166666666666667,1,1
0.262,0.74,0.8107692307692308,1.0,0.4166666666666667,1,1
0.262,0.74,0.8184615384615385,1.0,0.4166666666666667,1,1
0.262,0.74,0.8261538461538461,1.0,0.4166666666666667,1,1
0.262,0.74,0.8338461538461538,1.0,0.4166666666666667,1,1
0.262,0.74,0.8415384615384616,1.0,0.4166666666666667,1,1
0.262,0.74,0.8492307692307692,1.0,0.4166666666666667,1,1
0.262,0.74,0.8569230769230769,1.0,0.4166666666666667,1,1
0.262,0.74,0.8646153846153846,1.0,0.4166666666666667,1,1
0.262,0.74,0.8723076923076923,1.0,0.4166666666666667,1,1
0.262,0.74,0.88,1.0,0.4166666666666667,1,1
0.262,0.74,0.8876923076923077,1.0,0.4166666666666667,1,1
0.262,0.74,0.8953846153846153,1.0,0.4166666666666667,1,1
0.262,0.74,0.9030769230769231,1.0,0.4166666666666667,1,1
0.262,0.74,0.9107692307692308,1.0,0.4166666666666667,1,1
0.262,0.74,0.9184615384615384,1.0,0.4166666666666667,1,1
0.262,0.74,0.9261538461538461,1.0,0.4166666666666667,1,1
0.262,0.74,0.9338461538461539,1.0,0.4166666666666667,1,1
0.262,0.5,0.7138461538461538,0.5,0.5,1,1
0.262,0.5,0.7230769230769231,0.5,0.5,1,1
0.262,0.5,0.7323076923076923,0.5,0.5,1,1
0.262,0.5,0.7415384615384616,0.5,0.5,1,1
0.262,0.5,0.7507692307692307,0.5,0.5,1,1
0.262,0.5,0.76,0.5,0.5,1,1
0.262,0.5,0.7692307692307693,0.5,0.5,1,1
0.262,0.5,0.7784615384615384,0.5,0.5,1,1
0.262,0.5,0.7876923076923077,0.5,0.5,1,1
0.262,0.5,0.796923076923077,0.5,0.5,1,1
0.262,0.5,0.8061538461538461,0.5,0.5,1,1
0.262,0.5,0.8153846153846154,0.5,0.5,1,1
0.262,0.5,0.8246153846153846,0.5,0.5,1,1
0.262,0.5,0.8338461538461538,0.5,0.5,1,1
0.262,0.5,0.8430769230769231,0.5,0.5,1,1
0.262,0.5,0.8523076923076923,0.5,0.5,1,1
0.262,0.5,0.8615384615384616,0.5,0.5,1,1
0.262,0.5,0.8707692307692307,0.5,0.5,1,1
0.262,0.5,0.88,0.5,0.5,1,1
0.262,0.5,0.8892307692307693,0.5,0.5,1,1
0.276,0.5,0.8984615384615384,0.5,0.5,1,2
0.29,0.5,0.9076923076923077,0.5,0.5,1,2
0.304,0.5,0.916923076923077,0.5,0.5,1,2
0.318,0.5,0.9261538461538461,0.5,0.5,1,2
0.332,0.5,0.9353846153846154,0.5,0.5,1,2
0.346,0.74,-0.05384615384615385,1.0,0.4166666666666667,0,2
0.36,0.74,-0.046153846153846156,1.0,0.4166666666666667,0,2
0.374,0.74,-0.038461538461538464,1.0,0.4166666666666667,0,2
0.388,0.74,-0.03076923076923077,0.5,0.4166666666666667,0,2
0.402,0.74,-0.023076923076923078,0.5,0.4166666666666667,0,2
0.416,0.74,-0.015384615384615385,0.5,0.4166666666666667,0,2
0.43,0.74,-0.007692307692307693,0.5,0.4166666666666667,0,2
0.444,0.74,0.0,0.5,0.4166666666666667,0,2
0.458,0.74,0.007692307692307693,0.5,0.4166666666666667,0,2
0.472,0.74,0.015384615384615385,0.5,0.4166666666666667,0,2
0.486,0.74,0.023076923076923078,0.5,0.4166666666666667,0,2
0.486,0.74,0.03076923076923077,0.5,0.4166666666666667,0,1
0.486,0.74,0.038461538461538464,0.5,0.4166666666666667,0,1
0.486,0.74,0.046153846153846156,0.5,0.4166666666666667,0,1
0.486,0.74,0.05384615384615385,0.5,0.4166666666666667,0,1
0.486,0.74,0.06153846153846154,0.5,0.4166666666666667,0,1
0.486,0.74,0.06923076923076923,0.5,0.4166666666666667,0,1
0.486,0.74,0.07692307692307693,0.5,0.4166666666666667,0,1
0.486,0.74,0.08461538461538462,0.5,0.4166666666666667,0,1
0.486,0.74,0.09230769230769231,0.5,0.4166666666666667,0,1
0.486,0.74,0.1,0.5,0.4166666666666667,0,1
0.486,0.74,0.1076923076923077,0.5,0.4166666666666667,0,1
0.486,0.74,0.11538461538461539,0.5,0.4166666666666667,0,1
0.486,0.74,0.12307692307692308,0.5,0.4166666666666667,0,1
0.5,0.74,0.13076923076923078,0.5,0.4166666666666667,0,2
0.514,0.74,0.13846153846153847,0.5,0.4166666666666667,0,2
0.528,0.74,0.14615384615384616,0.5,0.4166666666666667,0,2
0.542,0.74,0.15384615384615385,0.5,0.4166666666666667,0,2
0.556,0.74,0.16153846153846155,0.5,0.4166666666666667,0,2
0.57,0.74,0.16923076923076924,0.5,0.4166666666666667,0,2
0.584,0.74,0.17692307692307693,0.5,0.4166666666666667,0,2
0.584,0.74,0.18461538461538463,0.5,0.4166666666666667,0,1
0.584,0.74,0.19230769230769232,0.5,0.4166666666666667,0,1
0.584,0.74,0.2,0.5,0.4166666666666667,0,1
0.584,0.74,0.2076923076923077,0.5,0.4166666666666667,0,1
0.584,0.74,0.2153846153846154,0.5,0.4166666666666667,0,1
0.584,0.74,0.2230769230769231,0.5,0.4166666666666667,0,1
0.584,0.74,0.23076923076923078,0.5,0.4166666666666667,0,1
0.584,0.74,0.23846153846153847,0.5,0.4166666666666667,0,1
0.584,0.74,0.24615384615384617,0.5,0.4166666666666667,0,1
0.584,0.74,0.25384615384615383,0.5,0.4166666666666667,0,1
0.584,0.74,0.26153846153846155,0.5,0.4166666666666667,0,1
0.584,0.74,0.2692307692307692,0.5,0.4166666666666667,0,1
0.584,0.74,0.27692307692307694,0.5,0.4166666666666667,0,1
0.584,0.74,0.2846153846153846,0.5,0.4166666666666667,0,1
0.584,0.74,0.2923076923076923,0.5,0.4166666666666667,0,1
0.57,0.74,0.3,0.5,0.4166666666666667,0,0
0.556,0.74,0.3076923076923077,0.5,0.4166666666666667,0,0
0.542,0.74,0.3153846153846154,0.5,0.4166666666666667,0,0
0.528,0.74,0.3230769230769231,0.5,0.4166666666666667,0,0
0.514,0.74,0.33076923076923076,0.5,0.4166666666666667,0,0
0.5,0.74,0.3384615384615385,0.5,0.4166666666666667,0,0
0.5,0.74,0.34615384615384615,0.5,0.4166666666666667,0,1
0.5,0.74,0.35384615384615387,0.5,0.4166666666666667,0,1
0.5,0.74,0.36153846153846153,0.5,0.4166666666666667,0,1
0.5,0.74,0.36923076923076925,0.5,0.4166666666666667,0,1
0.5,0.74,0.3769230769230769,0.5,0.4166666666666667,0,1
0.5,0.74,0.38461538461538464,0.5,0.4166666666666667,0,1
0.5,0.74,0.3923076923076923,0.5,0.4166666666666667,0,1
0.5,0.74,0.4,0.5,0.4166666666666667,0,1
0.5,0.74,0.4076923076923077,0.5,0.4166666666666667,0,1
0.5,0.74,0.4153846153846154,0.5,0.4166666666666667,0,1
0.5,0.74,0.4230769230769231,0.5,0.4166666666666667,0,1
0.5,0.74,0.4307692307692308,0.5,0.4166666666666667,0,1
0.5,0.74,0.43846153846153846,0.5,0.4166666666666667,0,1
0.5,0.74,0.4461538461538462,0.5,0.4166666666666667,0,1
0.514,0.74,0.45384615384615384,0.5,0.4166666666666667,0,2
0.528,0.74,0.46153846153846156,0.5,0.4166666666666667,0,2
0.542,0.74,0.46923076923076923,0.5,0.4166666666666667,0,2
0.556,0.74,0.47692307692307695,0.5,0.4166666666666667,0,2
0.57,0.74,0.4846153846153846,0.5,0.4166666666666667,0,2
0.584,0.74,0.49230769230769234,0.5,0.4166666666666667,0,2
0.598,0.74,0.5,0.5,0.4166666666666667,0,2
0.598,0.74,0.5076923076923077,0.5,0.4166666666666667,0,1
0.598,0.74,0.5153846153846153,0.5,0.4166666666666667,0,1
0.598,0.74,0.5230769230769231,0.5,0.4166666666666667,0,1
0.598,0.74,0.5307692307692308,0.5,0.4166666666666667,0,1
0.598,0.74,0.5384615384615384,0.5,0.4166666666666667,0,1
0.598,0.74,0.5461538461538461,0.5,0.4166666666666667,0,1
0.598,0.74,0.5538461538461539,0.5,0.4166666666666667,0,1
0.598,0.74,0.5615384615384615,0.5,0.4166666666666667,0,1
0.598,0.74,0.5692307692307692,0.5,0.4166666666666667,0,1
0.598,0.74,0.5769230769230769,0.5,0.4166666666666667,0,1
0.598,0.74,0.5846153846153846,0.5,0.4166666666666667,0,1
0.598,0.74,0.5923076923076923,0.5,0.4166666666666667,0,1
0.598,0.74,0.6,0.5,0.4166666666666667,0,1
0.584,0.74,0.6076923076923076,0.5,0.4166666666666667,0,0
0.57,0.74,0.6153846153846154,0.5,0.4166666666666667,0,0
0.556,0.74,0.6230769230769231,0.5,0.4166666666666667,0,0
0.542,0.74,0.6307692307692307,0.5,0.4166666666666667,0,0
0.528,0.74,0.6384615384615384,0.5,0.4166666666666667,0,0
0.528,0.74,0.6461538461538462,0.5,0.4166666666666667,0,1
0.528,0.74,0.6538461538461539,0.5,0.4166666666666667,0,1
0.528,0.74,0.6615384615384615,0.5,0.4166666666666667,0,1
0.528,0.74,0.6692307692307692,0.5,0.4166666666666667,0,1
0.528,0.74,0.676923076923077,0.5,0.4166666666666667,0,1
0.528,0.74,0.6846153846153846,0.5,0.4166666666666667,0,1
0.528,0.74,0.6923076923076923,0.5,0.4166666666666667,0,1
0.528,0.74,0.7,0.5,0.4166666666666667,0,1
0.528,0.74,0.7076923076923077,0.5,0.4166666666666667,0,1
0.528,0.74,0.7153846153846154,0.5,0.4166666666666667,0,1
0.528,0.74,0.7230769230769231,0.5,0.4166666666666667,0,1
0.528,0.74,0.7307692307692307,0.5,0.4166666666666667,0,1
0.528,0.74,0.7384615384615385,0.5,0.4166666666666667,0,1
0.528,0.74,0.7461538461538462,0.5,0.4166666666666667,0,1
0.528,0.74,0.7538461538461538,0.5,0.4166666666666667,0,1
0.528,0.74,0.7615384615384615,0.5,0.4166666666666667,0,1
0.528,0.74,0.7692307692307693,0.5,0.4166666666666667,0,1
0.528,0.74,0.7769230769230769,0.5,0.4166666666666667,0,1
0.528,0.74,0.7846153846153846,0.5,0.4166666666666667,0,1
0.528,0.74,0.7923076923076923,0.5,0.4166666666666667,0,1
0.528,0.74,0.8,0.5,0.4166666666666667,0,1
0.528,0.74,0.8076923076923077,0.5,0.4166666666666667,0,1
0.528,0.74,0.8153846153846154,0.5,0.4166666666666667,0,1
0.528,0.74,0.823076923076923,0.5,0.4166666666666667,0,1
0.528,0.26,0.8323076923076923,-0.5,0.6666666666666666,0,1
0.528,0.26,0.8446153846153847,-0.5,0.6666666666666666,0,1
0.528,0.26,0.8569230769230769,-0.5,0.6666666666666666,0,1
0.528,0.26,0.8692307692307693,-0.5,0.6666666666666666,0,1
0.528,0.26,0.8815384615384615,-0.5,0.6666666666666666,0,1
0.528,0.26,0.8938461538461538,-0.5,0.6666666666666666,0,1
0.528,0.26,0.9061538461538462,-0.5,0.6666666666666666,0,1
0.528,0.26,0.9184615384615384,-0.5,0.6666666666666666,0,1
0.528,0.26,0.9307692307692308,-0.5,0.6666666666666666,0,1
0.528,0.74,0.9,0.5,0.4166666666666667,0,1
0.528,0.74,0.9076923076923077,0.5,0.4166666666666667,0,1
0.528,0.74,0.9153846153846154,0.5,0.4166666666666667,0,1
0.528,0.74,0.9230769230769231,0.5,0.4166666666666667,0,1
0.528,0.74,0.9307692307692308,0.5,0.4166666666666667,0,1
0.528,0.74,0.9384615384615385,0.5,0.4166666666666667,0,1
0.528,0.26,0.8061538461538461,-0.5,0.4166666666666667,1,1
0.528,0.26,0.8138461538461539,-0.5,0.4166666666666667,1,1
0.528,0.26,0.8215384615384616,-0.5,0.4166666666666667,1,1
0.528,0.26,0.8292307692307692,-0.5,0.4166666666666667,1,1
0.528,0.26,0.8369230769230769,-0.5,0.4166666666666667,1,1
0.528,0.26,0.8451538461538461,-0.5,0.4166666666666667,1,1
0.528,0.26,0.8533846153846154,-0.5,0.4166666666666667,1,1
0.528,0.26,0.8616153846153847,-0.5,0.4166666666666667,1,1
0.528,0.26,0.8698461538461539,-0.5,0.4166666666666667,1,1
0.528,0.26,0.8780769230769232,-0.5,0.4166666666666667,1,1
0.528,0.26,0.8863076923076925,-0.5,0.4166666666666667,1,1
0.528,0.26,0.8945384615384618,-0.5,0.4166666666666667,1,1
0.528,0.26,0.9027692307692311,-0.5,0.4166666666666667,1,1
0.514,0.26,0.9110000000000004,-0.5,0.4166666666666667,1,0
0.5,0.26,0.9192307692307696,-0.5,0.4166666666666667,1,0
0.486,0.26,0.9274615384615389,-0.5,0.4166666666666667,1,0
0.472,0.26,0.9356923076923082,-0.5,0.4166666666666667,1,0
0.458,0.5,-0.3806923076923073,0.0,0.8333333333333334,0,0
0.444,0.5,-0.36476923076923035,0.0,0.8333333333333334,0,0
0.43,0.5,-0.3488461538461535,0.0,0.8333333333333334,0,0
0.416,0.5,-0.33292307692307654,0.0,0.8333333333333334,0,0
0.416,0.5,-0.3169999999999996,0.0,0.8333333333333334,0,1
0.416,0.5,-0.3010769230769227,0.0,0.8333333333333334,0,1
0.416,0.5,-0.2851538461538458,0.0,0.8333333333333334,0,1
0.416,0.5,-0.2692307692307689,0.0,0.8333333333333334,0,1
0.416,0.5,-0.25330769230769196,0.0,0.8333333333333334,0,1
0.416,0.5,-0.23738461538461506,0.0,0.8333333333333334,0,1
0.416,0.5,-0.22146153846153813,0.0,0.8333333333333334,0,1
0.416,0.5,-0.20553846153846123,0.0,0.8333333333333334,0,1
0.416,0.5,-0.1896153846153843,0.0,0.8333333333333334,0,1
0.416,0.5,-0.1736923076923074,0.0,0.8333333333333334,0,1
0.416,0.5,-0.15776923076923047,0.0,0.8333333333333334,0,1
0.416,0.5,-0.14184615384615357,0.0,0.8333333333333334,0,1
0.416,0.5,-0.12592307692307667,0.0,0.8333333333333334,0,1
0.416,0.5,-0.10999999999999974,0.0,0.8333333333333334,0,1
0.43,0.5,-0.09407692307692281,0.0,0.8333333333333334,0,2
0.444,0.5,-0.0781538461538459,0.0,0.8333333333333334,0,2
0.458,0.5,-0.062230769230768965,0.0,0.8333333333333334,0,2
0.472,0.5,-0.046307692307692036,0.0,0.8333333333333334,0,2
0.486,0.5,-0.03038461538461511,0.0,0.8333333333333334,0,2
0.5,0.5,-0.014461538461538189,0.0,0.8333333333333334,0,2
0.514,0.5,0.0014615384615387337,0.0,0.8333333333333334,0,2
0.528,0.5,0.017384615384615658,0.0,0.8333333333333334,0,2
0.528,0.5,0.03330769230769258,0.0,0.8333333333333334,0,1
0.528,0.5,0.0492307692307695,0.0,0.8333333333333334,0,1
0.528,0.5,0.06515384615384642,0.0,0.8333333333333334,0,1
0.528,0.5,0.08107692307692335,0.0,0.8333333333333334,0,1
0.528,0.5,0.09700000000000028,0.0,0.8333333333333334,0,1
0.528,0.5,0.1129230769230772,0.0,0.8333333333333334,0,1
0.528,0.5,0.1288461538461541,0.0,0.8333333333333334,0,1
0.528,0.5,0.144769230769231,0.0,0.8333333333333334,0,1
0.528,0.5,0.16069230769230794,0.0,0.8333333333333334,0,1
0.528,0.5,0.17661538461538484,0.0,0.8333333333333334,0,1
0.542,0.5,0.19253846153846177,0.0,0.8333333333333334,0,2
0.556,0.5,0.20846153846153867,0.0,0.8333333333333334,0,2
0.57,0.5,0.2243846153846156,0.0,0.8333333333333334,0,2
0.584,0.5,0.2403076923076925,0.0,0.8333333333333334,0,2
0.598,0.5,0.25623076923076943,0.0,0.8333333333333334,0,2
0.612,0.5,0.27215384615384636,0.0,0.8333333333333334,0,2
0.626,0.5,0.28807692307692323,-0.5,0.8333333333333334,0,2
0.64,0.5,0.30400000000000016,-0.5,0.8333333333333334,0,2
0.654,0.5,0.3199230769230771,-0.5,0.8333333333333334,0,2
0.668,0.5,0.335846153846154,-0.5,0.8333333333333334,0,2
0.682,0.5,0.3517692307692309,-0.5,0.8333333333333334,0,2
0.696,0.5,0.3676923076923078,-0.5,0.8333333333333334,0,2
0.71,0.5,0.38361538461538475,-0.5,0.8333333333333334,0,2
0.71,0.5,0.3995384615384617,-0.5,0.8333333333333334,0,1
0.71,0.5,0.41546153846153866,-0.5,0.8333333333333334,0,1
0.71,0.5,0.4313846153846156,-0.5,0.8333333333333334,0,1
0.71,0.5,0.4473076923076926,-0.5,0.8333333333333334,0,1
0.71,0.5,0.4632307692307695,-0.5,0.8333333333333334,0,1
0.71,0.5,0.4791538461538465,-0.5,0.8333333333333334,0,1
0.71,0.5,0.49507692307692347,-0.5,0.8333333333333334,0,1
0.71,0.5,0.5110000000000005,-0.5,0.8333333333333334,0,1
0.71,0.5,0.5269230769230774,-0.5,0.8333333333333334,0,1
0.71,0.5,0.5428461538461543,-0.5,0.8333333333333334,0,1
0.71,0.5,0.5587692307692312,-0.5,0.8333333333333334,0,1
0.71,0.5,0.5746923076923083,-0.5,0.8333333333333334,0,1
0.71,0.5,0.5906153846153852,-0.5,0.8333333333333334,0,1
0.71,0.5,0.6065384615384621,-0.5,0.8333333333333334,0,1
0.696,0.5,0.6224615384615391,-0.5,0.8333333333333334,0,0
0.682,0.5,0.6383846153846161,-0.5,0.8333333333333334,0,0
0.668,0.5,0.654307692307693,-0.5,0.8333333333333334,0,0
0.654,0.5,0.67023076923077,-0.5,0.8333333333333334,0,0
0.654,0.5,0.6861538461538469,-0.5,0.8333333333333334,0,1
0.654,0.5,0.7020769230769239,-0.5,0.8333333333333334,0,1
0.654,0.5,0.7180000000000009,-0.5,0.8333333333333334,0,1
0.654,0.5,0.7339230769230778,-0.5,0.8333333333333334,0,1
0.654,0.5,0.7498461538461548,-0.5,0.8333333333333334,0,1
0.654,0.5,0.7657692307692318,-0.5,0.8333333333333334,0,1
0.654,0.5,0.7816923076923087,-0.5,0.8333333333333334,0,1
0.654,0.5,0.7976153846153856,-0.5,0.8333333333333334,0,1
0.654,0.5,0.8135384615384625,-0.5,0.8333333333333334,0,1
0.654,0.5,0.8294615384615395,-0.5,0.8333333333333334,0,1
0.654,0.5,0.8453846153846164,-0.5,0.8333333333333334,0,1
0.654,0.5,0.8613076923076934,-0.5,0.8333333333333334,0,1
0.654,0.5,0.8772307692307704,-0.5,0.8333333333333334,0,1
0.654,0.5,0.8931538461538473,-0.5,0.8333333333333334,0,1
0.654,0.5,0.9090769230769242,-0.5,0.8333333333333334,0,1
0.654,0.5,0.9250000000000013,-0.5,0.8333333333333334,0,1
0.654,0.74,0.7811538461538471,0.0,0.8333333333333334,1,1
0.654,0.74,0.797076923076924,0.0,0.8333333333333334,1,1
0.654,0.74,0.8130000000000009,0.0,0.8333333333333334,1,1
0.654,0.74,0.8289230769230779,0.0,0.8333333333333334,1,1
0.654,0.74,0.8448461538461549,0.0,0.8333333333333334,1,1
0.654,0.74,0.8607692307692318,0.0,0.8333333333333334,1,1
0.654,0.74,0.8766923076923088,0.0,0.8333333333333334,1,1
0.654,0.74,0.8926153846153857,0.0,0.8333333333333334,1,1
0.654,0.74,0.9085384615384627,0.0,0.8333333333333334,1,1
0.654,0.74,0.9244615384615397,0.0,0.8333333333333334,1,1
0.654,0.5,-0.0010769230769223242,-0.5,0.4166666666666667,1,1
0.654,0.5,0.007153846153846906,-0.5,0.4166666666666667,1,1
0.64,0.5,0.015384615384616137,-0.5,0.4166666666666667,1,0
0.626,0.5,0.023615384615385367,-0.5,0.4166666666666667,1,0
0.612,0.5,0.03184615384615459,0.0,0.4166666666666667,1,0
0.598,0.5,0.04007692307692383,0.0,0.4166666666666667,1,0
0.584,0.5,0.04830769230769306,0.0,0.4166666666666667,1,0
0.57,0.5,0.056538461538462294,0.0,0.4166666666666667,1,0
0.556,0.5,0.06476923076923152,0.0,0.4166666666666667,1,0
0.542,0.5,0.07300000000000076,0.0,0.4166666666666667,1,0
0.542,0.5,0.08123076923077,0.0,0.4166666666666667,1,1
0.542,0.5,0.08946153846153923,0.0,0.4166666666666667,1,1
0.542,0.5,0.09769230769230845,0.0,0.4166666666666667,1,1
0.542,0.5,0.10592307692307767,0.0,0.4166666666666667,1,1
0.542,0.5,0.1141538461538469,0.0,0.4166666666666667,1,1
0.542,0.5,0.12238461538461612,0.0,0.4166666666666667,1,1
0.542,0.5,0.13061538461538535,0.0,0.4166666666666667,1,1
0.542,0.5,0.13884615384615456,0.0,0.4166666666666667,1,1
0.528,0.5,0.1470769230769238,0.0,0.4166666666666667,1,0
0.514,0.5,0.155307692307693,0.0,0.4166666666666667,1,0
0.5,0.5,0.16353846153846224,0.0,0.4166666666666667,1,0
0.486,0.5,0.17176923076923145,0.0,0.4166666666666667,1,0
0.472,0.5,0.1800000000000007,0.0,0.4166666666666667,1,0
0.472,0.5,0.1882307692307699,0.0,0.4166666666666667,1,1
0.472,0.5,0.19646153846153913,0.0,0.4166666666666667,1,1
0.472,0.5,0.20469230769230837,0.0,0.4166666666666667,1,1
0.472,0.5,0.21292307692307758,0.0,0.4166666666666667,1,1
0.472,0.5,0.2211538461538468,0.0,0.4166666666666667,1,1
0.472,0.5,0.22938461538461602,0.0,0.4166666666666667,1,1
0.458,0.5,0.23761538461538526,0.0,0.4166666666666667,1,0
0.444,0.5,0.24584615384615446,0.0,0.4166666666666667,1,0
0.43,0.5,0.2540769230769237,0.0,0.4166666666666667,1,0
0.416,0.5,0.2623076923076929,0.0,0.4166666666666667,1,0
0.402,0.5,0.2705384615384621,0.0,0.4166666666666667,1,0
0.388,0.5,0.2787692307692314,0.0,0.4166666666666667,1,0
0.374,0.5,0.2870000000000006,0.5,0.4166666666666667,1,0
0.374,0.5,0.2952307692307698,0.5,0.4166666666666667,1,1
0.374,0.5,0.303461538461539,0.5,0.4166666666666667,1,1
0.374,0.5,0.31169230769230827,0.5,0.4166666666666667,1,1
0.374,0.5,0.3199230769230775,0.5,0.4166666666666667,1,1
0.374,0.5,0.3281538461538467,0.5,0.4166666666666667,1,1
0.374,0.5,0.3363846153846159,0.5,0.4166666666666667,1,1
0.36,0.5,0.34461538461538516,0.5,0.4166666666666667,1,0
0.346,0.5,0.35284615384615436,0.5,0.4166666666666667,1,0
0.332,0.5,0.3610769230769236,0.5,0.4166666666666667,1,0
0.332,0.5,0.3693076923076928,0.5,0.4166666666666667,1,1
0.332,0.5,0.37753846153846204,0.5,0.4166666666666667,1,1
0.332,0.5,0.38576923076923125,0.5,0.4166666666666667,1,1
0.332,0.5,0.39400000000000046,0.5,0.4166666666666667,1,1
0.332,0.5,0.4022307692307697,0.5,0.4166666666666667,1,1
0.332,0.5,0.410461538461539,0.5,0.4166666666666667,1,1
0.332,0.5,0.41869230769230825,0.5,0.4166666666666667,1,1
0.332,0.5,0.4269230769230775,0.5,0.4166666666666667,1,1
0.332,0.5,0.4351538461538468,0.5,0.4166666666666667,1,1
0.332,0.5,0.44338461538461604,0.5,0.4166666666666667,1,1
0.332,0.5,0.4516153846153853,0.5,0.4166666666666667,1,1
0.332,0.5,0.45984615384615457,0.5,0.4166666666666667,1,1
0.332,0.5,0.4680769230769239,0.5,0.4166666666666667,1,1
0.346,0.5,0.47630769230769315,0.5,0.4166666666666667,1,2
0.36,0.5,0.4845384615384624,0.5,0.4166666666666667,1,2
0.374,0.5,0.4927692307692317,0.5,0.4166666666666667,1,2
0.388,0.5,0.5010000000000009,0.0,0.4166666666666667,1,2
0.402,0.5,0.5092307692307702,0.0,0.4166666666666667,1,2
0.416,0.5,0.5174615384615394,0.0,0.4166666666666667,1,2
0.416,0.5,0.5256923076923087,0.0,0.4166666666666667,1,1
0.416,0.5,0.5339230769230779,0.0,0.4166666666666667,1,1
0.416,0.5,0.5421538461538472,0.0,0.4166666666666667,1,1
0.416,0.5,0.5503846153846165,0.0,0.4166666666666667,1,1
0.416,0.5,0.5586153846153857,0.0,0.4166666666666667,1,1
0.416,0.5,0.566846153846155,0.0,0.4166666666666667,1,1
0.416,0.5,0.5750769230769244,0.0,0.4166666666666667,1,1
0.416,0.5,0.5833076923076936,0.0,0.4166666666666667,1,1
0.416,0.5,0.5915384615384629,0.0,0.4166666666666667,1,1
0.416,0.5,0.5997692307692322,0.0,0.4166666666666667,1,1
0.416,0.5,0.6080000000000014,0.0,0.4166666666666667,1,1
0.416,0.5,0.6162307692307707,0.0,0.4166666666666667,1,1
0.402,0.5,0.62446153846154,0.0,0.4166666666666667,1,0
0.388,0.5,0.6326923076923092,0.0,0.4166666666666667,1,0
0.374,0.5,0.6409230769230785,0.5,0.4166666666666667,1,0
0.36,0.5,0.6491538461538477,0.5,0.4166666666666667,1,0
0.36,0.5,0.657384615384617,0.5,0.4166666666666667,1,1
0.36,0.26,0.671615384615385,0.0,0.75,0,1
0.36,0.26,0.6860000000000004,0.0,0.75,0,1
0.36,0.26,0.7003846153846158,0.0,0.75,0,1
0.36,0.26,0.7147692307692313,0.0,0.75,0,1
0.36,0.26,0.7291538461538467,0.0,0.75,0,1
0.36,0.26,0.743538461538462,0.0,0.75,0,1
0.36,0.26,0.7579230769230775,0.0,0.75,0,1
0.36,0.26,0.7723076923076929,0.0,0.75,0,1
0.36,0.26,0.7866923076923084,0.0,0.75,0,1
0.36,0.26,0.8010769230769237,0.0,0.75,0,1
0.36,0.26,0.8154615384615391,0.0,0.75,0,1
0.36,0.26,0.8298461538461546,0.0,0.75,0,1
0.36,0.26,0.8442307692307699,0.0,0.75,0,1
0.36,0.26,0.8586153846153853,0.0,0.75,0,1
0.374,0.26,0.8730000000000008,0.0,0.75,0,2
0.388,0.26,0.8873846153846162,-0.5,0.75,0,2
0.402,0.26,0.9017692307692317,-0.5,0.75,0,2
0.416,0.26,0.916153846153847,-0.5,0.75,0,2
0.43,0.26,0.9305384615384624,-0.5,0.75,0,2
0.5,0.26,-0.2,-0.5,0.8333333333333334,1,1
0.5,0.26,-0.18461538461538463,-0.5,0.8333333333333334,1,1
0.5,0.26,-0.16923076923076924,-0.5,0.8333333333333334,1,1
0.5,0.26,-0.15384615384615385,-0.5,0.8333333333333334,1,1
0.5,0.26,-0.13846153846153847,-0.5,0.8333333333333334,1,1
0.5,0.26,-0.12307692307692308,-0.5,0.8333333333333334,1,1
0.5,0.26,-0.1076923076923077,-0.5,0.8333333333333334,1,1
0.5,0.26,-0.09230769230769231,-0.5,0.8333333333333334,1,1
0.5,0.26,-0.07692307692307693,-0.5,0.8333333333333334,1,1
0.5,0.26,-0.06153846153846154,-0.5,0.8333333333333334,1,1
0.5,0.26,-0.046153846153846156,-0.5,0.8333333333333334,1,1
0.5,0.26,-0.03076923076923077,-0.5,0.8333333333333334,1,1
0.5,0.26,-0.015384615384615385,-0.5,0.8333333333333334,1,1
0.5,0.26,0.0,-0.5,0.8333333333333334,1,1
0.5,0.26,0.015384615384615385,-0.5,0.8333333333333334,1,1
0.5,0.26,0.03076923076923077,-0.5,0.8333333333333334,1,1
0.5,0.26,0.046153846153846156,-0.5,0.8333333333333334,1,1
0.5,0.26,0.06153846153846154,-0.5,0.8333333333333334,1,1
0.5,0.26,0.07692307692307693,-0.5,0.8333333333333334,1,1
0.5,0.26,0.09230769230769231,-0.5,0.8333333333333334,1,1
0.5,0.26,0.1076923076923077,-0.5,0.8333333333333334,1,1
0.514,0.26,0.12307692307692308,-0.5,0.8333333333333334,1,2
0.528,0.26,0.13846153846153847,-0.5,0.8333333333333334,1,2
0.542,0.26,0.15384615384615385,-0.5,0.8333333333333334,1,2
0.556,0.26,0.16923076923076924,-0.5,0.8333333333333334,1,2
0.57,0.26,0.18461538461538463,-0.5,0.8333333333333334,1,2
0.584,0.26,0.2,-0.5,0.8333333333333334,1,2
0.598,0.26,0.2153846153846154,-0.5,0.8333333333333334,1,2
0.612,0.26,0.23076923076923078,-0.5,0.8333333333333334,1,2
0.626,0.26,0.24615384615384617,-1.0,0.8333333333333334,1,2
0.64,0.26,0.26153846153846155,-1.0,0.8333333333333334,1,2
0.654,0.26,0.27692307692307694,-1.0,0.8333333333333334,1,2
0.668,0.26,0.2923076923076923,-1.0,0.8333333333333334,1,2
0.668,0.26,0.3076923076923077,-1.0,0.8333333333333334,1,1
0.668,0.26,0.3230769230769231,-1.0,0.8333333333333334,1,1
0.668,0.26,0.3384615384615385,-1.0,0.8333333333333334,1,1
0.668,0.26,0.35384615384615387,-1.0,0.8333333333333334,1,1
0.668,0.26,0.36923076923076925,-1.0,0.8333333333333334,1,1
0.668,0.26,0.38461538461538464,-1.0,0.8333333333333334,1,1
0.668,0.26,0.4,-1.0,0.8333333333333334,1,1
0.668,0.26,0.4153846153846154,-1.0,0.8333333333333334,1,1
0.668,0.26,0.4307692307692308,-1.0,0.8333333333333334,1,1
0.668,0.26,0.4461538461538462,-1.0,0.8333333333333334,1,1
0.654,0.26,0.46153846153846156,-1.0,0.8333333333333334,1,0
0.64,0.26,0.47692307692307695,-1.0,0.8333333333333334,1,0
0.626,0.26,0.49230769230769234,-1.0,0.8333333333333334,1,0
0.612,0.26,0.5076923076923077,-0.5,0.8333333333333334,1,0
0.598,0.26,0.5230769230769231,-0.5,0.8333333333333334,1,0
0.584,0.26,0.5384615384615384,-0.5,0.8333333333333334,1,0
0.57,0.26,0.5538461538461539,-0.5,0.8333333333333334,1,0
0.556,0.26,0.5692307692307692,-0.5,0.8333333333333334,1,0
0.542,0.26,0.5846153846153846,-0.5,0.8333333333333334,1,0
0.542,0.26,0.6,-0.5,0.8333333333333334,1,1
0.542,0.26,0.6153846153846154,-0.5,0.8333333333333334,1,1
0.542,0.26,0.6307692307692307,-0.5,0.8333333333333334,1,1
0.542,0.26,0.6461538461538462,-0.5,0.8333333333333334,1,1
0.542,0.26,0.6615384615384615,-0.5,0.8333333333333334,1,1
0.542,0.26,0.676923076923077,-0.5,0.8333333333333334,1,1
0.542,0.26,0.6923076923076923,-0.5,0.8333333333333334,1,1
0.542,0.26,0.7076923076923077,-0.5,0.8333333333333334,1,1
0.542,0.26,0.7230769230769231,-0.5,0.8333333333333334,1,1
0.556,0.26,0.7384615384615385,-0.5,0.8333333333333334,1,2
0.57,0.26,0.7538461538461538,-0.5,0.8333333333333334,1,2
0.584,0.26,0.7692307692307693,-0.5,0.8333333333333334,1,2
0.598,0.26,0.7846153846153846,-0.5,0.8333333333333334,1,2
0.612,0.26,0.8,-0.5,0.8333333333333334,1,2
0.626,0.26,0.8153846153846154,-1.0,0.8333333333333334,1,2
0.64,0.26,0.8307692307692308,-1.0,0.8333333333333334,1,2
0.64,0.26,0.8461538461538461,-1.0,0.8333333333333334,1,1
0.64,0.26,0.8615384615384616,-1.0,0.8333333333333334,1,1
0.64,0.26,0.8769230769230769,-1.0,0.8333333333333334,1,1
0.64,0.26,0.8923076923076924,-1.0,0.8333333333333334,1,1
0.64,0.26,0.9076923076923077,-1.0,0.8333333333333334,1,1
0.64,0.26,0.9230769230769231,-1.0,0.8333333333333334,1,1
0.64,0.26,0.9384615384615385,-1.0,0.8333333333333334,1,1
0.64,0.26,0.1476923076923077,-1.0,0.5,0,1
0.654,0.26,0.15692307692307692,-1.0,0.5,0,2
0.668,0.26,0.16615384615384615,-1.0,0.5,0,2
0.682,0.26,0.1753846153846154,-1.0,0.5,0,2
0.696,0.26,0.18461538461538463,-1.0,0.5,0,2
0.71,0.26,0.19384615384615383,-1.0,0.5,0,2
0.724,0.26,0.20307692307692307,-1.0,0.5,0,2
0.738,0.26,0.2123076923076923,-1.0,0.5,0,2
0.738,0.26,0.22153846153846155,-1.0,0.5,0,1
0.738,0.26,0.23076923076923078,-1.0,0.5,0,1
0.738,0.26,0.24,-1.0,0.5,0,1
0.738,0.26,0.24923076923076923,-1.0,0.5,0,1
0.738,0.26,0.25846153846153846,-1.0,0.5,0,1
0.738,0.26,0.2676923076923077,-1.0,0.5,0,1
0.738,0.26,0.27692307692307694,-1.0,0.5,0,1
0.738,0.26,0.28615384615384615,-1.0,0.5,0,1
0.738,0.26,0.2953846153846154,-1.0,0.5,0,1
0.738,0.26,0.3046153846153846,-1.0,0.5,0,1
0.738,0.26,0.31384615384615383,-1.0,0.5,0,1
0.738,0.26,0.3230769230769231,-1.0,0.5,0,1
0.738,0.26,0.3323076923076923,-1.0,0.5,0,1
0.738,0.26,0.3415384615384615,-1.0,0.5,0,1
0.738,0.26,0.3507692307692308,-1.0,0.5,0,1
0.724,0.26,0.36,-1.0,0.5,0,0
0.71,0.26,0.36923076923076925,-1.0,0.5,0,0
0.696,0.26,0.37846153846153846,-1.0,0.5,0,0
0.682,0.26,0.38769230769230767,-1.0,0.5,0,0
0.668,0.26,0.39692307692307693,-1.0,0.5,0,0
0.654,0.26,0.40615384615384614,-1.0,0.5,0,0
0.64,0.26,0.4153846153846154,-1.0,0.5,0,0
0.626,0.26,0.4246153846153846,-1.0,0.5,0,0
0.626,0.26,0.4338461538461538,-1.0,0.5,0,1
0.626,0.26,0.4430769230769231,-1.0,0.5,0,1
0.626,0.26,0.4523076923076923,-1.0,0.5,0,1
0.626,0.26,0.46153846153846156,-1.0,0.5,0,1
0.626,0.26,0.4707692307692308,-1.0,0.5,0,1
0.626,0.26,0.48,-1.0,0.5,0,1
0.626,0.26,0.48923076923076925,-1.0,0.5,0,1
0.612,0.26,0.49846153846153846,-0.5,0.5,0,0
0.598,0.26,0.5076923076923077,-0.5,0.5,0,0
0.584,0.26,0.5169230769230769,-0.5,0.5,0,0
0.57,0.26,0.5261538461538462,-0.5,0.5,0,0
0.556,0.26,0.5353846153846153,-0.5,0.5,0,0
0.542,0.26,0.5446153846153846,-0.5,0.5,0,0
0.528,0.26,0.5538461538461539,-0.5,0.5,0,0
0.528,0.26,0.563076923076923,-0.5,0.5,0,1
0.528,0.26,0.5723076923076923,-0.5,0.5,0,1
0.528,0.26,0.5815384615384616,-0.5,0.5,0,1
0.528,0.26,0.5907692307692308,-0.5,0.5,0,1
0.528,0.26,0.6,-0.5,0.5,0,1
0.528,0.26,0.6092307692307692,-0.5,0.5,0,1
0.528,0.26,0.6184615384615385,-0.5,0.5,0,1
0.514,0.26,0.6276923076923077,-0.5,0.5,0,0
0.5,0.26,0.6369230769230769,-0.5,0.5,0,0
0.486,0.26,0.6461538461538462,-0.5,0.5,0,0
0.472,0.26,0.6553846153846153,-0.5,0.5,0,0
0.458,0.26,0.6646153846153846,-0.5,0.5,0,0
0.444,0.26,0.6738461538461539,-0.5,0.5,0,0
0.444,0.26,0.683076923076923,-0.5,0.5,0,1
0.444,0.26,0.6923076923076923,-0.5,0.5,0,1
0.444,0.26,0.7015384615384616,-0.5,0.5,0,1
0.444,0.26,0.7107692307692308,-0.5,0.5,0,1
0.444,0.26,0.72,-0.5,0.5,0,1
0.444,0.26,0.7292307692307692,-0.5,0.5,0,1
0.444,0.26,0.7384615384615385,-0.5,0.5,0,1
0.444,0.26,0.7476923076923077,-0.5,0.5,0,1
0.444,0.26,0.7569230769230769,-0.5,0.5,0,1
0.444,0.26,0.7661538461538462,-0.5,0.5,0,1
0.444,0.26,0.7753846153846153,-0.5,0.5,0,1
0.444,0.26,0.7846153846153846,-0.5,0.5,0,1
0.444,0.26,0.7938461538461539,-0.5,0.5,0,1
0.444,0.26,0.803076923076923,-0.5,0.5,0,1
0.444,0.26,0.8123076923076923,-0.5,0.5,0,1
0.458,0.74,0.8261538461538461,0.5,0.8333333333333334,1,2
0.472,0.74,0.8415384615384616,0.5,0.8333333333333334,1,2
0.486,0.74,0.8569230769230769,0.5,0.8333333333333334,1,2
0.5,0.74,0.8723076923076923,0.5,0.8333333333333334,1,2
0.514,0.74,0.8876923076923077,0.5,0.8333333333333334,1,2
0.514,0.74,0.9030769230769231,0.5,0.8333333333333334,1,1
0.514,0.74,0.9184615384615384,0.5,0.8333333333333334,1,1
0.514,0.74,0.9338461538461539,0.5,0.8333333333333334,1,1
0.514,0.26,0.8953846153846153,-0.5,0.5,0,1
0.514,0.26,0.9046153846153846,-0.5,0.5,0,1
0.514,0.26,0.9138461538461539,-0.5,0.5,0,1
0.514,0.26,0.9230769230769231,-0.5,0.5,0,1
0.514,0.26,0.9323076923076923,-0.5,0.5,0,1
0.514,0.74,0.8369230769230769,0.5,0.5833333333333334,1,1
0.514,0.74,0.8476923076923077,0.5,0.5833333333333334,1,1
0.514,0.74,0.8584615384615385,0.5,0.5833333333333334,1,1
0.514,0.74,0.8692307692307693,0.5,0.5833333333333334,1,1
0.514,0.74,0.88,0.5,0.5833333333333334,1,1
0.514,0.74,0.8907692307692308,0.5,0.5833333333333334,1,1
0.514,0.74,0.9015384615384615,0.5,0.5833333333333334,1,1
0.514,0.74,0.9123076923076923,0.5,0.5833333333333334,1,1
0.5,0.74,0.9230769230769231,0.5,0.5833333333333334,1,0
0.486,0.74,0.9338461538461539,0.5,0.5833333333333334,1,0
0.472,0.74,-0.18769230769230769,0.5,0.5,0,0
0.458,0.74,-0.17846153846153845,0.5,0.5,0,0
0.444,0.74,-0.16923076923076924,0.5,0.5,0,0
0.43,0.74,-0.16,0.5,0.5,0,0
0.43,0.74,-0.15076923076923077,0.5,0.5,0,1
0.43,0.74,-0.14153846153846153,0.5,0.5,0,1
0.43,0.74,-0.13230769230769232,0.5,0.5,0,1
0.43,0.74,-0.12307692307692308,0.5,0.5,0,1
0.43,0.74,-0.11384615384615385,0.5,0.5,0,1
0.43,0.74,-0.10461538461538461,0.5,0.5,0,1
0.43,0.74,-0.09538461538461539,0.5,0.5,0,1
0.43,0.74,-0.08615384615384615,0.5,0.5,0,1
0.43,0.74,-0.07692307692307693,0.5,0.5,0,1
0.43,0.74,-0.06769230769230769,0.5,0.5,0,1
0.43,0.74,-0.05846153846153846,0.5,0.5,0,1
0.43,0.74,-0.04923076923076923,0.5,0.5,0,1
0.43,0.74,-0.04,0.5,0.5,0,1
0.43,0.74,-0.03076923076923077,0.5,0.5,0,1
0.43,0.74,-0.021538461538461538,0.5,0.5,0,1
0.43,0.74,-0.012307692307692308,0.5,0.5,0,1
0.43,0.74,-0.003076923076923077,0.5,0.5,0,1
0.43,0.74,0.006153846153846154,0.5,0.5,0,1
0.43,0.74,0.015384615384615385,0.5,0.5,0,1
0.43,0.74,0.024615384615384615,0.5,0.5,0,1
0.416,0.74,0.033846153846153845,0.5,0.5,0,0
0.402,0.74,0.043076923076923075,0.5,0.5,0,0
0.388,0.74,0.052307692307692305,0.5,0.5,0,0
0.374,0.74,0.06153846153846154,1.0,0.5,0,0
0.36,0.74,0.07076923076923076,1.0,0.5,0,0
0.346,0.74,0.08,1.0,0.5,0,0
0.332,0.74,0.08923076923076922,1.0,0.5,0,0
0.318,0.74,0.09846153846153846,1.0,0.5,0,0
0.304,0.74,0.1076923076923077,1.0,0.5,0,0
0.29,0.74,0.11692307692307692,1.0,0.5,0,0
0.29,0.74,0.12615384615384614,1.0,0.5,0,1
0.29,0.74,0.13538461538461538,1.0,0.5,0,1
0.29,0.74,0.14461538461538462,1.0,0.5,0,1
0.29,0.74,0.15384615384615385,1.0,0.5,0,1
0.304,0.74,0.16307692307692306,1.0,0.5,0,2
0.318,0.74,0.1723076923076923,1.0,0.5,0,2
0.332,0.74,0.18153846153846154,1.0,0.5,0,2
0.346,0.74,0.19076923076923077,1.0,0.5,0,2
0.346,0.74,0.2,1.0,0.5,0,1
0.346,0.74,0.20923076923076922,1.0,0.5,0,1
0.346,0.74,0.21846153846153846,1.0,0.5,0,1
0.346,0.74,0.2276923076923077,1.0,0.5,0,1
0.346,0.74,0.23692307692307693,1.0,0.5,0,1
0.346,0.74,0.24615384615384617,1.0,0.5,0,1
0.346,0.74,0.2553846153846154,1.0,0.5,0,1
0.346,0.74,0.26461538461538464,1.0,0.5,0,1
0.346,0.74,0.27384615384615385,1.0,0.5,0,1
0.346,0.74,0.28307692307692306,1.0,0.5,0,1
0.346,0.74,0.2923076923076923,1.0,0.5,0,1
0.36,0.74,0.30153846153846153,1.0,0.5,0,2
0.374,0.74,0.31076923076923074,1.0,0.5,0,2
0.388,0.74,0.32,0.5,0.5,0,2
0.402,0.74,0.3292307692307692,0.5,0.5,0,2
0.416,0.74,0.3384615384615385,0.5,0.5,0,2
0.43,0.74,0.3476923076923077,0.5,0.5,0,2
0.444,0.74,0.3569230769230769,0.5,0.5,0,2
0.444,0.74,0.36615384615384616,0.5,0.5,0,1
0.444,0.74,0.37538461538461537,0.5,0.5,0,1
0.444,0.74,0.38461538461538464,0.5,0.5,0,1
0.444,0.74,0.39384615384615385,0.5,0.5,0,1
0.444,0.74,0.40307692307692305,0.5,0.5,0,1
0.444,0.74,0.4123076923076923,0.5,0.5,0,1
0.458,0.74,0.42153846153846153,0.5,0.5,0,2
0.472,0.74,0.4307692307692308,0.5,0.5,0,2
0.486,0.74,0.44,0.5,0.5,0,2
0.5,0.74,0.4492307692307692,0.5,0.5,0,2
0.514,0.74,0.4584615384615385,0.5,0.5,0,2
0.528,0.74,0.4676923076923077,0.5,0.5,0,2
0.542,0.74,0.47692307692307695,0.5,0.5,0,2
0.542,0.74,0.48615384615384616,0.5,0.5,0,1
0.542,0.74,0.49538461538461537,0.5,0.5,0,1
0.542,0.74,0.5046153846153846,0.5,0.5,0,1
0.542,0.74,0.5138461538461538,0.5,0.5,0,1
0.542,0.74,0.5230769230769231,0.5,0.5,0,1
0.542,0.74,0.5323076923076923,0.5,0.5,0,1
0.542,0.74,0.5415384615384615,0.5,0.5,0,1
0.542,0.74,0.5507692307692308,0.5,0.5,0,1
0.542,0.74,0.56,0.5,0.5,0,1
0.542,0.74,0.5692307692307692,0.5,0.5,0,1
0.542,0.74,0.5784615384615385,0.5,0.5,0,1
0.542,0.74,0.5876923076923077,0.5,0.5,0,1
0.542,0.74,0.5969230769230769,0.5,0.5,0,1
0.542,0.74,0.6061538461538462,0.5,0.5,0,1
0.542,0.74,0.6153846153846154,0.5,0.5,0,1
0.542,0.74,0.6246153846153846,0.5,0.5,0,1
0.542,0.74,0.6338461538461538,0.5,0.5,0,1
0.542,0.74,0.6430769230769231,0.5,0.5,0,1
0.542,0.74,0.6523076923076923,0.5,0.5,0,1
0.542,0.74,0.6615384615384615,0.5,0.5,0,1
0.542,0.74,0.6707692307692308,0.5,0.5,0,1
0.542,0.74,0.68,0.5,0.5,0,1
0.542,0.74,0.6892307692307692,0.5,0.5,0,1
0.542,0.74,0.6984615384615385,0.5,0.5,0,1
0.542,0.74,0.7076923076923077,0.5,0.5,0,1
0.542,0.74,0.7169230769230769,0.5,0.5,0,1
0.542,0.74,0.7261538461538461,0.5,0.5,0,1
0.542,0.74,0.7353846153846154,0.5,0.5,0,1
0.542,0.74,0.7446153846153846,0.5,0.5,0,1
0.542,0.74,0.7538461538461538,0.5,0.5,0,1
0.542,0.74,0.7661538461538462,0.5,0.75,0,1
0.542,0.74,0.78,0.5,0.75,0,1
0.542,0.74,0.7938461538461539,0.5,0.75,0,1
0.542,0.74,0.8076923076923077,0.5,0.75,0,1
0.542,0.74,0.8215384615384616,0.5,0.75,0,1
0.542,0.74,0.8353846153846154,0.5,0.75,0,1
0.542,0.74,0.8492307692307692,0.5,0.75,0,1
0.542,0.74,0.8630769230769231,0.5,0.75,0,1
0.542,0.74,0.8769230769230769,0.5,0.75,0,1
0.542,0.74,0.8907692307692308,0.5,0.75,0,1
0.542,0.74,0.9046153846153846,0.5,0.75,0,1
0.542,0.74,0.9184615384615384,0.5,0.75,0,1
0.542,0.74,0.9323076923076923,0.5,0.75,0,1
0.542,0.74,0.8830769230769231,0.5,0.5,0,1
0.542,0.74,0.8923076923076924,0.5,0.5,0,1
0.542,0.74,0.9015384615384615,0.5,0.5,0,1
0.542,0.74,0.9107692307692308,0.5,0.5,0,1
0.542,0.74,0.92,0.5,0.5,0,1
0.542,0.74,0.9292307692307692,0.5,0.5,0,1
0.542,0.74,0.9384615384615385,0.5,0.5,0,1
0.542,0.26,0.6707692307692308,-0.5,0.4166666666666667,0,1
0.542,0.26,0.6784615384615384,-0.5,0.4166666666666667,0,1
0.542,0.26,0.6861538461538461,-0.5,0.4166666666666667,0,1
0.542,0.26,0.6938461538461539,-0.5,0.4166666666666667,0,1
0.542,0.26,0.7015384615384616,-0.5,0.4166666666666667,0,1
0.542,0.26,0.7092307692307692,-0.5,0.4166666666666667,0,1
0.542,0.26,0.7169230769230769,-0.5,0.4166666666666667,0,1
0.542,0.26,0.7246153846153847,-0.5,0.4166666666666667,0,1
0.542,0.26,0.7323076923076923,-0.5,0.4166666666666667,0,1
0.542,0.26,0.74,-0.5,0.4166666666666667,0,1
0.542,0.26,0.7476923076923077,-0.5,0.4166666666666667,0,1
0.556,0.26,0.7553846153846154,-0.5,0.4166666666666667,0,2
0.57,0.26,0.7630769230769231,-0.5,0.4166666666666667,0,2
0.584,0.26,0.7707692307692308,-0.5,0.4166666666666667,0,2
0.598,0.26,0.7784615384615384,-0.5,0.4166666666666667,0,2
0.612,0.26,0.7861538461538462,-0.5,0.4166666666666667,0,2
0.612,0.26,0.7938461538461539,-0.5,0.4166666666666667,0,1
0.612,0.26,0.8015384615384615,-0.5,0.4166666666666667,0,1
0.612,0.26,0.8092307692307692,-0.5,0.4166666666666667,0,1
0.612,0.26,0.816923076923077,-0.5,0.4166666666666667,0,1
0.612,0.26,0.8246153846153846,-0.5,0.4166666666666667,0,1
0.612,0.26,0.8323076923076923,-0.5,0.4166666666666667,0,1
0.612,0.26,0.84,-0.5,0.4166666666666667,0,1
0.612,0.26,0.8476923076923077,-0.5,0.4166666666666667,0,1
0.612,0.26,0.8553846153846154,-0.5,0.4166666666666667,0,1
0.612,0.26,0.8630769230769231,-0.5,0.4166666666666667,0,1
0.612,0.26,0.8707692307692307,-0.5,0.4166666666666667,0,1
0.612,0.26,0.8784615384615385,-0.5,0.4166666666666667,0,1
0.612,0.26,0.8861538461538462,-0.5,0.4166666666666667,0,1
0.612,0.26,0.8938461538461538,-0.5,0.4166666666666667,0,1
0.612,0.26,0.9015384615384615,-0.5,0.4166666666666667,0,1
0.612,0.26,0.9092307692307692,-0.5,0.4166666666666667,0,1
0.612,0.26,0.916923076923077,-0.5,0.4166666666666667,0,1
0.598,0.26,0.9246153846153846,-0.5,0.4166666666666667,0,0
0.584,0.26,0.9323076923076923,-0.5,0.4166666666666667,0,0
0.57,0.74,0.14461538461538462,0.5,0.5833333333333334,0,0
0.556,0.74,0.15538461538461537,0.5,0.5833333333333334,0,0
0.542,0.74,0.16615384615384615,0.5,0.5833333333333334,0,0
0.528,0.74,0.17692307692307693,0.5,0.5833333333333334,0,0
0.514,0.74,0.18769230769230769,0.5,0.5833333333333334,0,0
0.5,0.74,0.19846153846153847,0.5,0.5833333333333334,0,0
0.486,0.74,0.20923076923076922,0.5,0.5833333333333334,0,0
0.472,0.74,0.22,0.5,0.5833333333333334,0,0
0.458,0.74,0.23076923076923078,0.5,0.5833333333333334,0,0
0.444,0.74,0.24153846153846154,0.5,0.5833333333333334,0,0
0.43,0.74,0.2523076923076923,0.5,0.5833333333333334,0,0
0.416,0.74,0.2630769230769231,0.5,0.5833333333333334,0,0
0.402,0.74,0.27384615384615385,0.5,0.5833333333333334,0,0
0.402,0.74,0.2846153846153846,0.5,0.5833333333333334,0,1
0.402,0.74,0.2953846153846154,0.5,0.5833333333333334,0,1
0.402,0.74,0.30615384615384617,0.5,0.5833333333333334,0,1
0.402,0.74,0.3169230769230769,0.5,0.5833333333333334,0,1
0.402,0.74,0.32769230769230767,0.5,0.5833333333333334,0,1
0.402,0.74,0.3384615384615385,0.5,0.5833333333333334,0,1
0.402,0.74,0.34923076923076923,0.5,0.5833333333333334,0,1
0.402,0.74,0.36,0.5,0.5833333333333334,0,1
0.402,0.74,0.3707692307692308,0.5,0.5833333333333334,0,1
0.402,0.74,0.38153846153846155,0.5,0.5833333333333334,0,1
0.402,0.74,0.3923076923076923,0.5,0.5833333333333334,0,1
0.402,0.74,0.40307692307692305,0.5,0.5833333333333334,0,1
0.402,0.74,0.41384615384615386,0.5,0.5833333333333334,0,1
0.402,0.74,0.4246153846153846,0.5,0.5833333333333334,0,1
0.402,0.74,0.43538461538461537,0.5,0.5833333333333334,0,1
0.402,0.74,0.4461538461538462,0.5,0.5833333333333334,0,1
0.402,0.74,0.45692307692307693,0.5,0.5833333333333334,0,1
0.402,0.74,0.4676923076923077,0.5,0.5833333333333334,0,1
0.402,0.74,0.47846153846153844,0.5,0.5833333333333334,0,1
0.402,0.74,0.48923076923076925,0.5,0.5833333333333334,0,1
0.402,0.74,0.5,0.5,0.5833333333333334,0,1
0.402,0.74,0.5107692307692308,0.5,0.5833333333333334,0,1
0.402,0.74,0.5215384615384615,0.5,0.5833333333333334,0,1
0.402,0.74,0.5323076923076923,0.5,0.5833333333333334,0,1
0.402,0.74,0.5430769230769231,0.5,0.5833333333333334,0,1
0.402,0.74,0.5538461538461539,0.5,0.5833333333333334,0,1
0.402,0.74,0.5646153846153846,0.5,0.5833333333333334,0,1
0.402,0.74,0.5753846153846154,0.5,0.5833333333333334,0,1
0.402,0.74,0.5861538461538461,0.5,0.5833333333333334,0,1
0.402,0.74,0.5969230769230769,0.5,0.5833333333333334,0,1
0.402,0.74,0.6076923076923076,0.5,0.5833333333333334,0,1
0.402,0.74,0.6184615384615385,0.5,0.5833333333333334,0,1
0.402,0.74,0.6292307692307693,0.5,0.5833333333333334,0,1
0.402,0.74,0.64,0.5,0.5833333333333334,0,1
0.402,0.74,0.6507692307692308,0.5,0.5833333333333334,0,1
0.402,0.74,0.6615384615384615,0.5,0.5833333333333334,0,1
0.402,0.74,0.6723076923076923,0.5,0.5833333333333334,0,1
0.402,0.74,0.683076923076923,0.5,0.5833333333333334,0,1
0.402,0.74,0.6938461538461539,0.5,0.5833333333333334,0,1
0.402,0.74,0.7046153846153846,0.5,0.5833333333333334,0,1
0.402,0.74,0.7153846153846154,0.5,0.5833333333333334,0,1
0.402,0.74,0.7261538461538461,0.5,0.5833333333333334,0,1
0.402,0.74,0.7369230769230769,0.5,0.5833333333333334,0,1
0.402,0.74,0.7476923076923077,0.5,0.5833333333333334,0,1
0.402,0.74,0.7584615384615384,0.5,0.5833333333333334,0,1
0.402,0.74,0.7692307692307693,0.5,0.5833333333333334,0,1
0.402,0.74,0.78,0.5,0.5833333333333334,0,1
0.402,0.74,0.7907692307692308,0.5,0.5833333333333334,0,1
0.402,0.74,0.8015384615384615,0.5,0.5833333333333334,0,1
0.402,0.74,0.8123076923076923,0.5,0.5833333333333334,0,1
0.402,0.74,0.823076923076923,0.5,0.8333333333333334,1,1
0.402,0.74,0.8384615384615385,0.5,0.8333333333333334,1,1
0.402,0.74,0.8538461538461538,0.5,0.8333333333333334,1,1
0.402,0.74,0.8692307692307693,0.5,0.8333333333333334,1,1
0.402,0.74,0.8846153846153846,0.5,0.8333333333333334,1,1
0.402,0.74,0.9,0.5,0.8333333333333334,1,1
0.402,0.74,0.9153846153846154,0.5,0.8333333333333334,1,1
0.402,0.74,0.9307692307692308,0.5,0.8333333333333334,1,1
0.402,0.74,0.9092307692307692,0.5,0.5833333333333334,0,1
0.402,0.74,0.92,0.5,0.5833333333333334,0,1
0.402,0.74,0.9307692307692308,0.5,0.5833333333333334,0,1
0.402,0.5,0.26615384615384613,0.0,0.4166666666666667,0,1
0.402,0.5,0.27384615384615385,0.0,0.4166666666666667,0,1
0.402,0.5,0.2815384615384615,0.0,0.4166666666666667,0,1
0.402,0.5,0.28923076923076924,0.0,0.4166666666666667,0,1
0.402,0.5,0.2969230769230769,0.0,0.4166666666666667,0,1
0.402,0.5,0.30515384615384616,0.0,0.4166666666666667,0,1
0.402,0.5,0.3133846153846154,0.0,0.4166666666666667,0,1
0.402,0.5,0.3216153846153846,0.0,0.4166666666666667,0,1
0.402,0.5,0.3298461538461538,0.0,0.4166666666666667,0,1
0.402,0.5,0.33807692307692305,0.0,0.4166666666666667,0,1
0.402,0.5,0.34630769230769226,0.0,0.4166666666666667,0,1
0.402,0.5,0.35453846153846147,0.0,0.4166666666666667,0,1
0.402,0.5,0.3627692307692307,0.0,0.4166666666666667,0,1
0.402,0.5,0.37099999999999994,0.0,0.4166666666666667,0,1
0.402,0.5,0.37923076923076915,0.0,0.4166666666666667,0,1
0.402,0.5,0.38746153846153836,0.0,0.4166666666666667,0,1
0.402,0.5,0.39569230769230757,0.0,0.4166666666666667,0,1
0.402,0.5,0.40392307692307683,0.0,0.4166666666666667,0,1
0.402,0.5,0.4121538461538461,0.0,0.4166666666666667,0,1
0.402,0.5,0.4203846153846154,0.0,0.4166666666666667,0,1
0.402,0.5,0.4286153846153847,0.0,0.4166666666666667,0,1
0.402,0.5,0.43684615384615394,0.0,0.4166666666666667,0,1
0.402,0.5,0.4450769230769232,0.0,0.4166666666666667,0,1
0.402,0.5,0.45330769230769247,0.0,0.4166666666666667,0,1
0.402,0.5,0.46153846153846173,0.0,0.4166666666666667,0,1
0.402,0.5,0.469769230769231,0.0,0.4166666666666667,0,1
0.402,0.5,0.47800000000000026,0.0,0.4166666666666667,0,1
0.402,0.5,0.4862307692307695,0.0,0.4166666666666667,0,1
0.402,0.5,0.4944615384615388,0.0,0.4166666666666667,0,1
0.402,0.5,0.502692307692308,0.0,0.4166666666666667,0,1
0.402,0.5,0.5109230769230773,0.0,0.4166666666666667,0,1
0.402,0.5,0.5191538461538465,0.0,0.4166666666666667,0,1
0.402,0.5,0.5273846153846158,0.0,0.4166666666666667,0,1
0.402,0.5,0.5356153846153852,0.0,0.4166666666666667,0,1
0.402,0.5,0.5438461538461544,0.0,0.4166666666666667,0,1
0.402,0.5,0.5520769230769237,0.0,0.4166666666666667,0,1
0.402,0.5,0.560307692307693,0.0,0.4166666666666667,0,1
0.402,0.5,0.5685384615384622,0.0,0.4166666666666667,0,1
0.402,0.5,0.5767692307692315,0.0,0.4166666666666667,0,1
0.402,0.5,0.5850000000000007,0.0,0.4166666666666667,0,1
0.402,0.5,0.59323076923077,0.0,0.4166666666666667,0,1
0.402,0.5,0.6014615384615393,0.0,0.4166666666666667,0,1
0.402,0.5,0.6096923076923085,0.0,0.4166666666666667,0,1
0.402,0.5,0.6179230769230778,0.0,0.4166666666666667,0,1
0.402,0.5,0.6261538461538471,0.0,0.4166666666666667,0,1
0.402,0.5,0.6343846153846163,0.0,0.4166666666666667,0,1
0.402,0.5,0.6426153846153856,0.0,0.4166666666666667,0,1
0.402,0.5,0.6508461538461549,0.0,0.4166666666666667,0,1
0.402,0.5,0.6590769230769241,0.0,0.4166666666666667,0,1
0.402,0.5,0.6673076923076934,0.0,0.4166666666666667,0,1
0.402,0.5,0.6755384615384626,0.0,0.4166666666666667,0,1
0.402,0.5,0.6837692307692319,0.0,0.4166666666666667,0,1
0.402,0.5,0.6920000000000012,0.0,0.4166666666666667,0,1
0.402,0.5,0.7002307692307704,0.0,0.4166666666666667,0,1
0.402,0.5,0.7084615384615397,0.0,0.4166666666666667,0,1
0.402,0.5,0.716692307692309,0.0,0.4166666666666667,0,1
0.402,0.5,0.7249230769230782,0.0,0.4166666666666667,0,1
0.402,0.5,0.7331538461538475,0.0,0.4166666666666667,0,1
0.402,0.5,0.7413846153846168,0.0,0.4166666666666667,0,1
0.402,0.5,0.749615384615386,0.0,0.4166666666666667,0,1
0.402,0.5,0.7578461538461553,0.0,0.4166666666666667,0,1
0.402,0.5,0.7660769230769245,0.0,0.4166666666666667,0,1
0.402,0.5,0.7743076923076938,0.0,0.4166666666666667,0,1
0.402,0.5,0.7825384615384631,0.0,0.4166666666666667,0,1
0.402,0.5,0.7907692307692323,0.0,0.4166666666666667,0,1
0.402,0.5,0.7990000000000016,0.0,0.4166666666666667,0,1
0.402,0.5,0.8072307692307709,0.0,0.4166666666666667,0,1
0.402,0.5,0.8154615384615401,0.0,0.4166666666666667,0,1
0.402,0.5,0.8236923076923094,0.0,0.4166666666666667,0,1
0.402,0.5,0.8319230769230787,0.0,0.4166666666666667,0,1
0.402,0.5,0.8401538461538479,0.0,0.4166666666666667,0,1
0.402,0.5,0.8483846153846172,0.0,0.4166666666666667,0,1
0.402,0.5,0.8566153846153864,0.0,0.4166666666666667,0,1
0.402,0.5,0.8648461538461557,0.0,0.4166666666666667,0,1
0.402,0.5,0.873076923076925,0.0,0.4166666666666667,0,1
0.402,0.5,0.8813076923076942,0.0,0.4166666666666667,0,1
0.402,0.5,0.8895384615384635,0.0,0.4166666666666667,0,1
0.402,0.5,0.8977692307692328,0.0,0.4166666666666667,0,1
0.402,0.5,0.906000000000002,0.0,0.4166666666666667,0,1
0.402,0.5,0.9142307692307713,0.0,0.4166666666666667,0,1
0.402,0.5,0.9224615384615406,0.0,0.4166666666666667,0,1
0.402,0.5,0.9306923076923098,0.0,0.4166666666666667,0,1
0.402,0.5,0.9389230769230791,0.0,0.4166666666666667,0,1
0.402,0.74,0.8604615384615393,0.5,0.75,0,1
0.402,0.74,0.8748461538461547,0.5,0.75,0,1
0.402,0.74,0.8892307692307702,0.5,0.75,0,1
0.402,0.74,0.9036153846153855,0.5,0.75,0,1
0.402,0.74,0.9180000000000009,0.5,0.75,0,1
0.402,0.74,0.9323846153846164,0.5,0.75,0,1
0.402,0.5,0.38200000000000023,0.0,0.6666666666666666,1,1
0.402,0.5,0.39484615384615407,0.0,0.6666666666666666,1,1
0.402,0.5,0.40769230769230796,0.0,0.6666666666666666,1,1
0.402,0.5,0.42053846153846186,0.0,0.6666666666666666,1,1
0.402,0.5,0.4333846153846157,0.0,0.6666666666666666,1,1
0.402,0.5,0.4462307692307696,0.0,0.6666666666666666,1,1
0.402,0.5,0.4590769230769235,0.0,0.6666666666666666,1,1
0.402,0.5,0.47192307692307733,0.0,0.6666666666666666,1,1
0.402,0.5,0.48476923076923123,0.0,0.6666666666666666,1,1
0.402,0.5,0.4976153846153851,0.0,0.6666666666666666,1,1
0.402,0.5,0.510461538461539,0.0,0.6666666666666666,1,1
0.402,0.5,0.5233076923076929,0.0,0.6666666666666666,1,1
0.402,0.5,0.5361538461538468,0.0,0.6666666666666666,1,1
0.402,0.5,0.5490000000000006,0.0,0.6666666666666666,1,1
0.402,0.5,0.5618461538461546,0.0,0.6666666666666666,1,1
0.402,0.5,0.5746923076923084,0.0,0.6666666666666666,1,1
0.402,0.5,0.5875384615384623,0.0,0.6666666666666666,1,1
0.402,0.5,0.6003846153846162,0.0,0.6666666666666666,1,1
0.402,0.5,0.61323076923077,0.0,0.6666666666666666,1,1
0.402,0.5,0.626076923076924,0.0,0.6666666666666666,1,1
0.402,0.5,0.6389230769230778,0.0,0.6666666666666666,1,1
0.402,0.5,0.6517692307692317,0.0,0.6666666666666666,1,1
0.402,0.5,0.6646153846153856,0.0,0.6666666666666666,1,1
0.402,0.5,0.6774615384615394,0.0,0.6666666666666666,1,1
0.402,0.5,0.6903076923076933,0.0,0.6666666666666666,1,1
0.402,0.5,0.7031538461538472,0.0,0.6666666666666666,1,1
0.402,0.5,0.7160000000000011,0.0,0.6666666666666666,1,1
0.402,0.5,0.728846153846155,0.0,0.6666666666666666,1,1
0.402,0.5,0.7416923076923089,0.0,0.6666666666666666,1,1
0.402,0.5,0.7545384615384627,0.0,0.6666666666666666,1,1
0.402,0.5,0.7673846153846167,0.0,0.6666666666666666,1,1
0.402,0.5,0.7802307692307705,0.0,0.6666666666666666,1,1
0.402,0.5,0.7930769230769243,0.0,0.6666666666666666,1,1
0.402,0.5,0.8059230769230782,0.0,0.6666666666666666,1,1
0.402,0.5,0.818769230769232,0.0,0.6666666666666666,1,1
0.402,0.5,0.831615384615386,0.0,0.6666666666666666,1,1
0.402,0.5,0.8444615384615398,0.0,0.6666666666666666,1,1
0.402,0.5,0.8573076923076937,0.0,0.6666666666666666,1,1
0.402,0.5,0.8701538461538476,0.0,0.6666666666666666,1,1
0.402,0.5,0.8830000000000015,0.0,0.6666666666666666,1,1
0.402,0.5,0.8958461538461554,0.0,0.6666666666666666,1,1
0.402,0.5,0.9086923076923092,0.0,0.6666666666666666,1,1
0.402,0.5,0.9215384615384631,0.0,0.6666666666666666,1,1
0.402,0.5,0.934384615384617,0.0,0.6666666666666666,1,1
0.402,0.5,0.28861538461538444,0.0,0.75,1,1
0.402,0.5,0.3029999999999998,0.0,0.75,1,1
0.402,0.5,0.3173846153846152,0.0,0.75,1,1
0.402,0.5,0.33176923076923054,0.0,0.75,1,1
0.402,0.5,0.3461538461538459,0.0,0.75,1,1
0.402,0.5,0.3605384615384613,0.0,0.75,1,1
0.402,0.5,0.3749230769230767,0.0,0.75,1,1
0.402,0.5,0.3893076923076921,0.0,0.75,1,1
0.402,0.5,0.40369230769230746,0.0,0.75,1,1
0.402,0.5,0.4180769230769229,0.0,0.75,1,1
0.402,0.5,0.43246153846153834,0.0,0.75,1,1
0.402,0.5,0.4468461538461537,0.0,0.75,1,1
0.402,0.5,0.46123076923076917,0.0,0.75,1,1
0.402,0.5,0.4756153846153846,0.0,0.75,1,1
0.402,0.5,0.49,0.0,0.75,1,1
0.402,0.5,0.5043846153846154,0.0,0.75,1,1
0.402,0.5,0.5187692307692309,0.0,0.75,1,1
0.402,0.5,0.5331538461538463,0.0,0.75,1,1
0.402,0.5,0.5475384615384616,0.0,0.75,1,1
0.402,0.5,0.5619230769230771,0.0,0.75,1,1
0.402,0.5,0.5763076923076925,0.0,0.75,1,1
0.402,0.5,0.590692307692308,0.0,0.75,1,1
0.402,0.5,0.6050769230769234,0.0,0.75,1,1
0.402,0.5,0.6194615384615387,0.0,0.75,1,1
0.402,0.5,0.6338461538461542,0.0,0.75,1,1
0.402,0.5,0.6482307692307696,0.0,0.75,1,1
0.402,0.5,0.662615384615385,0.0,0.75,1,1
0.402,0.5,0.6770000000000005,0.0,0.75,1,1
0.402,0.5,0.6913846153846158,0.0,0.75,1,1
0.402,0.5,0.7057692307692313,0.0,0.75,1,1
0.402,0.5,0.7201538461538467,0.0,0.75,1,1
0.402,0.5,0.7345384615384621,0.0,0.75,1,1
0.402,0.5,0.7489230769230776,0.0,0.75,1,1
0.402,0.5,0.763307692307693,0.0,0.75,1,1
0.402,0.5,0.7776923076923083,0.0,0.75,1,1
0.402,0.5,0.7920769230769238,0.0,0.75,1,1
0.402,0.5,0.8064615384615392,0.0,0.75,1,1
0.402,0.5,0.8208461538461547,0.0,0.75,1,1
0.402,0.5,0.8352307692307701,0.0,0.75,1,1
0.402,0.5,0.8496153846153854,0.0,0.75,1,1
0.402,0.5,0.8640000000000009,0.0,0.75,1,1
0.402,0.5,0.8783846153846163,0.0,0.75,1,1
0.402,0.5,0.8927692307692318,0.0,0.75,1,1
0.402,0.5,0.9071538461538472,0.0,0.75,1,1
0.402,0.5,0.9215384615384626,0.0,0.75,1,1
0.402,0.5,0.935923076923078,0.0,0.75,1,1
0.402,0.74,0.6118461538461542,0.5,0.6666666666666666,1,1
0.402,0.74,0.6246923076923081,0.5,0.6666666666666666,1,1
0.402,0.74,0.6375384615384619,0.5,0.6666666666666666,1,1
0.402,0.74,0.6503846153846158,0.5,0.6666666666666666,1,1
0.402,0.74,0.6632307692307697,0.5,0.6666666666666666,1,1
0.402,0.74,0.6760769230769236,0.5,0.6666666666666666,1,1
0.402,0.74,0.6889230769230774,0.5,0.6666666666666666,1,1
0.402,0.74,0.7017692307692314,0.5,0.6666666666666666,1,1
0.402,0.74,0.7146153846153852,0.5,0.6666666666666666,1,1
0.402,0.74,0.7274615384615392,0.5,0.6666666666666666,1,1
0.402,0.74,0.740307692307693,0.5,0.6666666666666666,1,1
0.402,0.74,0.7531538461538468,0.5,0.6666666666666666,1,1
0.402,0.74,0.7660000000000008,0.5,0.6666666666666666,1,1
0.402,0.74,0.7788461538461546,0.5,0.6666666666666666,1,1
0.402,0.74,0.7916923076923085,0.5,0.6666666666666666,1,1
0.402,0.74,0.8045384615384623,0.5,0.6666666666666666,1,1
0.402,0.74,0.8173846153846162,0.5,0.6666666666666666,1,1
0.402,0.74,0.8302307692307701,0.5,0.6666666666666666,1,1
0.402,0.74,0.843076923076924,0.5,0.6666666666666666,1,1
0.402,0.74,0.8559230769230778,0.5,0.6666666666666666,1,1
0.402,0.74,0.8687692307692317,0.5,0.6666666666666666,1,1
0.402,0.74,0.8816153846153856,0.5,0.6666666666666666,1,1
0.402,0.74,0.8944615384615395,0.5,0.6666666666666666,1,1
0.402,0.74,0.9073076923076934,0.5,0.6666666666666666,1,1
0.402,0.74,0.9201538461538472,0.5,0.6666666666666666,1,1
0.402,0.74,0.9330000000000012,0.5,0.6666666666666666,1,1
0.402,0.74,0.14161538461538492,0.5,0.5833333333333334,0,1
0.402,0.74,0.15292307692307722,0.5,0.5833333333333334,0,1
0.402,0.74,0.1642307692307695,0.5,0.5833333333333334,0,1
0.402,0.74,0.1755384615384618,0.5,0.5833333333333334,0,1
0.402,0.74,0.1868461538461541,0.5,0.5833333333333334,0,1
0.402,0.74,0.19815384615384643,0.5,0.5833333333333334,0,1
0.402,0.74,0.20946153846153873,0.5,0.5833333333333334,0,1
0.402,0.74,0.22076923076923102,0.5,0.5833333333333334,0,1
0.402,0.74,0.23207692307692332,0.5,0.5833333333333334,0,1
0.402,0.74,0.24338461538461562,0.5,0.5833333333333334,0,1
0.402,0.74,0.25469230769230794,0.5,0.5833333333333334,0,1
0.402,0.74,0.26600000000000024,0.5,0.5833333333333334,0,1
0.402,0.74,0.27730769230769253,0.5,0.5833333333333334,0,1
0.402,0.74,0.28861538461538483,0.5,0.5833333333333334,0,1
0.402,0.74,0.2999230769230771,0.5,0.5833333333333334,0,1
0.402,0.74,0.3112307692307694,0.5,0.5833333333333334,0,1
0.402,0.74,0.3225384615384617,0.5,0.5833333333333334,0,1
0.402,0.74,0.333846153846154,0.5,0.5833333333333334,0,1
0.402,0.74,0.3451538461538463,0.5,0.5833333333333334,0,1
0.402,0.74,0.3564615384615386,0.5,0.5833333333333334,0,1
0.402,0.74,0.3677692307692309,0.5,0.5833333333333334,0,1
0.402,0.74,0.3790769230769232,0.5,0.5833333333333334,0,1
0.402,0.74,0.3903846153846155,0.5,0.5833333333333334,0,1
0.402,0.74,0.4016923076923078,0.5,0.5833333333333334,0,1
0.402,0.74,0.41300000000000014,0.5,0.5833333333333334,0,1
0.402,0.74,0.4243076923076925,0.5,0.5833333333333334,0,1
0.402,0.74,0.43561538461538485,0.5,0.5833333333333334,0,1
0.402,0.74,0.4469230769230772,0.5,0.5833333333333334,0,1
0.402,0.74,0.45823076923076955,0.5,0.5833333333333334,0,1
0.402,0.74,0.46953846153846185,0.5,0.5833333333333334,0,1
0.416,0.74,0.4808461538461542,0.5,0.5833333333333334,0,2
0.43,0.74,0.49215384615384655,0.5,0.5833333333333334,0,2
0.444,0.74,0.5034615384615388,0.5,0.5833333333333334,0,2
0.458,0.74,0.5147692307692312,0.5,0.5833333333333334,0,2
0.472,0.74,0.5260769230769236,0.5,0.5833333333333334,0,2
0.486,0.74,0.5373846153846159,0.5,0.5833333333333334,0,2
0.5,0.74,0.5486923076923083,0.5,0.5833333333333334,0,2
0.5,0.74,0.5600000000000006,0.5,0.5833333333333334,0,1
0.5,0.74,0.571307692307693,0.5,0.5833333333333334,0,1
0.5,0.74,0.5826153846153853,0.5,0.5833333333333334,0,1
0.5,0.74,0.5939230769230777,0.5,0.5833333333333334,0,1
0.5,0.74,0.60523076923077,0.5,0.5833333333333334,0,1
0.5,0.74,0.6165384615384624,0.5,0.5833333333333334,0,1
0.5,0.74,0.6278461538461547,0.5,0.5833333333333334,0,1
0.5,0.74,0.639153846153847,0.5,0.5833333333333334,0,1
0.514,0.74,0.6504615384615393,0.5,0.5833333333333334,0,2
0.528,0.74,0.6617692307692317,0.5,0.5833333333333334,0,2
0.542,0.74,0.673076923076924,0.5,0.5833333333333334,0,2
0.556,0.74,0.6843846153846164,0.5,0.5833333333333334,0,2
0.57,0.74,0.6956923076923087,0.5,0.5833333333333334,0,2
0.584,0.74,0.7070000000000011,0.5,0.5833333333333334,0,2
0.584,0.74,0.7183076923076934,0.5,0.5833333333333334,0,1
0.584,0.74,0.7296153846153858,0.5,0.5833333333333334,0,1
0.584,0.74,0.7409230769230781,0.5,0.5833333333333334,0,1
0.584,0.74,0.7522307692307705,0.5,0.5833333333333334,0,1
0.584,0.74,0.7635384615384628,0.5,0.5833333333333334,0,1
0.584,0.74,0.7748461538461551,0.5,0.5833333333333334,0,1
0.584,0.74,0.7861538461538474,0.5,0.5833333333333334,0,1
0.584,0.74,0.7974615384615398,0.5,0.5833333333333334,0,1
0.584,0.74,0.808769230769232,0.5,0.5833333333333334,0,1
0.584,0.74,0.8200769230769244,0.5,0.5833333333333334,0,1
0.584,0.74,0.8313846153846167,0.5,0.5833333333333334,0,1
0.598,0.74,0.8426923076923091,0.5,0.5833333333333334,0,2
0.612,0.74,0.8540000000000014,0.5,0.5833333333333334,0,2
0.626,0.74,0.8653076923076938,0.0,0.5833333333333334,0,2
0.64,0.74,0.8766153846153861,0.0,0.5833333333333334,0,2
0.64,0.74,0.8879230769230785,0.0,0.5833333333333334,0,1
0.64,0.74,0.8992307692307708,0.0,0.5833333333333334,0,1
0.64,0.74,0.9105384615384632,0.0,0.5833333333333334,0,1
0.64,0.74,0.9218461538461555,0.0,0.5833333333333334,0,1
0.64,0.74,0.9331538461538479,0.0,0.5833333333333334,0,1
0.64,0.5,0.5186923076923078,-0.5,0.4166666666666667,1,1
0.64,0.5,0.526923076923077,-0.5,0.4166666666666667,1,1
0.64,0.5,0.5351538461538463,-0.5,0.4166666666666667,1,1
0.64,0.5,0.5433846153846156,-0.5,0.4166666666666667,1,1
0.64,0.5,0.5516153846153848,-0.5,0.4166666666666667,1,1
0.64,0.5,0.5598461538461542,-0.5,0.4166666666666667,1,1
0.64,0.5,0.5680769230769235,-0.5,0.4166666666666667,1,1
0.64,0.5,0.5763076923076927,-0.5,0.4166666666666667,1,1
0.64,0.5,0.584538461538462,-0.5,0.4166666666666667,1,1
0.64,0.5,0.5927692307692313,-0.5,0.4166666666666667,1,1
0.64,0.5,0.6010000000000005,-0.5,0.4166666666666667,1,1
0.64,0.5,0.6092307692307698,-0.5,0.4166666666666667,1,1
0.64,0.5,0.6174615384615391,-0.5,0.4166666666666667,1,1
0.64,0.5,0.6256923076923083,-0.5,0.4166666666666667,1,1
0.64,0.5,0.6339230769230776,-0.5,0.4166666666666667,1,1
0.64,0.5,0.6421538461538469,-0.5,0.4166666666666667,1,1
0.64,0.5,0.6503846153846161,-0.5,0.4166666666666667,1,1
0.64,0.5,0.6586153846153854,-0.5,0.4166666666666667,1,1
0.64,0.5,0.6668461538461546,-0.5,0.4166666666666667,1,1
0.64,0.5,0.6750769230769239,-0.5,0.4166666666666667,1,1
0.64,0.5,0.6833076923076932,-0.5,0.4166666666666667,1,1
0.64,0.5,0.6915384615384624,-0.5,0.4166666666666667,1,1
0.64,0.5,0.6997692307692317,-0.5,0.4166666666666667,1,1
0.64,0.5,0.708000000000001,-0.5,0.4166666666666667,1,1
0.64,0.5,0.7162307692307702,-0.5,0.4166666666666667,1,1
0.64,0.5,0.7244615384615395,-0.5,0.4166666666666667,1,1
0.64,0.5,0.7326923076923088,-0.5,0.4166666666666667,1,1
0.64,0.5,0.740923076923078,-0.5,0.4166666666666667,1,1
0.64,0.5,0.7491538461538473,-0.5,0.4166666666666667,1,1
0.64,0.5,0.7573846153846165,-0.5,0.4166666666666667,1,1
0.64,0.5,0.7656153846153858,-0.5,0.4166666666666667,1,1
0.64,0.5,0.7738461538461551,-0.5,0.4166666666666667,1,1
0.64,0.5,0.7820769230769243,-0.5,0.4166666666666667,1,1
0.64,0.5,0.7903076923076936,-0.5,0.4166666666666667,1,1
0.64,0.5,0.7985384615384629,-0.5,0.4166666666666667,1,1
0.64,0.5,0.8067692307692321,-0.5,0.4166666666666667,1,1
0.64,0.5,0.8150000000000014,-0.5,0.4166666666666667,1,1
0.64,0.5,0.8232307692307707,-0.5,0.4166666666666667,1,1
0.64,0.5,0.8314615384615399,-0.5,0.4166666666666667,1,1
0.64,0.5,0.8396923076923092,-0.5,0.4166666666666667,1,1
0.64,0.5,0.8479230769230784,-0.5,0.4166666666666667,1,1
0.64,0.5,0.8561538461538477,-0.5,0.4166666666666667,1,1
0.64,0.5,0.864384615384617,-0.5,0.4166666666666667,1,1
0.64,0.5,0.8726153846153862,-0.5,0.4166666666666667,1,1
0.64,0.74,0.8826923076923088,0.0,0.6666666666666666,1,1
0.64,0.74,0.8955384615384626,0.0,0.6666666666666666,1,1
0.64,0.74,0.9083846153846165,0.0,0.6666666666666666,1,1
0.64,0.74,0.9212307692307704,0.0,0.6666666666666666,1,1
0.64,0.74,0.9340769230769242,0.0,0.6666666666666666,1,1
0.64,0.5,0.9220000000000018,-0.5,0.4166666666666667,1,1
0.64,0.5,0.9302307692307711,-0.5,0.4166666666666667,1,1
0.64,0.5,0.9384615384615403,-0.5,0.4166666666666667,1,1
0.64,0.74,0.23899999999999982,0.0,0.8333333333333334,0,1
0.64,0.74,0.25492307692307675,0.0,0.8333333333333334,0,1
0.64,0.74,0.2708461538461536,0.0,0.8333333333333334,0,1
0.64,0.74,0.28676923076923055,0.0,0.8333333333333334,0,1
0.64,0.74,0.3026923076923075,0.0,0.8333333333333334,0,1
0.64,0.74,0.3186153846153844,0.0,0.8333333333333334,0,1
0.64,0.74,0.3345384615384613,0.0,0.8333333333333334,0,1
0.64,0.74,0.35099999999999976,0.0,0.8333333333333334,0,1
0.64,0.74,0.3674615384615382,0.0,0.8333333333333334,0,1
0.64,0.74,0.38392307692307664,0.0,0.8333333333333334,0,1
0.64,0.74,0.4003846153846151,0.0,0.8333333333333334,0,1
0.64,0.74,0.4168461538461536,0.0,0.8333333333333334,0,1
0.64,0.74,0.433307692307692,0.0,0.8333333333333334,0,1
0.64,0.74,0.4497692307692305,0.0,0.8333333333333334,0,1
0.64,0.74,0.4662307692307689,0.0,0.8333333333333334,0,1
0.64,0.74,0.48269230769230737,0.0,0.8333333333333334,0,1
0.64,0.74,0.4991538461538458,0.0,0.8333333333333334,0,1
0.64,0.74,0.5156153846153843,0.0,0.8333333333333334,0,1
0.64,0.74,0.5320769230769227,0.0,0.8333333333333334,0,1
0.64,0.74,0.5485384615384611,0.0,0.8333333333333334,0,1
0.64,0.74,0.5649999999999996,0.0,0.8333333333333334,0,1
0.64,0.74,0.581461538461538,0.0,0.8333333333333334,0,1
0.64,0.74,0.5979230769230764,0.0,0.8333333333333334,0,1
0.64,0.74,0.6143846153846149,0.0,0.8333333333333334,0,1
0.64,0.74,0.6308461538461534,0.0,0.8333333333333334,0,1
0.64,0.74,0.6473076923076918,0.0,0.8333333333333334,0,1
0.626,0.74,0.6637692307692302,0.0,0.8333333333333334,0,0
0.612,0.74,0.6802307692307686,0.5,0.8333333333333334,0,0
0.598,0.74,0.6966923076923072,0.5,0.8333333333333334,0,0
0.584,0.74,0.7131538461538456,0.5,0.8333333333333334,0,0
0.57,0.74,0.729615384615384,0.5,0.8333333333333334,0,0
0.556,0.74,0.7460769230769224,0.5,0.8333333333333334,0,0
0.542,0.74,0.7625384615384609,0.5,0.8333333333333334,0,0
0.528,0.74,0.7789999999999994,0.5,0.8333333333333334,0,0
0.514,0.74,0.7954615384615379,0.5,0.8333333333333334,0,0
0.5,0.74,0.8119230769230764,0.5,0.8333333333333334,0,0
0.486,0.74,0.8283846153846149,0.5,0.8333333333333334,0,0
0.472,0.74,0.8448461538461535,0.5,0.8333333333333334,0,0
0.458,0.74,0.861307692307692,0.5,0.8333333333333334,0,0
0.444,0.74,0.8777692307692305,0.5,0.8333333333333334,0,0
0.43,0.74,0.894230769230769,0.5,0.8333333333333334,0,0
0.416,0.74,0.9106923076923076,0.5,0.8333333333333334,0,0
0.402,0.74,0.9271538461538461,0.5,0.8333333333333334,0,0
0.388,0.74,0.04138461538461516,0.5,0.5833333333333334,0,0
0.374,0.74,0.053230769230769005,1.0,0.5833333333333334,0,0
0.36,0.74,0.06507692307692285,1.0,0.5833333333333334,0,0
0.36,0.74,0.0769230769230767,1.0,0.5833333333333334,0,1
0.36,0.74,0.08876923076923056,1.0,0.5833333333333334,0,1
0.36,0.74,0.10061538461538441,1.0,0.5833333333333334,0,1
0.36,0.74,0.11246153846153825,1.0,0.5833333333333334,0,1
0.36,0.74,0.1243076923076921,1.0,0.5833333333333334,0,1
0.36,0.74,0.13615384615384596,1.0,0.5833333333333334,0,1
0.36,0.74,0.1479999999999998,1.0,0.5833333333333334,0,1
0.36,0.74,0.15984615384615367,1.0,0.5833333333333334,0,1
0.36,0.74,0.1716923076923075,1.0,0.5833333333333334,0,1
0.36,0.74,0.18353846153846137,1.0,0.5833333333333334,0,1
0.36,0.74,0.1953846153846152,1.0,0.5833333333333334,0,1
0.36,0.74,0.20723076923076905,1.0,0.5833333333333334,0,1
0.36,0.74,0.21907692307692286,1.0,0.5833333333333334,0,1
0.36,0.74,0.2309230769230767,1.0,0.5833333333333334,0,1
0.36,0.74,0.24276923076923052,1.0,0.5833333333333334,0,1
0.36,0.74,0.25461538461538435,1.0,0.5833333333333334,0,1
0.36,0.74,0.2664615384615382,1.0,0.5833333333333334,0,1
0.36,0.74,0.27830769230769203,1.0,0.5833333333333334,0,1
0.36,0.74,0.2901538461538458,1.0,0.5833333333333334,0,1
0.36,0.74,0.30199999999999966,1.0,0.5833333333333334,0,1
0.36,0.74,0.3138461538461535,1.0,0.5833333333333334,0,1
0.36,0.74,0.32569230769230734,1.0,0.5833333333333334,0,1
0.36,0.74,0.3375384615384612,1.0,0.5833333333333334,0,1
0.36,0.74,0.34938461538461496,1.0,0.5833333333333334,0,1
0.36,0.74,0.3612307692307688,1.0,0.5833333333333334,0,1
0.36,0.74,0.37307692307692264,1.0,0.5833333333333334,0,1
0.36,0.74,0.3849230769230765,1.0,0.5833333333333334,0,1
0.36,0.74,0.3967692307692303,1.0,0.5833333333333334,0,1
0.36,0.74,0.4086153846153841,1.0,0.5833333333333334,0,1
0.36,0.74,0.42046153846153794,1.0,0.5833333333333334,0,1
0.374,0.74,0.4323076923076918,1.0,0.5833333333333334,0,2
0.388,0.74,0.4441538461538456,0.5,0.5833333333333334,0,2
0.402,0.74,0.45599999999999946,0.5,0.5833333333333334,0,2
0.416,0.74,0.46784615384615325,0.5,0.5833333333333334,0,2
0.43,0.74,0.4796923076923071,0.5,0.5833333333333334,0,2
0.444,0.74,0.4915384615384609,0.5,0.5833333333333334,0,2
0.444,0.74,0.5033846153846148,0.5,0.5833333333333334,0,1
0.444,0.74,0.5152307692307686,0.5,0.5833333333333334,0,1
0.444,0.74,0.5270769230769224,0.5,0.5833333333333334,0,1
0.444,0.74,0.5389230769230763,0.5,0.5833333333333334,0,1
0.444,0.74,0.5507692307692301,0.5,0.5833333333333334,0,1
0.444,0.74,0.5626153846153839,0.5,0.5833333333333334,0,1
0.444,0.74,0.5744615384615377,0.5,0.5833333333333334,0,1
0.444,0.74,0.5863076923076915,0.5,0.5833333333333334,0,1
0.444,0.74,0.5981538461538454,0.5,0.5833333333333334,0,1
0.444,0.74,0.6099999999999992,0.5,0.5833333333333334,0,1
0.444,0.74,0.621846153846153,0.5,0.5833333333333334,0,1
0.444,0.74,0.6336923076923069,0.5,0.5833333333333334,0,1
0.444,0.74,0.6455384615384607,0.5,0.5833333333333334,0,1
0.444,0.74,0.6573846153846146,0.5,0.5833333333333334,0,1
0.444,0.74,0.6692307692307684,0.5,0.5833333333333334,0,1
0.444,0.74,0.6810769230769221,0.5,0.5833333333333334,0,1
0.444,0.74,0.692923076923076,0.5,0.5833333333333334,0,1
0.444,0.74,0.7047692307692298,0.5,0.5833333333333334,0,1
0.444,0.74,0.7166153846153837,0.5,0.5833333333333334,0,1
0.444,0.74,0.7284615384615375,0.5,0.5833333333333334,0,1
0.444,0.74,0.7403076923076913,0.5,0.5833333333333334,0,1
0.444,0.74,0.7521538461538452,0.5,0.5833333333333334,0,1
0.444,0.74,0.763999999999999,0.5,0.5833333333333334,0,1
0.444,0.74,0.7758461538461529,0.5,0.5833333333333334,0,1
0.444,0.74,0.7876923076923067,0.5,0.5833333333333334,0,1
0.444,0.74,0.7995384615384605,0.5,0.5833333333333334,0,1
0.444,0.74,0.8113846153846145,0.5,0.5833333333333334,0,1
0.444,0.74,0.8232307692307684,0.5,0.5833333333333334,0,1
0.444,0.74,0.8350769230769223,0.5,0.5833333333333334,0,1
0.444,0.74,0.8469230769230762,0.5,0.5833333333333334,0,1
0.444,0.74,0.8587692307692302,0.5,0.5833333333333334,0,1
0.444,0.74,0.870615384615384,0.5,0.5833333333333334,0,1
0.444,0.74,0.882461538461538,0.5,0.5833333333333334,0,1
0.444,0.74,0.8943076923076919,0.5,0.5833333333333334,0,1
0.444,0.74,0.9061538461538458,0.5,0.5833333333333334,0,1
0.444,0.74,0.9179999999999997,0.5,0.5833333333333334,0,1
0.444,0.74,0.9298461538461537,0.5,0.5833333333333334,0,1
0.444,0.26,0.8192307692307682,-0.5,0.6666666666666666,0,1
0.444,0.26,0.8326153846153836,-0.5,0.6666666666666666,0,1
0.444,0.26,0.8459999999999991,-0.5,0.6666666666666666,0,1
0.458,0.26,0.8593846153846145,-0.5,0.6666666666666666,0,2
0.472,0.26,0.87276923076923,-0.5,0.6666666666666666,0,2
0.486,0.26,0.8861538461538454,-0.5,0.6666666666666666,0,2
0.5,0.26,0.899538461538461,-0.5,0.6666666666666666,0,2
0.514,0.26,0.9129230769230764,-0.5,0.6666666666666666,0,2
0.528,0.26,0.9263076923076918,-0.5,0.6666666666666666,0,2
0.542,0.26,0.9396923076923073,-0.5,0.6666666666666666,0,2
0.556,0.26,0.6224615384615378,-0.5,0.5833333333333334,0,2
0.556,0.26,0.6343076923076916,-0.5,0.5833333333333334,0,1
0.556,0.26,0.6461538461538454,-0.5,0.5833333333333334,0,1
0.556,0.26,0.6579999999999993,-0.5,0.5833333333333334,0,1
0.556,0.26,0.6698461538461531,-0.5,0.5833333333333334,0,1
0.556,0.26,0.6816923076923069,-0.5,0.5833333333333334,0,1
0.556,0.26,0.6935384615384608,-0.5,0.5833333333333334,0,1
0.556,0.26,0.7053846153846146,-0.5,0.5833333333333334,0,1
0.556,0.26,0.7172307692307685,-0.5,0.5833333333333334,0,1
0.556,0.26,0.7290769230769223,-0.5,0.5833333333333334,0,1
0.556,0.26,0.7409230769230761,-0.5,0.5833333333333334,0,1
0.556,0.26,0.7527692307692299,-0.5,0.5833333333333334,0,1
0.556,0.26,0.7646153846153837,-0.5,0.5833333333333334,0,1
0.556,0.26,0.7764615384615375,-0.5,0.5833333333333334,0,1
0.556,0.26,0.7883076923076914,-0.5,0.5833333333333334,0,1
0.556,0.26,0.8001538461538453,-0.5,0.5833333333333334,0,1
0.556,0.26,0.8119999999999993,-0.5,0.5833333333333334,0,1
0.542,0.26,0.8238461538461531,-0.5,0.5833333333333334,0,0
0.528,0.26,0.8356923076923071,-0.5,0.5833333333333334,0,0
0.514,0.26,0.847538461538461,-0.5,0.5833333333333334,0,0
0.5,0.26,0.8593846153846149,-0.5,0.5833333333333334,0,0
0.486,0.26,0.8712307692307688,-0.5,0.5833333333333334,0,0
0.472,0.26,0.8830769230769228,-0.5,0.5833333333333334,0,0
0.458,0.26,0.8949230769230766,-0.5,0.5833333333333334,0,0
0.458,0.26,0.9067692307692305,-0.5,0.5833333333333334,0,1
0.458,0.26,0.9186153846153845,-0.5,0.5833333333333334,0,1
0.458,0.26,0.9304615384615383,-0.5,0.5833333333333334,0,1
0.458,0.74,-0.18984615384615414,0.5,0.8333333333333334,0,1
0.458,0.74,-0.17338461538461566,0.5,0.8333333333333334,0,1
0.458,0.74,-0.15692307692307722,0.5,0.8333333333333334,0,1
0.458,0.74,-0.14046153846153875,0.5,0.8333333333333334,0,1
0.458,0.74,-0.12400000000000028,0.5,0.8333333333333334,0,1
0.458,0.74,-0.1075384615384618,0.5,0.8333333333333334,0,1
0.458,0.74,-0.09107692307692335,0.5,0.8333333333333334,0,1
0.458,0.74,-0.07461538461538487,0.5,0.8333333333333334,0,1
0.458,0.74,-0.05815384615384641,0.5,0.8333333333333334,0,1
0.458,0.74,-0.04169230769230795,0.5,0.8333333333333334,0,1
0.458,0.74,-0.02523076923076949,0.5,0.8333333333333334,0,1
0.458,0.74,-0.00876923076923103,0.5,0.8333333333333334,0,1
0.458,0.74,0.00769230769230743,0.5,0.8333333333333334,0,1
0.458,0.74,0.02415384615384589,0.5,0.8333333333333334,0,1
0.458,0.74,0.04061538461538435,0.5,0.8333333333333334,0,1
0.458,0.74,0.0570769230769228,0.5,0.8333333333333334,0,1
0.458,0.74,0.07353846153846127,0.5,0.8333333333333334,0,1
0.458,0.74,0.08999999999999973,0.5,0.8333333333333334,0,1
0.458,0.74,0.1064615384615382,0.5,0.8333333333333334,0,1
0.458,0.74,0.12292307692307666,0.5,0.8333333333333334,0,1
0.458,0.74,0.13938461538461513,0.5,0.8333333333333334,0,1
0.458,0.74,0.1558461538461536,0.5,0.8333333333333334,0,1
0.458,0.74,0.17230769230769208,0.5,0.8333333333333334,0,1
0.458,0.74,0.18876923076923052,0.5,0.8333333333333334,0,1
0.458,0.74,0.20523076923076897,0.5,0.8333333333333334,0,1
0.458,0.74,0.2216923076923074,0.5,0.8333333333333334,0,1
0.458,0.74,0.23815384615384586,0.5,0.8333333333333334,0,1
0.458,0.74,0.2546153846153843,0.5,0.8333333333333334,0,1
0.458,0.74,0.27107692307692277,0.5,0.8333333333333334,0,1
0.458,0.74,0.2875384615384612,0.5,0.8333333333333334,0,1
0.458,0.74,0.30399999999999966,0.5,0.8333333333333334,0,1
0.458,0.74,0.3204615384615381,0.5,0.8333333333333334,0,1
0.458,0.74,0.33692307692307655,0.5,0.8333333333333334,0,1
0.458,0.74,0.35338461538461496,0.5,0.8333333333333334,0,1
0.458,0.74,0.36984615384615344,0.5,0.8333333333333334,0,1
0.458,0.74,0.38630769230769185,0.5,0.8333333333333334,0,1
0.458,0.74,0.4027692307692303,0.5,0.8333333333333334,0,1
0.458,0.74,0.4192307692307688,0.5,0.8333333333333334,0,1
0.458,0.74,0.4356923076923072,0.5,0.8333333333333334,0,1
0.458,0.74,0.4521538461538457,0.5,0.8333333333333334,0,1
0.458,0.74,0.4686153846153841,0.5,0.8333333333333334,0,1
0.458,0.74,0.4850769230769226,0.5,0.8333333333333334,0,1
0.458,0.74,0.501538461538461,0.5,0.8333333333333334,0,1
0.444,0.74,0.5179999999999995,0.5,0.8333333333333334,0,0
0.43,0.74,0.5344615384615379,0.5,0.8333333333333334,0,0
0.416,0.74,0.5509230769230763,0.5,0.8333333333333334,0,0
0.402,0.74,0.5673846153846148,0.5,0.8333333333333334,0,0
0.388,0.74,0.5838461538461532,0.5,0.8333333333333334,0,0
0.374,0.74,0.6003076923076917,1.0,0.8333333333333334,0,0
0.374,0.74,0.6167692307692301,1.0,0.8333333333333334,0,1
0.374,0.74,0.6332307692307686,1.0,0.8333333333333334,0,1
0.374,0.74,0.649692307692307,1.0,0.8333333333333334,0,1
0.374,0.74,0.6661538461538454,1.0,0.8333333333333334,0,1
0.374,0.74,0.6826153846153838,1.0,0.8333333333333334,0,1
0.374,0.74,0.6990769230769224,1.0,0.8333333333333334,0,1
0.374,0.74,0.7155384615384608,1.0,0.8333333333333334,0,1
0.374,0.74,0.7319999999999992,1.0,0.8333333333333334,0,1
0.388,0.74,0.7484615384615376,0.5,0.8333333333333334,0,2
0.402,0.74,0.7649230769230762,0.5,0.8333333333333334,0,2
0.416,0.74,0.7813846153846146,0.5,0.8333333333333334,0,2
0.43,0.74,0.797846153846153,0.5,0.8333333333333334,0,2
0.444,0.74,0.8143076923076915,0.5,0.8333333333333334,0,2
0.458,0.74,0.83076923076923,0.5,0.8333333333333334,0,2
0.472,0.74,0.8472307692307686,0.5,0.8333333333333334,0,2
0.486,0.74,0.8636923076923071,0.5,0.8333333333333334,0,2
0.486,0.74,0.8801538461538456,0.5,0.8333333333333334,0,1
0.486,0.74,0.8966153846153841,0.5,0.8333333333333334,0,1
0.486,0.74,0.9130769230769227,0.5,0.8333333333333334,0,1
0.486,0.74,0.9295384615384613,0.5,0.8333333333333334,0,1
0.486,0.74,0.4684615384615376,0.5,0.5,0,1
0.486,0.74,0.4787692307692299,0.5,0.5,0,1
0.486,0.74,0.4890769230769222,0.5,0.5,0,1
0.486,0.74,0.4993846153846145,0.5,0.5,0,1
0.486,0.74,0.5096923076923068,0.5,0.5,0,1
0.486,0.74,0.519999999999999,0.5,0.5,0,1
0.486,0.74,0.5303076923076914,0.5,0.5,0,1
0.486,0.74,0.5406153846153836,0.5,0.5,0,1
0.486,0.74,0.550923076923076,0.5,0.5,0,1
0.486,0.74,0.5612307692307682,0.5,0.5,0,1
0.486,0.74,0.5715384615384604,0.5,0.5,0,1
0.486,0.74,0.5818461538461528,0.5,0.5,0,1
0.486,0.74,0.592153846153845,0.5,0.5,0,1
0.486,0.74,0.6024615384615374,0.5,0.5,0,1
0.486,0.74,0.6127692307692296,0.5,0.5,0,1
0.486,0.74,0.623076923076922,0.5,0.5,0,1
0.486,0.74,0.6333846153846142,0.5,0.5,0,1
0.486,0.74,0.6436923076923066,0.5,0.5,0,1
0.486,0.74,0.6539999999999988,0.5,0.5,0,1
0.486,0.74,0.6643076923076912,0.5,0.5,0,1
0.486,0.74,0.6746153846153834,0.5,0.5,0,1
0.486,0.74,0.6849230769230756,0.5,0.5,0,1
0.486,0.74,0.695230769230768,0.5,0.5,0,1
0.486,0.74,0.7055384615384602,0.5,0.5,0,1
0.486,0.74,0.7158461538461526,0.5,0.5,0,1
0.486,0.74,0.7261538461538448,0.5,0.5,0,1
0.486,0.74,0.7364615384615372,0.5,0.5,0,1
0.486,0.74,0.7467692307692294,0.5,0.5,0,1
0.486,0.74,0.7570769230769218,0.5,0.5,0,1
0.486,0.74,0.767384615384614,0.5,0.5,0,1
0.486,0.74,0.7776923076923062,0.5,0.5,0,1
0.486,0.74,0.7879999999999987,0.5,0.5,0,1
0.486,0.74,0.798307692307691,0.5,0.5,0,1
0.486,0.74,0.8086153846153834,0.5,0.5,0,1
0.486,0.74,0.8189230769230758,0.5,0.5,0,1
0.486,0.74,0.8292307692307682,0.5,0.5,0,1
0.486,0.74,0.8395384615384606,0.5,0.5,0,1
0.486,0.74,0.8498461538461529,0.5,0.5,0,1
0.486,0.74,0.8601538461538453,0.5,0.5,0,1
0.486,0.74,0.8704615384615377,0.5,0.5,0,1
0.486,0.74,0.8807692307692301,0.5,0.5,0,1
0.486,0.74,0.8910769230769224,0.5,0.5,0,1
0.5,0.74,0.9013846153846148,0.5,0.5,0,2
0.514,0.74,0.9116923076923072,0.5,0.5,0,2
0.528,0.74,0.9219999999999996,0.5,0.5,0,2
0.542,0.74,0.932307692307692,0.5,0.5,0,2
0.556,0.26,0.7258461538461528,-0.5,0.5,0,2
0.57,0.26,0.7361538461538452,-0.5,0.5,0,2
0.584,0.26,0.7464615384615374,-0.5,0.5,0,2
0.584,0.26,0.7567692307692296,-0.5,0.5,0,1
0.584,0.26,0.767076923076922,-0.5,0.5,0,1
0.584,0.26,0.7773846153846142,-0.5,0.5,0,1
0.584,0.26,0.7876923076923066,-0.5,0.5,0,1
0.584,0.26,0.7979999999999988,-0.5,0.5,0,1
0.584,0.26,0.8083076923076912,-0.5,0.5,0,1
0.584,0.26,0.8186153846153836,-0.5,0.5,0,1
0.584,0.26,0.828923076923076,-0.5,0.5,0,1
0.584,0.26,0.8392307692307683,-0.5,0.5,0,1
0.584,0.26,0.8495384615384607,-0.5,0.5,0,1
0.584,0.26,0.8598461538461531,-0.5,0.5,0,1
0.584,0.26,0.8701538461538455,-0.5,0.5,0,1
0.584,0.26,0.8804615384615379,-0.5,0.5,0,1
0.584,0.26,0.8907692307692302,-0.5,0.5,0,1
0.584,0.26,0.9010769230769227,-0.5,0.5,0,1
0.584,0.26,0.911384615384615,-0.5,0.5,0,1
0.584,0.26,0.9216923076923074,-0.5,0.5,0,1
0.584,0.26,0.9319999999999997,-0.5,0.5,0,1
0.584,0.26,0.06815384615384575,-0.5,0.4166666666666667,1,1
0.584,0.26,0.07692307692307652,-0.5,0.4166666666666667,1,1
0.584,0.26,0.08569230769230729,-0.5,0.4166666666666667,1,1
0.584,0.26,0.09446153846153807,-0.5,0.4166666666666667,1,1
0.57,0.26,0.10323076923076883,-0.5,0.4166666666666667,1,0
0.556,0.26,0.1119999999999996,-0.5,0.4166666666666667,1,0
0.542,0.26,0.12076923076923038,-0.5,0.4166666666666667,1,0
0.528,0.26,0.12953846153846116,-0.5,0.4166666666666667,1,0
0.514,0.26,0.1383076923076919,-0.5,0.4166666666666667,1,0
0.5,0.26,0.1470769230769227,-0.5,0.4166666666666667,1,0
0.5,0.26,0.15584615384615347,-0.5,0.4166666666666667,1,1
0.5,0.26,0.16461538461538425,-0.5,0.4166666666666667,1,1
0.5,0.26,0.17338461538461503,-0.5,0.4166666666666667,1,1
0.5,0.26,0.18269230769230732,-0.5,0.4166666666666667,1,1
0.5,0.26,0.19199999999999962,-0.5,0.4166666666666667,1,1
0.5,0.26,0.20130769230769194,-0.5,0.4166666666666667,1,1
0.5,0.26,0.2106153846153843,-0.5,0.4166666666666667,1,1
0.5,0.26,0.2199230769230766,-0.5,0.4166666666666667,1,1
0.5,0.26,0.22923076923076893,-0.5,0.4166666666666667,1,1
0.5,0.26,0.23853846153846125,-0.5,0.4166666666666667,1,1
0.514,0.26,0.24784615384615358,-0.5,0.4166666666666667,1,2
0.528,0.26,0.2571538461538459,-0.5,0.4166666666666667,1,2
0.542,0.26,0.26646153846153825,-0.5,0.4166666666666667,1,2
0.556,0.26,0.27576923076923054,-0.5,0.4166666666666667,1,2
0.57,0.26,0.2850769230769229,-0.5,0.4166666666666667,1,2
0.584,0.26,0.2943846153846152,-0.5,0.4166666666666667,1,2
0.584,0.26,0.30369230769230754,-0.5,0.4166666666666667,1,1
0.584,0.26,0.31299999999999983,-0.5,0.4166666666666667,1,1
0.584,0.26,0.3223076923076922,-0.5,0.4166666666666667,1,1
0.584,0.26,0.3316153846153845,-0.5,0.4166666666666667,1,1
0.584,0.26,0.34092307692307683,-0.5,0.4166666666666667,1,1
0.584,0.26,0.3502307692307692,-0.5,0.4166666666666667,1,1
0.584,0.26,0.3595384615384615,-0.5,0.4166666666666667,1,1
0.584,0.26,0.3688461538461538,-0.5,0.4166666666666667,1,1
0.584,0.26,0.3781538461538461,-0.5,0.4166666666666667,1,1
0.584,0.26,0.38746153846153847,-0.5,0.4166666666666667,1,1
0.584,0.26,0.3967692307692307,-0.5,0.4166666666666667,1,1
0.584,0.26,0.40607692307692306,-0.5,0.4166666666666667,1,1
0.584,0.26,0.4153846153846154,-0.5,0.4166666666666667,1,1
0.584,0.26,0.4246923076923077,-0.5,0.4166666666666667,1,1
0.584,0.26,0.43400000000000005,-0.5,0.4166666666666667,1,1
0.584,0.26,0.44330769230769235,-0.5,0.4166666666666667,1,1
0.584,0.26,0.4526153846153847,-0.5,0.4166666666666667,1,1
0.584,0.26,0.461923076923077,-0.5,0.4166666666666667,1,1
0.584,0.26,0.47123076923076934,-0.5,0.4166666666666667,1,1
0.584,0.26,0.48053846153846164,-0.5,0.4166666666666667,1,1
0.584,0.26,0.489846153846154,-0.5,0.4166666666666667,1,1
0.57,0.26,0.49915384615384634,-0.5,0.4166666666666667,1,0
0.556,0.26,0.5084615384615386,-0.5,0.4166666666666667,1,0
0.542,0.26,0.517769230769231,-0.5,0.4166666666666667,1,0
0.528,0.26,0.5270769230769233,-0.5,0.4166666666666667,1,0
0.514,0.26,0.5363846153846156,-0.5,0.4166666666666667,1,0
0.5,0.26,0.5456923076923079,-0.5,0.4166666666666667,1,0
0.486,0.26,0.5550000000000003,-0.5,0.4166666666666667,1,0
0.472,0.26,0.5643076923076926,-0.5,0.4166666666666667,1,0
0.472,0.26,0.5736153846153849,-0.5,0.4166666666666667,1,1
0.472,0.26,0.5829230769230772,-0.5,0.4166666666666667,1,1
0.472,0.26,0.5922307692307696,-0.5,0.4166666666666667,1,1
0.472,0.26,0.6015384615384619,-0.5,0.4166666666666667,1,1
0.472,0.26,0.6108461538461543,-0.5,0.4166666666666667,1,1
0.472,0.26,0.6201538461538465,-0.5,0.4166666666666667,1,1
0.472,0.26,0.6294615384615388,-0.5,0.4166666666666667,1,1
0.472,0.26,0.6387692307692312,-0.5,0.4166666666666667,1,1
0.472,0.26,0.6480769230769236,-0.5,0.4166666666666667,1,1
0.472,0.26,0.6573846153846158,-0.5,0.4166666666666667,1,1
0.472,0.26,0.6666923076923081,-0.5,0.4166666666666667,1,1
0.472,0.26,0.6760000000000005,-0.5,0.4166666666666667,1,1
0.472,0.26,0.6853076923076928,-0.5,0.4166666666666667,1,1
0.472,0.26,0.6946153846153852,-0.5,0.4166666666666667,1,1
0.472,0.26,0.7039230769230774,-0.5,0.4166666666666667,1,1
0.486,0.26,0.7132307692307698,-0.5,0.4166666666666667,1,2
0.5,0.26,0.7225384615384621,-0.5,0.4166666666666667,1,2
0.514,0.26,0.7318461538461545,-0.5,0.4166666666666667,1,2
0.528,0.26,0.7411538461538467,-0.5,0.4166666666666667,1,2
0.542,0.26,0.7504615384615391,-0.5,0.4166666666666667,1,2
0.556,0.26,0.7597692307692314,-0.5,0.4166666666666667,1,2
0.57,0.26,0.7690769230769238,-0.5,0.4166666666666667,1,2
0.57,0.26,0.7783846153846161,-0.5,0.4166666666666667,1,1
0.57,0.26,0.7876923076923084,-0.5,0.4166666666666667,1,1
0.57,0.26,0.7970000000000006,-0.5,0.4166666666666667,1,1
0.57,0.26,0.8063076923076928,-0.5,0.4166666666666667,1,1
0.57,0.26,0.8156153846153851,-0.5,0.4166666666666667,1,1
0.57,0.26,0.8249230769230773,-0.5,0.4166666666666667,1,1
0.57,0.26,0.8342307692307696,-0.5,0.4166666666666667,1,1
0.57,0.26,0.8435384615384618,-0.5,0.4166666666666667,1,1
0.556,0.26,0.852846153846154,-0.5,0.4166666666666667,1,0
0.542,0.26,0.8621538461538463,-0.5,0.4166666666666667,1,0
0.528,0.26,0.8714615384615385,-0.5,0.4166666666666667,1,0
0.514,0.26,0.8807692307692307,-0.5,0.4166666666666667,1,0
0.5,0.26,0.890076923076923,-0.5,0.4166666666666667,1,0
0.486,0.26,0.8993846153846152,-0.5,0.4166666666666667,1,0
0.486,0.26,0.9086923076923075,-0.5,0.4166666666666667,1,1
0.486,0.26,0.9179999999999997,-0.5,0.4166666666666667,1,1
0.486,0.26,0.9273076923076919,-0.5,0.4166666666666667,1,1
0.486,0.26,0.9366153846153842,-0.5,0.4166666666666667,1,1
0.486,0.26,0.657153846153847,-0.5,0.6666666666666666,1,1
0.486,0.26,0.6710769230769239,-0.5,0.6666666666666666,1,1
0.486,0.26,0.6850000000000008,-0.5,0.6666666666666666,1,1
0.486,0.26,0.6989230769230779,-0.5,0.6666666666666666,1,1
0.486,0.26,0.7128461538461548,-0.5,0.6666666666666666,1,1
0.486,0.26,0.7267692307692317,-0.5,0.6666666666666666,1,1
0.486,0.26,0.7406923076923086,-0.5,0.6666666666666666,1,1
0.486,0.26,0.7546153846153856,-0.5,0.6666666666666666,1,1
0.486,0.26,0.7685384615384625,-0.5,0.6666666666666666,1,1
0.486,0.26,0.7824615384615394,-0.5,0.6666666666666666,1,1
0.486,0.26,0.7963846153846164,-0.5,0.6666666666666666,1,1
0.486,0.26,0.8103076923076933,-0.5,0.6666666666666666,1,1
0.486,0.26,0.8242307692307701,-0.5,0.6666666666666666,1,1
0.486,0.26,0.8381538461538469,-0.5,0.6666666666666666,1,1
0.5,0.26,0.8520769230769238,-0.5,0.6666666666666666,1,2
0.514,0.26,0.8660000000000007,-0.5,0.6666666666666666,1,2
0.528,0.26,0.8799230769230775,-0.5,0.6666666666666666,1,2
0.542,0.26,0.8938461538461544,-0.5,0.6666666666666666,1,2
0.556,0.26,0.9077692307692312,-0.5,0.6666666666666666,1,2
0.57,0.26,0.921692307692308,-0.5,0.6666666666666666,1,2
0.57,0.26,0.935615384615385,-0.5,0.6666666666666666,1,1
0.57,0.74,-0.2160769230769229,0.5,0.4166666666666667,0,1
0.57,0.74,-0.20676923076923057,0.5,0.4166666666666667,0,1
0.57,0.74,-0.19746153846153824,0.5,0.4166666666666667,0,1
0.57,0.74,-0.18815384615384592,0.5,0.4166666666666667,0,1
0.57,0.74,-0.17884615384615363,0.5,0.4166666666666667,0,1
0.57,0.74,-0.16953846153846133,0.5,0.4166666666666667,0,1
0.57,0.74,-0.160230769230769,0.5,0.4166666666666667,0,1
0.57,0.74,-0.15092307692307672,0.5,0.4166666666666667,0,1
0.57,0.74,-0.14161538461538442,0.5,0.4166666666666667,0,1
0.57,0.74,-0.1323076923076921,0.5,0.4166666666666667,0,1
0.57,0.74,-0.1229999999999998,0.5,0.4166666666666667,0,1
0.57,0.74,-0.11369230769230751,0.5,0.4166666666666667,0,1
0.57,0.74,-0.1043846153846152,0.5,0.4166666666666667,0,1
0.556,0.74,-0.09507692307692289,0.5,0.4166666666666667,0,0
0.542,0.74,-0.0857692307692306,0.5,0.4166666666666667,0,0
0.528,0.74,-0.07646153846153829,0.5,0.4166666666666667,0,0
0.514,0.74,-0.06715384615384598,0.5,0.4166666666666667,0,0
0.5,0.74,-0.057846153846153686,0.5,0.4166666666666667,0,0
0.486,0.74,-0.04853846153846138,0.5,0.4166666666666667,0,0
0.472,0.74,-0.03923076923076907,0.5,0.4166666666666667,0,0
0.458,0.74,-0.029923076923076757,0.5,0.4166666666666667,0,0
0.458,0.74,-0.02061538461538445,0.5,0.4166666666666667,0,1
0.458,0.74,-0.011307692307692142,0.5,0.4166666666666667,0,1
0.458,0.74,-0.0019999999999998344,0.5,0.4166666666666667,0,1
0.458,0.74,0.007307692307692473,0.5,0.4166666666666667,0,1
0.458,0.74,0.01661538461538478,0.5,0.4166666666666667,0,1
0.458,0.74,0.02592307692307709,0.5,0.4166666666666667,0,1
0.458,0.74,0.0352307692307694,0.5,0.4166666666666667,0,1
0.458,0.74,0.04453846153846171,0.5,0.4166666666666667,0,1
0.458,0.74,0.05384615384615401,0.5,0.4166666666666667,0,1
0.458,0.74,0.06315384615384631,0.5,0.4166666666666667,0,1
0.458,0.74,0.07246153846153862,0.5,0.4166666666666667,0,1
0.458,0.74,0.08176923076923091,0.5,0.4166666666666667,0,1
0.458,0.74,0.09107692307692322,0.5,0.4166666666666667,0,1
0.458,0.74,0.10038461538461554,0.5,0.4166666666666667,0,1
0.458,0.74,0.10969230769230784,0.5,0.4166666666666667,0,1
0.458,0.74,0.11900000000000015,0.5,0.4166666666666667,0,1
0.458,0.74,0.12830769230769246,0.5,0.4166666666666667,0,1
0.458,0.74,0.13761538461538475,0.5,0.4166666666666667,0,1
0.458,0.74,0.14692307692307705,0.5,0.4166666666666667,0,1
0.458,0.74,0.15623076923076937,0.5,0.4166666666666667,0,1
0.444,0.74,0.16553846153846166,0.5,0.4166666666666667,0,0
0.43,0.74,0.17484615384615396,0.5,0.4166666666666667,0,0
0.416,0.74,0.18415384615384628,0.5,0.4166666666666667,0,0
0.402,0.74,0.19346153846153857,0.5,0.4166666666666667,0,0
0.388,0.74,0.20276923076923087,0.5,0.4166666666666667,0,0
0.388,0.74,0.2120769230769232,0.5,0.4166666666666667,0,1
0.388,0.74,0.2213846153846155,0.5,0.4166666666666667,0,1
0.388,0.74,0.23069230769230786,0.5,0.4166666666666667,0,1
0.388,0.74,0.24000000000000019,0.5,0.4166666666666667,0,1
0.388,0.74,0.2493076923076925,0.5,0.4166666666666667,0,1
0.388,0.74,0.2586153846153848,0.5,0.4166666666666667,0,1
0.388,0.74,0.26792307692307715,0.5,0.4166666666666667,0,1
0.388,0.74,0.2772307692307695,0.5,0.4166666666666667,0,1
0.388,0.74,0.2865384615384618,0.5,0.4166666666666667,0,1
0.388,0.74,0.29584615384615415,0.5,0.4166666666666667,0,1
0.388,0.74,0.30515384615384644,0.5,0.4166666666666667,0,1
0.388,0.74,0.3144615384615388,0.5,0.4166666666666667,0,1
0.388,0.74,0.3237692307692311,0.5,0.4166666666666667,0,1
0.388,0.74,0.33307692307692344,0.5,0.4166666666666667,0,1
0.388,0.74,0.34238461538461573,0.5,0.4166666666666667,0,1
0.388,0.74,0.3516923076923081,0.5,0.4166666666666667,0,1
0.388,0.74,0.3610000000000004,0.5,0.4166666666666667,0,1
0.388,0.74,0.3703076923076927,0.5,0.4166666666666667,0,1
0.388,0.74,0.3796153846153851,0.5,0.4166666666666667,0,1
0.388,0.74,0.38892307692307737,0.5,0.4166666666666667,0,1
0.388,0.74,0.3982307692307697,0.5,0.4166666666666667,0,1
0.388,0.74,0.407538461538462,0.5,0.4166666666666667,0,1
0.388,0.74,0.41684615384615437,0.5,0.4166666666666667,0,1
0.374,0.74,0.42615384615384666,1.0,0.4166666666666667,0,0
0.36,0.74,0.435461538461539,1.0,0.4166666666666667,0,0
0.346,0.74,0.4447692307692313,1.0,0.4166666666666667,0,0
0.332,0.74,0.45407692307692366,1.0,0.4166666666666667,0,0
0.318,0.74,0.463384615384616,1.0,0.4166666666666667,0,0
0.318,0.74,0.4726923076923083,1.0,0.4166666666666667,0,1
0.318,0.74,0.48200000000000065,1.0,0.4166666666666667,0,1
0.318,0.74,0.49130769230769294,1.0,0.4166666666666667,0,1
0.318,0.74,0.5006153846153852,1.0,0.4166666666666667,0,1
0.318,0.74,0.5099230769230776,1.0,0.4166666666666667,0,1
0.318,0.74,0.5192307692307699,1.0,0.4166666666666667,0,1
0.318,0.74,0.5285384615384623,1.0,0.4166666666666667,0,1
0.318,0.74,0.5378461538461545,1.0,0.4166666666666667,0,1
0.318,0.5,0.5486923076923083,0.5,0.5833333333333334,1,1
0.318,0.5,0.5610769230769237,0.5,0.5833333333333334,1,1
0.318,0.5,0.573461538461539,0.5,0.5833333333333334,1,1
0.318,0.5,0.5858461538461545,0.5,0.5833333333333334,1,1
0.318,0.5,0.5982307692307699,0.5,0.5833333333333334,1,1
0.318,0.5,0.6106153846153852,0.5,0.5833333333333334,1,1
0.318,0.5,0.6230000000000007,0.5,0.5833333333333334,1,1
0.318,0.5,0.6353846153846161,0.5,0.5833333333333334,1,1
0.318,0.5,0.6477692307692315,0.5,0.5833333333333334,1,1
0.318,0.5,0.6601538461538469,0.5,0.5833333333333334,1,1
0.318,0.5,0.6725384615384623,0.5,0.5833333333333334,1,1
0.318,0.5,0.6849230769230777,0.5,0.5833333333333334,1,1
0.318,0.5,0.6973076923076931,0.5,0.5833333333333334,1,1
0.318,0.5,0.7096923076923085,0.5,0.5833333333333334,1,1
0.318,0.5,0.722076923076924,0.5,0.5833333333333334,1,1
0.318,0.5,0.7344615384615393,0.5,0.5833333333333334,1,1
0.318,0.5,0.7468461538461547,0.5,0.5833333333333334,1,1
0.318,0.5,0.7592307692307702,0.5,0.5833333333333334,1,1
0.318,0.5,0.7716153846153855,0.5,0.5833333333333334,1,1
0.318,0.5,0.7840000000000009,0.5,0.5833333333333334,1,1
0.318,0.5,0.7963846153846162,0.5,0.5833333333333334,1,1
0.318,0.5,0.8087692307692316,0.5,0.5833333333333334,1,1
0.318,0.5,0.8211538461538469,0.5,0.5833333333333334,1,1
0.318,0.5,0.8335384615384621,0.5,0.5833333333333334,1,1
0.318,0.5,0.8459230769230774,0.5,0.5833333333333334,1,1
0.318,0.5,0.8583076923076928,0.5,0.5833333333333334,1,1
0.318,0.5,0.8706923076923081,0.5,0.5833333333333334,1,1
0.318,0.5,0.8830769230769234,0.5,0.5833333333333334,1,1
0.318,0.5,0.8954615384615388,0.5,0.5833333333333334,1,1
0.318,0.5,0.9078461538461541,0.5,0.5833333333333334,1,1
0.318,0.5,0.9202307692307694,0.5,0.5833333333333334,1,1
0.318,0.5,0.9326153846153847,0.5,0.5833333333333334,1,1
0.318,0.74,0.8450000000000008,1.0,0.4166666666666667,0,1
0.318,0.74,0.854307692307693,1.0,0.4166666666666667,0,1
0.318,0.74,0.8636153846153852,1.0,0.4166666666666667,0,1
0.318,0.74,0.8729230769230775,1.0,0.4166666666666667,0,1
0.332,0.74,0.8822307692307696,1.0,0.4166666666666667,0,2
0.346,0.74,0.8915384615384618,1.0,0.4166666666666667,0,2
0.36,0.74,0.9008461538461541,1.0,0.4166666666666667,0,2
0.374,0.74,0.9101538461538463,1.0,0.4166666666666667,0,2
0.388,0.74,0.9194615384615386,0.5,0.4166666666666667,0,2
0.402,0.74,0.9287692307692308,0.5,0.4166666666666667,0,2
0.416,0.74,0.938076923076923,0.5,0.4166666666666667,0,2
0.416,0.74,0.9117692307692312,0.5,0.5,1,1
0.416,0.74,0.9226153846153851,0.5,0.5,1,1
0.416,0.74,0.9334615384615388,0.5,0.5,1,1
0.416,0.26,-0.1427692307692308,-0.5,0.5,0,1
0.416,0.26,-0.13192307692307695,-0.5,0.5,0,1
0.416,0.26,-0.12107692307692311,-0.5,0.5,0,1
0.416,0.26,-0.11023076923076926,-0.5,0.5,0,1
0.416,0.26,-0.09938461538461542,-0.5,0.5,0,1
0.43,0.26,-0.08853846153846158,-0.5,0.5,0,2
0.444,0.26,-0.07769230769230774,-0.5,0.5,0,2
0.458,0.26,-0.06684615384615389,-0.5,0.5,0,2
0.472,0.26,-0.05600000000000005,-0.5,0.5,0,2
0.486,0.26,-0.045153846153846204,-0.5,0.5,0,2
0.486,0.26,-0.03430769230769236,-0.5,0.5,0,1
0.486,0.26,-0.02346153846153851,-0.5,0.5,0,1
0.486,0.26,-0.012615384615384664,-0.5,0.5,0,1
0.486,0.26,-0.0017692307692308176,-0.5,0.5,0,1
0.486,0.26,0.009076923076923028,-0.5,0.5,0,1
0.486,0.26,0.019923076923076873,-0.5,0.5,0,1
0.486,0.26,0.03076923076923072,-0.5,0.5,0,1
0.486,0.26,0.04161538461538457,-0.5,0.5,0,1
0.486,0.26,0.05246153846153841,-0.5,0.5,0,1
0.486,0.26,0.06330769230769225,-0.5,0.5,0,1
0.486,0.26,0.0741538461538461,-0.5,0.5,0,1
0.5,0.26,0.08499999999999994,-0.5,0.5,0,2
0.514,0.26,0.09584615384615378,-0.5,0.5,0,2
0.528,0.26,0.10669230769230761,-0.5,0.5,0,2
0.542,0.26,0.11753846153846145,-0.5,0.5,0,2
0.556,0.26,0.1283846153846153,-0.5,0.5,0,2
0.556,0.26,0.13923076923076913,-0.5,0.5,0,1
0.556,0.26,0.150076923076923,-0.5,0.5,0,1
0.556,0.26,0.16092307692307684,-0.5,0.5,0,1
0.556,0.26,0.17176923076923067,-0.5,0.5,0,1
0.556,0.26,0.1826153846153845,-0.5,0.5,0,1
0.556,0.26,0.19346153846153835,-0.5,0.5,0,1
0.556,0.26,0.2043076923076922,-0.5,0.5,0,1
0.556,0.26,0.21515384615384606,-0.5,0.5,0,1
0.556,0.26,0.22599999999999992,-0.5,0.5,0,1
0.556,0.26,0.2368461538461538,-0.5,0.5,0,1
0.556,0.26,0.24769230769230766,-0.5,0.5,0,1
0.556,0.26,0.2585384615384615,-0.5,0.5,0,1
0.556,0.26,0.2693846153846154,-0.5,0.5,0,1
0.556,0.26,0.2802307692307692,-0.5,0.5,0,1
0.556,0.26,0.2910769230769231,-0.5,0.5,0,1
0.542,0.26,0.30192307692307696,-0.5,0.5,0,0
0.528,0.26,0.31276923076923085,-0.5,0.5,0,0
0.514,0.26,0.3236153846153847,-0.5,0.5,0,0
0.5,0.26,0.33446153846153853,-0.5,0.5,0,0
0.486,0.26,0.3453076923076924,-0.5,0.5,0,0
0.472,0.26,0.35615384615384627,-0.5,0.5,0,0
0.458,0.26,0.36700000000000016,-0.5,0.5,0,0
0.458,0.26,0.377846153846154,-0.5,0.5,0,1
0.458,0.26,0.3886923076923079,-0.5,0.5,0,1
0.458,0.26,0.3995384615384617,-0.5,0.5,0,1
0.458,0.26,0.41038461538461557,-0.5,0.5,0,1
0.458,0.26,0.4212307692307694,-0.5,0.5,0,1
0.458,0.26,0.4320769230769233,-0.5,0.5,0,1
0.458,0.26,0.44292307692307714,-0.5,0.5,0,1
0.458,0.26,0.45376923076923104,-0.5,0.5,0,1
0.458,0.26,0.4646153846153849,-0.5,0.5,0,1
0.458,0.26,0.47546153846153877,-0.5,0.5,0,1
0.458,0.26,0.4863076923076926,-0.5,0.5,0,1
0.458,0.26,0.49715384615384645,-0.5,0.5,0,1
0.458,0.26,0.5080000000000003,-0.5,0.5,0,1
0.458,0.26,0.5188461538461542,-0.5,0.5,0,1
0.458,0.26,0.529692307692308,-0.5,0.5,0,1
0.458,0.26,0.540538461538462,-0.5,0.5,0,1
0.458,0.26,0.5513846153846158,-0.5,0.5,0,1
0.458,0.26,0.5622307692307696,-0.5,0.5,0,1
0.458,0.26,0.5730769230769235,-0.5,0.5,0,1
0.458,0.26,0.5839230769230774,-0.5,0.5,0,1
0.458,0.26,0.5947692307692313,-0.5,0.5,0,1
0.458,0.26,0.6056153846153851,-0.5,0.5,0,1
0.458,0.26,0.616461538461539,-0.5,0.5,0,1
0.458,0.26,0.6273076923076928,-0.5,0.5,0,1
0.458,0.26,0.6381538461538467,-0.5,0.5,0,1
0.458,0.26,0.6490000000000006,-0.5,0.5,0,1
0.458,0.26,0.6598461538461544,-0.5,0.5,0,1
0.458,0.26,0.6706923076923083,-0.5,0.5,0,1
0.458,0.26,0.6815384615384622,-0.5,0.5,0,1
0.458,0.26,0.692384615384616,-0.5,0.5,0,1
0.458,0.26,0.7032307692307699,-0.5,0.5,0,1
0.458,0.26,0.7140769230769237,-0.5,0.5,0,1
0.458,0.26,0.7249230769230776,-0.5,0.5,0,1
0.458,0.26,0.7357692307692315,-0.5,0.5,0,1
0.458,0.26,0.7466153846153853,-0.5,0.5,0,1
0.458,0.26,0.7574615384615392,-0.5,0.5,0,1
0.458,0.26,0.768307692307693,-0.5,0.5,0,1
0.458,0.26,0.779153846153847,-0.5,0.5,0,1
0.458,0.26,0.7900000000000007,-0.5,0.5,0,1
0.458,0.26,0.8008461538461544,-0.5,0.5,0,1
0.458,0.26,0.8116923076923083,-0.5,0.5,0,1
0.458,0.26,0.822538461538462,-0.5,0.5,0,1
0.458,0.26,0.8333846153846158,-0.5,0.5,0,1
0.458,0.26,0.8442307692307696,-0.5,0.5,0,1
0.458,0.26,0.8550769230769234,-0.5,0.5,0,1
0.458,0.26,0.8659230769230771,-0.5,0.5,0,1
0.458,0.26,0.8767692307692309,-0.5,0.5,0,1
0.458,0.26,0.8876153846153847,-0.5,0.5,0,1
0.458,0.26,0.8984615384615384,-0.5,0.5,0,1
0.458,0.26,0.9093076923076923,-0.5,0.5,0,1
0.458,0.26,0.920153846153846,-0.5,0.5,0,1
0.458,0.26,0.9309999999999998,-0.5,0.5,0,1
0.458,0.74,0.6546153846153854,0.5,0.5,1,1
0.458,0.74,0.6654615384615392,0.5,0.5,1,1
0.458,0.74,0.6763076923076932,0.5,0.5,1,1
0.458,0.74,0.687153846153847,0.5,0.5,1,1
0.458,0.74,0.6980000000000008,0.5,0.5,1,1
0.458,0.74,0.7088461538461547,0.5,0.5,1,1
0.458,0.74,0.7196923076923086,0.5,0.5,1,1
0.458,0.74,0.7305384615384625,0.5,0.5,1,1
0.458,0.74,0.7413846153846163,0.5,0.5,1,1
0.444,0.74,0.7522307692307701,0.5,0.5,1,0
0.43,0.74,0.763076923076924,0.5,0.5,1,0
0.416,0.74,0.7739230769230779,0.5,0.5,1,0
0.402,0.74,0.7847692307692318,0.5,0.5,1,0
0.388,0.74,0.7956153846153856,0.5,0.5,1,0
0.374,0.74,0.8064615384615395,1.0,0.5,1,0
0.36,0.74,0.8173076923076932,1.0,0.5,1,0
0.36,0.74,0.8281538461538469,1.0,0.5,1,1
0.36,0.74,0.8390000000000007,1.0,0.5,1,1
0.36,0.74,0.8498461538461545,1.0,0.5,1,1
0.36,0.74,0.8606923076923083,1.0,0.5,1,1
0.36,0.74,0.871538461538462,1.0,0.5,1,1
0.36,0.74,0.8823846153846159,1.0,0.5,1,1
0.36,0.74,0.8932307692307696,1.0,0.5,1,1
0.36,0.74,0.9040769230769234,1.0,0.5,1,1
0.374,0.74,0.9149230769230772,1.0,0.5,1,2
0.388,0.74,0.9257692307692309,0.5,0.5,1,2
0.402,0.74,0.9366153846153847,0.5,0.5,1,2
0.416,0.74,0.905846153846154,0.5,0.4166666666666667,1,2
0.43,0.74,0.9151538461538462,0.5,0.4166666666666667,1,2
0.444,0.74,0.9244615384615384,0.5,0.4166666666666667,1,2
0.458,0.74,0.9337692307692307,0.5,0.4166666666666667,1,2
0.472,0.26,0.04915384615384612,-0.5,0.5833333333333334,0,2
0.472,0.26,0.06153846153846149,-0.5,0.5833333333333334,0,1
0.472,0.26,0.07392307692307687,-0.5,0.5833333333333334,0,1
0.472,0.26,0.08630769230769225,-0.5,0.5833333333333334,0,1
0.472,0.26,0.09869230769230763,-0.5,0.5833333333333334,0,1
0.472,0.26,0.11107692307692302,-0.5,0.5833333333333334,0,1
0.472,0.26,0.1234615384615384,-0.5,0.5833333333333334,0,1
0.472,0.26,0.13584615384615378,-0.5,0.5833333333333334,0,1
0.472,0.26,0.1487692307692307,-0.5,0.5833333333333334,0,1
0.472,0.26,0.16169230769230764,-0.5,0.5833333333333334,0,1
0.472,0.26,0.17461538461538456,-0.5,0.5833333333333334,0,1
0.472,0.26,0.18753846153846152,-0.5,0.5833333333333334,0,1
0.472,0.26,0.20046153846153844,-0.5,0.5833333333333334,0,1
0.472,0.26,0.21338461538461537,-0.5,0.5833333333333334,0,1
0.472,0.26,0.2263076923076923,-0.5,0.5833333333333334,0,1
0.472,0.26,0.23923076923076922,-0.5,0.5833333333333334,0,1
0.486,0.26,0.2521538461538462,-0.5,0.5833333333333334,0,2
0.5,0.26,0.2650769230769231,-0.5,0.5833333333333334,0,2
0.514,0.26,0.278,-0.5,0.5833333333333334,0,2
0.528,0.26,0.29092307692307695,-0.5,0.5833333333333334,0,2
0.542,0.26,0.3038461538461539,-0.5,0.5833333333333334,0,2
0.556,0.26,0.3167692307692308,-0.5,0.5833333333333334,0,2
0.57,0.26,0.32969230769230773,-0.5,0.5833333333333334,0,2
0.57,0.26,0.3426153846153847,-0.5,0.5833333333333334,0,1
0.57,0.26,0.35553846153846164,-0.5,0.5833333333333334,0,1
0.57,0.26,0.36846153846153856,-0.5,0.5833333333333334,0,1
0.57,0.26,0.3813846153846155,-0.5,0.5833333333333334,0,1
0.57,0.26,0.3943076923076924,-0.5,0.5833333333333334,0,1
0.57,0.26,0.4072307692307693,-0.5,0.5833333333333334,0,1
0.57,0.26,0.4201538461538462,-0.5,0.5833333333333334,0,1
0.57,0.26,0.4330769230769231,-0.5,0.5833333333333334,0,1
0.57,0.26,0.44599999999999995,-0.5,0.5833333333333334,0,1
0.584,0.26,0.4589230769230769,-0.5,0.5833333333333334,0,2
0.598,0.26,0.47184615384615375,-0.5,0.5833333333333334,0,2
0.612,0.26,0.4847692307692306,-0.5,0.5833333333333334,0,2
0.626,0.26,0.49769230769230755,-1.0,0.5833333333333334,0,2
0.64,0.26,0.5106153846153844,-1.0,0.5833333333333334,0,2
0.654,0.26,0.5235384615384613,-1.0,0.5833333333333334,0,2
0.654,0.26,0.5364615384615382,-1.0,0.5833333333333334,0,1
0.654,0.26,0.549384615384615,-1.0,0.5833333333333334,0,1
0.654,0.26,0.562307692307692,-1.0,0.5833333333333334,0,1
0.654,0.26,0.5752307692307689,-1.0,0.5833333333333334,0,1
0.654,0.26,0.5881538461538457,-1.0,0.5833333333333334,0,1
0.654,0.26,0.6010769230769226,-1.0,0.5833333333333334,0,1
0.654,0.26,0.6139999999999995,-1.0,0.5833333333333334,0,1
0.654,0.26,0.6269230769230764,-1.0,0.5833333333333334,0,1
0.654,0.26,0.6398461538461533,-1.0,0.5833333333333334,0,1
0.654,0.26,0.6527692307692302,-1.0,0.5833333333333334,0,1
0.654,0.26,0.665692307692307,-1.0,0.5833333333333334,0,1
0.654,0.26,0.678615384615384,-1.0,0.5833333333333334,0,1
0.654,0.26,0.6915384615384609,-1.0,0.5833333333333334,0,1
0.64,0.26,0.7044615384615377,-1.0,0.5833333333333334,0,0
0.626,0.26,0.7173846153846146,-1.0,0.5833333333333334,0,0
0.612,0.26,0.7303076923076915,-0.5,0.5833333333333334,0,0
0.598,0.26,0.7432307692307684,-0.5,0.5833333333333334,0,0
0.584,0.26,0.7561538461538453,-0.5,0.5833333333333334,0,0
0.57,0.26,0.7690769230769222,-0.5,0.5833333333333334,0,0
0.57,0.26,0.781999999999999,-0.5,0.5833333333333334,0,1
0.57,0.26,0.794923076923076,-0.5,0.5833333333333334,0,1
0.57,0.26,0.8078461538461529,-0.5,0.5833333333333334,0,1
0.57,0.26,0.8207692307692297,-0.5,0.5833333333333334,0,1
0.57,0.26,0.8336923076923066,-0.5,0.5833333333333334,0,1
0.57,0.26,0.8466153846153835,-0.5,0.5833333333333334,0,1
0.57,0.26,0.8595384615384604,-0.5,0.5833333333333334,0,1
0.57,0.26,0.8724615384615373,-0.5,0.5833333333333334,0,1
0.57,0.26,0.8853846153846142,-0.5,0.5833333333333334,0,1
0.57,0.26,0.898307692307691,-0.5,0.5833333333333334,0,1
0.57,0.26,0.911230769230768,-0.5,0.5833333333333334,0,1
0.57,0.26,0.9241538461538448,-0.5,0.5833333333333334,0,1
0.57,0.26,0.9370769230769217,-0.5,0.5833333333333334,0,1
0.57,0.26,0.48430769230769216,-0.5,0.8333333333333334,1,1
0.57,0.26,0.5018461538461536,-0.5,0.8333333333333334,1,1
0.57,0.26,0.5193846153846151,-0.5,0.8333333333333334,1,1
0.57,0.26,0.5369230769230766,-0.5,0.8333333333333334,1,1
0.57,0.26,0.5544615384615381,-0.5,0.8333333333333334,1,1
0.57,0.26,0.5719999999999996,-0.5,0.8333333333333334,1,1
0.57,0.26,0.5895384615384611,-0.5,0.8333333333333334,1,1
0.57,0.26,0.6070769230769226,-0.5,0.8333333333333334,1,1
0.57,0.26,0.6246153846153841,-0.5,0.8333333333333334,1,1
0.57,0.26,0.6421538461538456,-0.5,0.8333333333333334,1,1
0.556,0.26,0.6596923076923071,-0.5,0.8333333333333334,1,0
0.542,0.26,0.6772307692307686,-0.5,0.8333333333333334,1,0
0.528,0.26,0.6947692307692301,-0.5,0.8333333333333334,1,0
0.514,0.26,0.7123076923076916,-0.5,0.8333333333333334,1,0
0.5,0.26,0.7298461538461531,-0.5,0.8333333333333334,1,0
0.486,0.26,0.7473846153846146,-0.5,0.8333333333333334,1,0
0.486,0.26,0.7649230769230762,-0.5,0.8333333333333334,1,1
0.486,0.26,0.7824615384615378,-0.5,0.8333333333333334,1,1
0.486,0.26,0.7999999999999993,-0.5,0.8333333333333334,1,1
0.486,0.26,0.8175384615384608,-0.5,0.8333333333333334,1,1
0.486,0.26,0.8350769230769223,-0.5,0.8333333333333334,1,1
0.486,0.26,0.8526153846153838,-0.5,0.8333333333333334,1,1
0.486,0.26,0.8701538461538453,-0.5,0.8333333333333334,1,1
0.486,0.26,0.8876923076923068,-0.5,0.8333333333333334,1,1
0.486,0.26,0.9052307692307683,-0.5,0.8333333333333334,1,1
0.486,0.26,0.9227692307692298,-0.5,0.8333333333333334,1,1
0.486,0.26,0.720923076923076,-0.5,0.4166666666666667,0,1
0.486,0.26,0.7307692307692298,-0.5,0.4166666666666667,0,1
0.486,0.26,0.7406153846153836,-0.5,0.4166666666666667,0,1
0.486,0.26,0.7504615384615374,-0.5,0.4166666666666667,0,1
0.486,0.26,0.7603076923076912,-0.5,0.4166666666666667,0,1
0.486,0.26,0.7701538461538451,-0.5,0.4166666666666667,0,1
0.486,0.26,0.7799999999999989,-0.5,0.4166666666666667,0,1
0.486,0.26,0.7898461538461528,-0.5,0.4166666666666667,0,1
0.486,0.26,0.7996923076923066,-0.5,0.4166666666666667,0,1
0.486,0.26,0.8095384615384604,-0.5,0.4166666666666667,0,1
0.486,0.26,0.8193846153846142,-0.5,0.4166666666666667,0,1
0.486,0.26,0.829230769230768,-0.5,0.4166666666666667,0,1
0.486,0.26,0.8390769230769218,-0.5,0.4166666666666667,0,1
0.486,0.26,0.8489230769230757,-0.5,0.4166666666666667,0,1
0.486,0.26,0.8587692307692294,-0.5,0.4166666666666667,0,1
0.486,0.26,0.8686153846153832,-0.5,0.4166666666666667,0,1
0.486,0.26,0.8784615384615371,-0.5,0.4166666666666667,0,1
0.486,0.26,0.8883076923076909,-0.5,0.4166666666666667,0,1
0.486,0.26,0.8981538461538446,-0.5,0.4166666666666667,0,1
0.486,0.26,0.9079999999999985,-0.5,0.4166666666666667,0,1
0.486,0.26,0.9178461538461523,-0.5,0.4166666666666667,0,1
0.486,0.26,0.9276923076923062,-0.5,0.4166666666666667,0,1
0.486,0.26,0.9375384615384599,-0.5,0.4166666666666667,0,1
0.5,0.5,0.08769230769230786,0.0,0.5,1,2
0.514,0.5,0.09907692307692326,0.0,0.5,1,2
0.528,0.5,0.11046153846153865,0.0,0.5,1,2
0.542,0.5,0.12184615384615405,0.0,0.5,1,2
0.556,0.5,0.13323076923076943,0.0,0.5,1,2
0.57,0.5,0.14461538461538484,0.0,0.5,1,2
0.584,0.5,0.15600000000000022,0.0,0.5,1,2
0.584,0.5,0.16738461538461563,0.0,0.5,1,1
0.584,0.5,0.178769230769231,0.0,0.5,1,1
0.584,0.5,0.1901538461538464,0.0,0.5,1,1
0.584,0.5,0.2015384615384618,0.0,0.5,1,1
0.584,0.5,0.2129230769230772,0.0,0.5,1,1
0.584,0.5,0.2243076923076926,0.0,0.5,1,1
0.584,0.5,0.23569230769230798,0.0,0.5,1,1
0.584,0.5,0.24707692307692336,0.0,0.5,1,1
0.584,0.5,0.25846153846153874,0.0,0.5,1,1
0.584,0.5,0.2698461538461542,0.0,0.5,1,1
0.584,0.5,0.28123076923076956,0.0,0.5,1,1
0.584,0.5,0.29261538461538494,0.0,0.5,1,1
0.598,0.5,0.3040000000000003,0.0,0.5,1,2
0.612,0.5,0.3153846153846157,0.0,0.5,1,2
0.626,0.5,0.32676923076923114,-0.5,0.5,1,2
0.64,0.5,0.3381538461538465,-0.5,0.5,1,2
0.654,0.5,0.3495384615384619,-0.5,0.5,1,2
0.654,0.5,0.3609230769230773,-0.5,0.5,1,1
0.654,0.5,0.37230769230769273,-0.5,0.5,1,1
0.654,0.5,0.3836923076923081,-0.5,0.5,1,1
0.654,0.5,0.39507692307692344,-0.5,0.5,1,1
0.654,0.5,0.4064615384615388,-0.5,0.5,1,1
0.654,0.5,0.41784615384615414,-0.5,0.5,1,1
0.654,0.5,0.42923076923076947,-0.5,0.5,1,1
0.654,0.5,0.44061538461538485,-0.5,0.5,1,1
0.654,0.5,0.4520000000000002,-0.5,0.5,1,1
0.654,0.5,0.46338461538461556,-0.5,0.5,1,1
0.654,0.5,0.4747692307692309,-0.5,0.5,1,1
0.654,0.5,0.4861538461538462,-0.5,0.5,1,1
0.654,0.5,0.4975384615384616,-0.5,0.5,1,1
0.654,0.5,0.5089230769230769,-0.5,0.5,1,1
0.654,0.5,0.5203076923076922,-0.5,0.5,1,1
0.654,0.5,0.5316923076923077,-0.5,0.5,1,1
0.654,0.5,0.543076923076923,-0.5,0.5,1,1
0.654,0.5,0.5544615384615383,-0.5,0.5,1,1
0.654,0.5,0.5658461538461537,-0.5,0.5,1,1
0.654,0.5,0.577230769230769,-0.5,0.5,1,1
0.654,0.5,0.5886153846153844,-0.5,0.5,1,1
0.654,0.5,0.5999999999999998,-0.5,0.5,1,1
0.654,0.5,0.6113846153846151,-0.5,0.5,1,1
0.654,0.5,0.6227692307692304,-0.5,0.5,1,1
0.654,0.5,0.6341538461538457,-0.5,0.5,1,1
0.654,0.5,0.6455384615384612,-0.5,0.5,1,1
0.654,0.5,0.6569230769230765,-0.5,0.5,1,1
0.654,0.5,0.6683076923076918,-0.5,0.5,1,1
0.654,0.5,0.6796923076923072,-0.5,0.5,1,1
0.654,0.5,0.6910769230769226,-0.5,0.5,1,1
0.654,0.5,0.7024615384615379,-0.5,0.5,1,1
0.654,0.5,0.7138461538461532,-0.5,0.5,1,1
0.654,0.5,0.7252307692307686,-0.5,0.5,1,1
0.654,0.5,0.7366153846153839,-0.5,0.5,1,1
0.654,0.5,0.7479999999999993,-0.5,0.5,1,1
0.654,0.5,0.7593846153846147,-0.5,0.5,1,1
0.654,0.5,0.77076923076923,-0.5,0.5,1,1
0.654,0.5,0.7821538461538453,-0.5,0.5,1,1
0.654,0.5,0.7935384615384607,-0.5,0.5,1,1
0.654,0.5,0.8049230769230761,-0.5,0.5,1,1
0.654,0.5,0.8163076923076915,-0.5,0.5,1,1
0.654,0.5,0.8276923076923068,-0.5,0.5,1,1
0.654,0.5,0.8390769230769222,-0.5,0.5,1,1
0.654,0.5,0.8504615384615375,-0.5,0.5,1,1
0.654,0.5,0.8618461538461528,-0.5,0.5,1,1
0.654,0.5,0.8732307692307683,-0.5,0.5,1,1
0.654,0.5,0.8846153846153836,-0.5,0.5,1,1
0.654,0.5,0.8959999999999989,-0.5,0.5,1,1
0.64,0.5,0.9073846153846142,-0.5,0.5,1,0
0.626,0.5,0.9187692307692296,-0.5,0.5,1,0
0.612,0.5,0.930153846153845,0.0,0.5,1,0
0.598,0.74,0.634461538461538,0.5,0.4166666666666667,0,0
0.584,0.74,0.6443076923076918,0.5,0.4166666666666667,0,0
0.584,0.74,0.6541538461538456,0.5,0.4166666666666667,0,1
0.584,0.74,0.6639999999999994,0.5,0.4166666666666667,0,1
0.584,0.74,0.6738461538461532,0.5,0.4166666666666667,0,1
0.584,0.74,0.683692307692307,0.5,0.4166666666666667,0,1
0.584,0.74,0.6935384615384609,0.5,0.4166666666666667,0,1
0.584,0.74,0.7033846153846147,0.5,0.4166666666666667,0,1
0.584,0.74,0.7132307692307684,0.5,0.4166666666666667,0,1
0.584,0.74,0.7230769230769223,0.5,0.4166666666666667,0,1
0.584,0.74,0.7329230769230761,0.5,0.4166666666666667,0,1
0.584,0.74,0.74276923076923,0.5,0.4166666666666667,0,1
0.584,0.74,0.7526153846153837,0.5,0.4166666666666667,0,1
0.584,0.74,0.7624615384615375,0.5,0.4166666666666667,0,1
0.584,0.74,0.7723076923076914,0.5,0.4166666666666667,0,1
0.584,0.74,0.7821538461538452,0.5,0.4166666666666667,0,1
0.584,0.74,0.791999999999999,0.5,0.4166666666666667,0,1
0.584,0.74,0.8018461538461529,0.5,0.4166666666666667,0,1
0.584,0.74,0.8116923076923067,0.5,0.4166666666666667,0,1
0.584,0.74,0.8215384615384604,0.5,0.4166666666666667,0,1
0.584,0.74,0.8313846153846143,0.5,0.4166666666666667,0,1
0.584,0.74,0.8412307692307681,0.5,0.4166666666666667,0,1
0.584,0.74,0.851076923076922,0.5,0.4166666666666667,0,1
0.57,0.74,0.8609230769230757,0.5,0.4166666666666667,0,0
0.556,0.74,0.8707692307692295,0.5,0.4166666666666667,0,0
0.542,0.74,0.8806153846153834,0.5,0.4166666666666667,0,0
0.528,0.74,0.8904615384615372,0.5,0.4166666666666667,0,0
0.514,0.74,0.900307692307691,0.5,0.4166666666666667,0,0
0.5,0.74,0.9101538461538448,0.5,0.4166666666666667,0,0
0.486,0.74,0.9199999999999986,0.5,0.4166666666666667,0,0
0.486,0.74,0.9298461538461524,0.5,0.4166666666666667,0,1
0.486,0.74,0.9396923076923063,0.5,0.4166666666666667,0,1
0.486,0.74,0.6369230769230761,0.5,0.5833333333333334,1,1
0.486,0.74,0.6498461538461531,0.5,0.5833333333333334,1,1
0.486,0.74,0.6627692307692299,0.5,0.5833333333333334,1,1
0.486,0.74,0.6756923076923068,0.5,0.5833333333333334,1,1
0.486,0.74,0.6886153846153837,0.5,0.5833333333333334,1,1
0.486,0.74,0.7015384615384606,0.5,0.5833333333333334,1,1
0.486,0.74,0.7144615384615375,0.5,0.5833333333333334,1,1
0.486,0.74,0.7273846153846144,0.5,0.5833333333333334,1,1
0.486,0.74,0.7403076923076912,0.5,0.5833333333333334,1,1
0.486,0.74,0.7532307692307681,0.5,0.5833333333333334,1,1
0.486,0.74,0.766153846153845,0.5,0.5833333333333334,1,1
0.486,0.74,0.7790769230769219,0.5,0.5833333333333334,1,1
0.472,0.74,0.7919999999999989,0.5,0.5833333333333334,1,0
0.458,0.74,0.8049230769230757,0.5,0.5833333333333334,1,0
0.444,0.74,0.8178461538461527,0.5,0.5833333333333334,1,0
0.43,0.74,0.8307692307692296,0.5,0.5833333333333334,1,0
0.416,0.74,0.8436923076923064,0.5,0.5833333333333334,1,0
0.402,0.74,0.8566153846153833,0.5,0.5833333333333334,1,0
0.388,0.74,0.8695384615384603,0.5,0.5833333333333334,1,0
0.388,0.74,0.8824615384615371,0.5,0.5833333333333334,1,1
0.388,0.74,0.895384615384614,0.5,0.5833333333333334,1,1
0.388,0.74,0.9083076923076909,0.5,0.5833333333333334,1,1
0.388,0.74,0.9212307692307677,0.5,0.5833333333333334,1,1
0.388,0.74,0.9341538461538447,0.5,0.5833333333333334,1,1
0.388,0.5,0.5723076923076921,0.0,0.75,1,1
0.388,0.5,0.588307692307692,0.0,0.75,1,1
0.388,0.5,0.604307692307692,0.0,0.75,1,1
0.388,0.5,0.6203076923076919,0.0,0.75,1,1
0.388,0.5,0.6363076923076919,0.0,0.75,1,1
0.388,0.5,0.6523076923076919,0.0,0.75,1,1
0.388,0.5,0.6683076923076918,0.0,0.75,1,1
0.388,0.5,0.6843076923076918,0.0,0.75,1,1
0.388,0.5,0.7003076923076917,0.0,0.75,1,1
0.388,0.5,0.7163076923076918,0.0,0.75,1,1
0.388,0.5,0.7323076923076917,0.0,0.75,1,1
0.388,0.5,0.7483076923076917,0.0,0.75,1,1
0.388,0.5,0.7643076923076916,0.0,0.75,1,1
0.388,0.5,0.7803076923076916,0.0,0.75,1,1
0.374,0.5,0.7963076923076916,0.5,0.75,1,0
0.36,0.5,0.8123076923076916,0.5,0.75,1,0
0.346,0.5,0.8283076923076915,0.5,0.75,1,0
0.332,0.5,0.8443076923076915,0.5,0.75,1,0
0.318,0.5,0.8603076923076916,0.5,0.75,1,0
0.318,0.5,0.8763076923076915,0.5,0.75,1,1
0.318,0.5,0.8923076923076915,0.5,0.75,1,1
0.318,0.5,0.9083076923076914,0.5,0.75,1,1
0.318,0.5,0.9243076923076914,0.5,0.75,1,1
0.318,0.26,0.1430769230769232,0.0,0.75,0,1
0.318,0.26,0.15907692307692323,0.0,0.75,0,1
0.318,0.26,0.1750769230769232,0.0,0.75,0,1
0.318,0.26,0.19107692307692323,0.0,0.75,0,1
0.318,0.26,0.20707692307692324,0.0,0.75,0,1
0.318,0.26,0.22307692307692326,0.0,0.75,0,1
0.318,0.26,0.23907692307692327,0.0,0.75,0,1
0.318,0.26,0.25507692307692326,0.0,0.75,0,1
0.318,0.26,0.27107692307692327,0.0,0.75,0,1
0.318,0.26,0.28761538461538483,0.0,0.75,0,1
0.318,0.26,0.30415384615384633,0.0,0.75,0,1
0.318,0.26,0.3206923076923079,0.0,0.75,0,1
0.318,0.26,0.33723076923076944,0.0,0.75,0,1
0.318,0.26,0.35376923076923095,0.0,0.75,0,1
0.318,0.26,0.3703076923076925,0.0,0.75,0,1
0.332,0.26,0.38684615384615406,0.0,0.75,0,2
0.346,0.26,0.4033846153846156,0.0,0.75,0,2
0.36,0.26,0.4199230769230772,0.0,0.75,0,2
0.374,0.26,0.43646153846153873,0.0,0.75,0,2
0.388,0.26,0.45300000000000024,-0.5,0.75,0,2
0.402,0.26,0.4695384615384618,-0.5,0.75,0,2
0.416,0.26,0.4860769230769233,-0.5,0.75,0,2
0.43,0.26,0.5026153846153849,-0.5,0.75,0,2
0.444,0.26,0.5191538461538464,-0.5,0.75,0,2
0.444,0.26,0.5356923076923079,-0.5,0.75,0,1
0.444,0.26,0.5522307692307695,-0.5,0.75,0,1
0.444,0.26,0.568769230769231,-0.5,0.75,0,1
0.444,0.26,0.5853076923076925,-0.5,0.75,0,1
0.444,0.26,0.6018461538461541,-0.5,0.75,0,1
0.444,0.26,0.6183846153846156,-0.5,0.75,0,1
0.444,0.26,0.6349230769230771,-0.5,0.75,0,1
0.444,0.26,0.6514615384615388,-0.5,0.75,0,1
0.444,0.26,0.6680000000000003,-0.5,0.75,0,1
0.444,0.26,0.6845384615384618,-0.5,0.75,0,1
0.444,0.26,0.7010769230769234,-0.5,0.75,0,1
0.444,0.26,0.7176153846153849,-0.5,0.75,0,1
0.444,0.26,0.7341538461538464,-0.5,0.75,0,1
0.444,0.26,0.750692307692308,-0.5,0.75,0,1
0.444,0.26,0.7672307692307695,-0.5,0.75,0,1
0.444,0.26,0.783769230769231,-0.5,0.75,0,1
0.444,0.26,0.8003076923076925,-0.5,0.75,0,1
0.444,0.26,0.8168461538461541,-0.5,0.75,0,1
0.444,0.26,0.8333846153846156,-0.5,0.75,0,1
0.444,0.26,0.8499230769230771,-0.5,0.75,0,1
0.444,0.26,0.8664615384615387,-0.5,0.75,0,1
0.444,0.26,0.8830000000000002,-0.5,0.75,0,1
0.444,0.26,0.8995384615384617,-0.5,0.75,0,1
0.444,0.26,0.9160769230769233,-0.5,0.75,0,1
0.43,0.26,0.9326153846153848,-0.5,0.75,0,0
0.416,0.5,0.4044615384615386,0.0,0.5,1,0
0.402,0.5,0.4163846153846155,0.0,0.5,1,0
0.388,0.5,0.42830769230769244,0.0,0.5,1,0
0.374,0.5,0.44023076923076937,0.5,0.5,1,0
0.36,0.5,0.4521538461538463,0.5,0.5,1,0
0.346,0.5,0.4640769230769232,0.5,0.5,1,0
0.346,0.5,0.47600000000000015,0.5,0.5,1,1
0.346,0.5,0.48792307692307707,0.5,0.5,1,1
0.346,0.5,0.499846153846154,0.5,0.5,1,1
0.346,0.5,0.5117692307692309,0.5,0.5,1,1
0.346,0.5,0.5236923076923078,0.5,0.5,1,1
0.346,0.5,0.5356153846153847,0.5,0.5,1,1
0.346,0.5,0.5475384615384616,0.5,0.5,1,1
0.346,0.5,0.5594615384615386,0.5,0.5,1,1
0.346,0.5,0.5713846153846155,0.5,0.5,1,1
0.346,0.5,0.5833076923076924,0.5,0.5,1,1
0.346,0.5,0.5952307692307693,0.5,0.5,1,1
0.346,0.5,0.6071538461538463,0.5,0.5,1,1
0.346,0.5,0.6190769230769232,0.5,0.5,1,1
0.346,0.5,0.6310000000000001,0.5,0.5,1,1
0.346,0.5,0.642923076923077,0.5,0.5,1,1
0.346,0.5,0.654846153846154,0.5,0.5,1,1
0.346,0.5,0.6667692307692309,0.5,0.5,1,1
0.346,0.5,0.6786923076923078,0.5,0.5,1,1
0.346,0.5,0.6906153846153847,0.5,0.5,1,1
0.346,0.5,0.7025384615384617,0.5,0.5,1,1
0.346,0.5,0.7144615384615386,0.5,0.5,1,1
0.346,0.5,0.7263846153846155,0.5,0.5,1,1
0.346,0.5,0.7383076923076924,0.5,0.5,1,1
0.346,0.5,0.7502307692307694,0.5,0.5,1,1
0.346,0.5,0.7621538461538463,0.5,0.5,1,1
0.346,0.5,0.7740769230769232,0.5,0.5,1,1
0.346,0.5,0.7860000000000001,0.5,0.5,1,1
0.346,0.5,0.7979230769230771,0.5,0.5,1,1
0.346,0.5,0.809846153846154,0.5,0.5,1,1
0.346,0.5,0.8217692307692309,0.5,0.5,1,1
0.346,0.5,0.8336923076923078,0.5,0.5,1,1
0.346,0.5,0.8456153846153848,0.5,0.5,1,1
0.346,0.5,0.8575384615384617,0.5,0.5,1,1
0.346,0.5,0.8694615384615386,0.5,0.5,1,1
0.346,0.5,0.8813846153846155,0.5,0.5,1,1
0.346,0.5,0.8933076923076925,0.5,0.5,1,1
0.346,0.5,0.9052307692307694,0.5,0.5,1,1
0.346,0.5,0.9171538461538463,0.5,0.5,1,1
0.346,0.5,0.9290769230769232,0.5,0.5,1,1
0.346,0.5,0.6746153846153846,0.5,0.6666666666666666,1,1
0.346,0.5,0.6896153846153846,0.5,0.6666666666666666,1,1
0.346,0.5,0.7046153846153846,0.5,0.6666666666666666,1,1
0.346,0.5,0.7196153846153847,0.5,0.6666666666666666,1,1
0.346,0.5,0.7346153846153847,0.5,0.6666666666666666,1,1
0.346,0.5,0.7496153846153846,0.5,0.6666666666666666,1,1
0.346,0.5,0.7646153846153846,0.5,0.6666666666666666,1,1
0.346,0.5,0.7796153846153846,0.5,0.6666666666666666,1,1
0.346,0.5,0.7946153846153846,0.5,0.6666666666666666,1,1
0.346,0.5,0.8096153846153846,0.5,0.6666666666666666,1,1
0.346,0.5,0.8246153846153846,0.5,0.6666666666666666,1,1
0.346,0.5,0.8396153846153847,0.5,0.6666666666666666,1,1
0.346,0.5,0.8546153846153847,0.5,0.6666666666666666,1,1
0.346,0.5,0.8696153846153846,0.5,0.6666666666666666,1,1
0.346,0.5,0.8846153846153846,0.5,0.6666666666666666,1,1
0.346,0.5,0.8996153846153846,0.5,0.6666666666666666,1,1
0.346,0.5,0.9146153846153846,0.5,0.6666666666666666,1,1
0.346,0.5,0.9296153846153846,0.5,0.6666666666666666,1,1
0.346,0.5,0.4430769230769231,0.5,0.75,0,1
0.346,0.5,0.4596153846153846,0.5,0.75,0,1
0.346,0.5,0.47615384615384615,0.5,0.75,0,1
0.346,0.5,0.4926923076923077,0.5,0.75,0,1
0.346,0.5,0.5092307692307693,0.5,0.75,0,1
0.346,0.5,0.5257692307692308,0.5,0.75,0,1
0.346,0.5,0.5423076923076923,0.5,0.75,0,1
0.346,0.5,0.5588461538461539,0.5,0.75,0,1
0.346,0.5,0.5753846153846154,0.5,0.75,0,1
0.346,0.5,0.5919230769230769,0.5,0.75,0,1
0.346,0.5,0.6084615384615385,0.5,0.75,0,1
0.346,0.5,0.625,0.5,0.75,0,1
0.346,0.5,0.6415384615384615,0.5,0.75,0,1
0.346,0.5,0.6580769230769231,0.5,0.75,0,1
0.346,0.5,0.6746153846153846,0.5,0.75,0,1
0.346,0.5,0.6911538461538461,0.5,0.75,0,1
0.346,0.5,0.7076923076923077,0.5,0.75,0,1
0.346,0.5,0.7242307692307692,0.5,0.75,0,1
0.346,0.5,0.7407692307692307,0.5,0.75,0,1
0.346,0.5,0.7573076923076923,0.5,0.75,0,1
0.346,0.5,0.7738461538461539,0.5,0.75,0,1
0.346,0.5,0.7903846153846154,0.5,0.75,0,1
0.346,0.5,0.806923076923077,0.5,0.75,0,1
0.346,0.5,0.8234615384615385,0.5,0.75,0,1
0.346,0.5,0.84,0.5,0.75,0,1
0.346,0.5,0.8565384615384616,0.5,0.75,0,1
0.346,0.5,0.8730769230769231,0.5,0.75,0,1
0.346,0.5,0.8896153846153846,0.5,0.75,0,1
0.346,0.5,0.9061538461538462,0.5,0.75,0,1
0.346,0.5,0.9226923076923077,0.5,0.75,0,1
0.346,0.5,0.9392307692307692,0.5,0.75,0,1
0.346,0.5,-0.02846153846153846,0.5,0.4166666666666667,0,1
0.346,0.5,-0.018076923076923077,0.5,0.4166666666666667,0,1
0.346,0.5,-0.007692307692307693,0.5,0.4166666666666667,0,1
0.346,0.5,0.002692307692307692,0.5,0.4166666666666667,0,1
0.346,0.5,0.013076923076923076,0.5,0.4166666666666667,0,1
0.346,0.5,0.02346153846153846,0.5,0.4166666666666667,0,1
0.346,0.5,0.033846153846153845,0.5,0.4166666666666667,0,1
0.346,0.5,0.04423076923076923,0.5,0.4166666666666667,0,1
0.346,0.5,0.054615384615384614,0.5,0.4166666666666667,0,1
0.346,0.5,0.065,0.5,0.4166666666666667,0,1
0.346,0.5,0.07538461538461538,0.5,0.4166666666666667,0,1
0.346,0.5,0.08576923076923076,0.5,0.4166666666666667,0,1
0.346,0.5,0.09615384615384616,0.5,0.4166666666666667,0,1
0.346,0.5,0.10653846153846154,0.5,0.4166666666666667,0,1
0.346,0.5,0.11692307692307692,0.5,0.4166666666666667,0,1
0.346,0.5,0.12730769230769232,0.5,0.4166666666666667,0,1
0.36,0.5,0.1376923076923077,0.5,0.4166666666666667,0,2
0.374,0.5,0.14807692307692308,0.5,0.4166666666666667,0,2
0.388,0.5,0.15846153846153846,0.0,0.4166666666666667,0,2
0.402,0.5,0.16884615384615384,0.0,0.4166666666666667,0,2
0.416,0.5,0.17923076923076922,0.0,0.4166666666666667,0,2
0.43,0.5,0.1896153846153846,0.0,0.4166666666666667,0,2
0.444,0.5,0.2,0.0,0.4166666666666667,0,2
0.458,0.5,0.2103846153846154,0.0,0.4166666666666667,0,2
0.472,0.5,0.22076923076923077,0.0,0.4166666666666667,0,2
0.472,0.26,0.23384615384615384,-0.5,0.5833333333333334,0,1
0.472,0.26,0.2473076923076923,-0.5,0.5833333333333334,0,1
0.472,0.26,0.26076923076923075,-0.5,0.5833333333333334,0,1
0.472,0.26,0.2742307692307692,-0.5,0.5833333333333334,0,1
0.472,0.26,0.2876923076923077,-0.5,0.5833333333333334,0,1
0.472,0.26,0.30115384615384616,-0.5,0.5833333333333334,0,1
0.472,0.26,0.31461538461538463,-0.5,0.5833333333333334,0,1
0.472,0.26,0.3280769230769231,-0.5,0.5833333333333334,0,1
0.472,0.26,0.3415384615384615,-0.5,0.5833333333333334,0,1
0.472,0.26,0.355,-0.5,0.5833333333333334,0,1
0.472,0.26,0.36846153846153845,-0.5,0.5833333333333334,0,1
0.458,0.26,0.3819230769230769,-0.5,0.5833333333333334,0,0
0.444,0.26,0.3953846153846154,-0.5,0.5833333333333334,0,0
0.43,0.26,0.40884615384615386,-0.5,0.5833333333333334,0,0
0.416,0.26,0.42230769230769233,-0.5,0.5833333333333334,0,0
0.416,0.26,0.43576923076923074,-0.5,0.5833333333333334,0,1
0.416,0.26,0.4492307692307692,-0.5,0.5833333333333334,0,1
0.416,0.26,0.4626923076923077,-0.5,0.5833333333333334,0,1
0.416,0.26,0.47615384615384615,-0.5,0.5833333333333334,0,1
0.416,0.26,0.4896153846153846,-0.5,0.5833333333333334,0,1
0.416,0.26,0.5030769230769231,-0.5,0.5833333333333334,0,1
0.416,0.26,0.5165384615384615,-0.5,0.5833333333333334,0,1
0.416,0.26,0.53,-0.5,0.5833333333333334,0,1
0.416,0.26,0.5434615384615384,-0.5,0.5833333333333334,0,1
0.416,0.26,0.556923076923077,-0.5,0.5833333333333334,0,1
0.416,0.26,0.5703846153846154,-0.5,0.5833333333333334,0,1
0.416,0.26,0.5838461538461538,-0.5,0.5833333333333334,0,1
0.416,0.26,0.5973076923076923,-0.5,0.5833333333333334,0,1
0.416,0.26,0.6107692307692307,-0.5,0.5833333333333334,0,1
0.402,0.26,0.6242307692307693,-0.5,0.5833333333333334,0,0
0.388,0.26,0.6376923076923077,-0.5,0.5833333333333334,0,0
0.374,0.26,0.6511538461538462,0.0,0.5833333333333334,0,0
0.374,0.26,0.6646153846153846,0.0,0.5833333333333334,0,1
0.374,0.26,0.678076923076923,0.0,0.5833333333333334,0,1
0.374,0.26,0.6915384615384615,0.0,0.5833333333333334,0,1
0.374,0.26,0.705,0.0,0.5833333333333334,0,1
0.374,0.26,0.7184615384615385,0.0,0.5833333333333334,0,1
0.374,0.26,0.7319230769230769,0.0,0.5833333333333334,0,1
0.374,0.26,0.7453846153846154,0.0,0.5833333333333334,0,1
0.374,0.26,0.7588461538461538,0.0,0.5833333333333334,0,1
0.374,0.26,0.7723076923076924,0.0,0.5833333333333334,0,1
0.374,0.26,0.7857692307692308,0.0,0.5833333333333334,0,1
0.374,0.26,0.7992307692307692,0.0,0.5833333333333334,0,1
0.374,0.26,0.8126923076923077,0.0,0.5833333333333334,0,1
0.374,0.26,0.8261538461538461,0.0,0.5833333333333334,0,1
0.374,0.26,0.8396153846153847,0.0,0.5833333333333334,0,1
0.374,0.26,0.8530769230769231,0.0,0.5833333333333334,0,1
0.374,0.26,0.8665384615384616,0.0,0.5833333333333334,0,1
0.374,0.26,0.88,0.0,0.5833333333333334,0,1
0.374,0.26,0.8934615384615384,0.0,0.5833333333333334,0,1
0.374,0.26,0.9069230769230769,0.0,0.5833333333333334,0,1
0.374,0.26,0.9203846153846154,0.0,0.5833333333333334,0,1
0.374,0.26,0.9338461538461539,0.0,0.5833333333333334,0,1
0.374,0.5,0.7815384615384615,0.5,0.4166666666666667,0,1
0.374,0.5,0.791923076923077,0.5,0.4166666666666667,0,1
0.374,0.5,0.8023076923076923,0.5,0.4166666666666667,0,1
0.374,0.5,0.8126923076923077,0.5,0.4166666666666667,0,1
0.374,0.5,0.823076923076923,0.5,0.4166666666666667,0,1
0.374,0.5,0.8334615384615385,0.5,0.4166666666666667,0,1
0.374,0.5,0.8438461538461538,0.5,0.4166666666666667,0,1
0.374,0.5,0.8542307692307692,0.5,0.4166666666666667,0,1
0.374,0.5,0.8646153846153846,0.5,0.4166666666666667,0,1
0.374,0.5,0.875,0.5,0.4166666666666667,0,1
0.374,0.5,0.8853846153846154,0.5,0.4166666666666667,0,1
0.374,0.5,0.8957692307692308,0.5,0.4166666666666667,0,1
0.374,0.5,0.9061538461538462,0.5,0.4166666666666667,0,1
0.374,0.5,0.9165384615384615,0.5,0.4166666666666667,0,1
0.374,0.74,0.9288461538461539,1.0,0.6666666666666666,1,1
0.374,0.5,0.9373076923076923,0.5,0.4166666666666667,0,1
0.374,0.74,-0.035,1.0,0.75,1,1
0.374,0.74,-0.018461538461538463,1.0,0.75,1,1
0.374,0.74,-0.0019230769230769232,1.0,0.75,1,1
0.374,0.74,0.014615384615384615,1.0,0.75,1,1
0.374,0.74,0.031153846153846153,1.0,0.75,1,1
0.374,0.74,0.047692307692307694,1.0,0.75,1,1
0.374,0.74,0.06423076923076923,1.0,0.75,1,1
0.374,0.74,0.08076923076923077,1.0,0.75,1,1
0.374,0.74,0.0973076923076923,1.0,0.75,1,1
0.374,0.74,0.11384615384615385,1.0,0.75,1,1
0.374,0.74,0.13038461538461538,1.0,0.75,1,1
0.374,0.74,0.14692307692307693,1.0,0.75,1,1
0.374,0.74,0.16346153846153846,1.0,0.75,1,1
0.374,0.74,0.18,1.0,0.75,1,1
0.388,0.74,0.19653846153846155,0.5,0.75,1,2
0.402,0.74,0.21307692307692308,0.5,0.75,1,2
0.416,0.74,0.2296153846153846,0.5,0.75,1,2
0.43,0.74,0.24615384615384617,0.5,0.75,1,2
0.444,0.74,0.26269230769230767,0.5,0.75,1,2
0.458,0.74,0.2792307692307692,0.5,0.75,1,2
0.472,0.74,0.2957692307692308,0.5,0.75,1,2
0.486,0.74,0.3123076923076923,0.5,0.75,1,2
0.5,0.74,0.32884615384615384,0.5,0.75,1,2
0.5,0.74,0.3453846153846154,0.5,0.75,1,1
0.5,0.74,0.3619230769230769,0.5,0.75,1,1
0.5,0.74,0.37846153846153846,0.5,0.75,1,1
0.5,0.74,0.395,0.5,0.75,1,1
0.5,0.74,0.4115384615384615,0.5,0.75,1,1
0.5,0.74,0.4280769230769231,0.5,0.75,1,1
0.5,0.74,0.44461538461538463,0.5,0.75,1,1
0.5,0.74,0.46115384615384614,0.5,0.75,1,1
0.5,0.74,0.4776923076923077,0.5,0.75,1,1
0.5,0.74,0.49423076923076925,0.5,0.75,1,1
0.514,0.74,0.5107692307692308,0.5,0.75,1,2
0.528,0.74,0.5273076923076923,0.5,0.75,1,2
0.542,0.74,0.5438461538461539,0.5,0.75,1,2
0.556,0.74,0.5603846153846154,0.5,0.75,1,2
0.57,0.74,0.5769230769230769,0.5,0.75,1,2
0.584,0.74,0.5934615384615385,0.5,0.75,1,2
0.598,0.74,0.61,0.5,0.75,1,2
0.612,0.74,0.6265384615384615,0.5,0.75,1,2
0.626,0.74,0.6430769230769231,0.0,0.75,1,2
0.64,0.74,0.6596153846153846,0.0,0.75,1,2
0.654,0.74,0.6761538461538461,0.0,0.75,1,2
0.668,0.74,0.6926923076923077,0.0,0.75,1,2
0.682,0.74,0.7092307692307692,0.0,0.75,1,2
0.696,0.74,0.7257692307692307,0.0,0.75,1,2
0.71,0.74,0.7423076923076923,0.0,0.75,1,2
0.71,0.74,0.7588461538461538,0.0,0.75,1,1
0.71,0.74,0.7753846153846153,0.0,0.75,1,1
